fight_key,event,event_date,bout,fighter_a,fighter_b,winner,method,winner_is_a,weight_class,scheduled_seconds,duration_seconds,a_prior_bouts,a_win_rate,a_finish_win_rate,a_ko_win_rate,a_sub_win_rate,a_ko_loss_rate,a_sub_loss_rate,a_kd_for_per15,a_kd_against_per15,a_sig_landed_per_min,a_sig_absorbed_per_min,a_sig_accuracy,a_sig_defense,a_ground_for_per15,a_ground_against_per15,a_td_landed_per15,a_td_attempts_per15,a_td_accuracy,a_td_defense,a_sub_att_per15,a_sub_att_against_per15,a_ctrl_for_per15,a_ctrl_against_per15,a_r3_retention,a_recent5_win_rate,a_recent5_finish_rate,a_recent5_sig_diff_per_min,a_recent5_kd_for_per15,a_recent5_td_landed_per15,a_recent5_sub_att_per15,a_days_since_last,a_age_years,a_height_inches,a_reach_inches,a_southpaw,b_prior_bouts,b_win_rate,b_finish_win_rate,b_ko_win_rate,b_sub_win_rate,b_ko_loss_rate,b_sub_loss_rate,b_kd_for_per15,b_kd_against_per15,b_sig_landed_per_min,b_sig_absorbed_per_min,b_sig_accuracy,b_sig_defense,b_ground_for_per15,b_ground_against_per15,b_td_landed_per15,b_td_attempts_per15,b_td_accuracy,b_td_defense,b_sub_att_per15,b_sub_att_against_per15,b_ctrl_for_per15,b_ctrl_against_per15,b_r3_retention,b_recent5_win_rate,b_recent5_finish_rate,b_recent5_sig_diff_per_min,b_recent5_kd_for_per15,b_recent5_td_landed_per15,b_recent5_sub_att_per15,b_days_since_last,b_age_years,b_height_inches,b_reach_inches,b_southpaw,diff_prior_bouts,diff_win_rate,diff_finish_win_rate,diff_ko_win_rate,diff_sub_win_rate,diff_ko_loss_rate,diff_sub_loss_rate,diff_kd_for_per15,diff_kd_against_per15,diff_sig_landed_per_min,diff_sig_absorbed_per_min,diff_sig_accuracy,diff_sig_defense,diff_ground_for_per15,diff_ground_against_per15,diff_td_landed_per15,diff_td_attempts_per15,diff_td_accuracy,diff_td_defense,diff_sub_att_per15,diff_sub_att_against_per15,diff_ctrl_for_per15,diff_ctrl_against_per15,diff_r3_retention,diff_recent5_win_rate,diff_recent5_finish_rate,diff_recent5_sig_diff_per_min,diff_recent5_kd_for_per15,diff_recent5_td_landed_per15,diff_recent5_sub_att_per15,diff_age_years,diff_height_inches,diff_reach_inches,scheduled_five_round,is_heavyweight,is_womens,same_stance
2026-08-08|Amanda Lemos vs. Alexia Thainara,UFC Fight Night: Gamrot vs. Salkilld,2026-08-08T00:00:00+00:00,Amanda Lemos vs. Alexia Thainara,Amanda Lemos,Alexia Thainara,Alexia Thainara,DEC,0,Women's Strawweight Bout,900,900.0,15.0,0.6,0.3333333333333333,0.2,0.13333333333333333,0.06666666666666667,0.13333333333333333,0.5571030640668524,0.09285051067780872,2.7545651501083253,3.01454658000619,0.5534825870646766,0.4534231200897868,7.3351903435468895,10.21355617455896,1.021355617455896,1.5784586815227484,0.6470588235294118,0.6304347826086957,0.7428040854224698,0.46425255338904364,155.71030640668522,369.63788300835654,0.7594183087451426,0.4,0.0,0.8739255014326647,0.2148997134670487,1.2893982808022921,0.6446991404011461,147.0,39.2150420610964,64.0,65.0,1.0,3.0,1.0,0.3333333333333333,0.0,0.3333333333333333,0.0,0.0,0.0,0.0,3.7065637065637067,2.200772200772201,0.460431654676259,0.4492753623188406,10.85907335907336,2.171814671814672,5.212355212355212,9.99034749034749,0.5217391304347826,1.0,2.171814671814672,0.0,599.4208494208494,4.777992277992277,0.5449999999999999,1.0,0.3333333333333333,1.5057915057915057,0.0,5.212355212355212,2.171814671814672,133.0,30.71657871140407,64.0,67.0,0.0,12.0,-0.4,0.0,0.2,-0.19999999999999998,0.06666666666666667,0.13333333333333333,0.5571030640668524,0.09285051067780872,-0.9519985564553815,0.8137743792339891,0.09305093238841755,0.0041477577709462254,-3.5238830155264704,8.041741502744287,-4.190999594899316,-8.411888808824742,0.1253196930946292,-0.3695652173913043,-1.429010586392202,0.46425255338904364,-443.7105430141642,364.85989073036427,0.21441830874514267,-0.6,-0.3333333333333333,-0.631866004358841,0.2148997134670487,-3.9229569315529202,-1.5271155314135259,8.49846334969233,0.0,-2.0,0.0,0.0,1.0,0.0
2026-08-08|Billy Ray Goff vs. Ty Miller,UFC Fight Night: Gamrot vs. Salkilld,2026-08-08T00:00:00+00:00,Billy Ray Goff vs. Ty Miller,Billy Ray Goff,Ty Miller,Ty Miller,KO,0,Welterweight Bout,900,615.0,3.0,0.3333333333333333,0.3333333333333333,0.3333333333333333,0.0,0.0,0.3333333333333333,0.6792452830188679,0.0,7.109433962264151,5.162264150943397,0.4658753709198813,0.5913978494623655,1.3584905660377358,0.0,0.6792452830188679,9.509433962264152,0.07142857142857142,0.5,0.0,1.3584905660377358,210.56603773584905,69.28301886792453,,0.3333333333333333,0.3333333333333333,1.947169811320755,0.6792452830188679,0.6792452830188679,0.0,434.0,28.14020821782788,70.0,72.0,0.0,1.0,1.0,1.0,1.0,0.0,0.0,0.0,3.0100334448160533,0.0,11.839464882943144,7.224080267558529,0.48760330578512395,0.5068493150684932,3.0100334448160533,0.0,0.0,0.0,,1.0,0.0,0.0,9.03010033444816,0.0,,1.0,1.0,4.615384615384616,3.0100334448160533,0.0,0.0,196.0,26.17712889381712,74.0,77.0,0.0,2.0,-0.6666666666666667,-0.6666666666666667,-0.6666666666666667,0.0,0.0,0.3333333333333333,-2.3307881617971855,0.0,-4.730030920678993,-2.061816116615132,-0.02172793486524266,0.08454853439387233,-1.6515428787783175,0.0,0.6792452830188679,9.509433962264152,,-0.5,0.0,1.3584905660377358,201.5359374014009,69.28301886792453,,-0.6666666666666667,-0.6666666666666667,-2.6682148040638607,-2.3307881617971855,0.6792452830188679,0.0,1.96307932401076,-4.0,-5.0,0.0,0.0,0.0,0.0
2026-08-08|Darren Elkins vs. Yadier del Valle,UFC Fight Night: Gamrot vs. Salkilld,2026-08-08T00:00:00+00:00,Darren Elkins vs. Yadier del Valle,Darren Elkins,Yadier del Valle,Yadier del Valle,KO,0,Featherweight Bout,900,35.0,30.0,0.6333333333333333,0.23333333333333334,0.13333333333333333,0.1,0.13333333333333333,0.03333333333333333,0.08559608160159779,0.25678824480479334,3.395311236863379,3.3353939797422605,0.38436692506459946,0.5118997912317328,11.25588473061011,7.960435588948595,2.867468733653526,8.431214037757382,0.3401015228426396,0.5614035087719298,1.0699510200199724,0.8559608160159778,331.34243187978507,138.06647962337723,1.3936453655677528,0.6,0.2,-1.3142239048134128,0.0,3.8939967550027044,0.730124391563007,483.0,42.22947767579074,70.0,71.0,0.0,3.0,0.6666666666666666,0.6666666666666666,0.0,0.6666666666666666,0.0,0.0,0.0,0.0,1.0656370656370655,0.9266409266409267,0.41818181818181815,0.6428571428571428,5.559845559845559,3.474903474903475,0.6949806949806949,0.6949806949806949,1.0,0.5555555555555556,2.7799227799227797,0.0,273.82239382239385,342.6254826254826,,0.6666666666666666,0.6666666666666666,0.138996138996139,0.0,0.6949806949806949,2.7799227799227797,168.0,30.02662614564296,69.0,69.0,1.0,27.0,-0.033333333333333326,-0.4333333333333333,0.13333333333333333,-0.5666666666666667,0.13333333333333333,0.03333333333333333,0.08559608160159779,0.25678824480479334,2.329674171226314,2.408753053101334,-0.03381489311721869,-0.13095735162541,5.69603917076455,4.48553211404512,2.172488038672831,7.736233342776687,-0.6598984771573604,0.005847953216374213,-1.7099717599028073,0.8559608160159778,57.52003805739122,-204.55900300210538,,-0.06666666666666665,-0.4666666666666666,-1.4532200438095517,0.0,3.1990160600220094,-2.049798388359773,12.202851530147779,1.0,2.0,0.0,0.0,0.0,0.0
2026-08-08|Diego Ferreira vs. Billy Quarantillo,UFC Fight Night: Gamrot vs. Salkilld,2026-08-08T00:00:00+00:00,Diego Ferreira vs. Billy Quarantillo,Diego Ferreira,Billy Quarantillo,Diego Ferreira,DEC,1,Lightweight Bout,900,900.0,17.0,0.5882352941176471,0.4117647058823529,0.29411764705882354,0.11764705882352941,0.23529411764705882,0.0,0.2725345715150903,0.3633794286867871,4.699707277682447,3.458160896335924,0.39774474628395695,0.5590733590733591,11.2647622892904,9.629554860199859,0.817603714545271,2.7253457151509037,0.3,0.5789473684210527,0.5450691430301806,0.0,105.65256889068336,217.0283637831836,1.4427336669349478,0.4,0.4,1.0763996288277142,0.2783792143519951,0.8351376430559851,0.0,329.0,41.55321464506458,69.0,74.0,0.0,11.0,0.5454545454545454,0.36363636363636365,0.2727272727272727,0.09090909090909091,0.18181818181818182,0.09090909090909091,0.24463169339494428,0.3669475400924164,7.037238379994564,5.871160641478663,0.5220810647307925,0.430379746835443,17.368850231041044,6.2381081815710795,1.5901060070671378,6.2381081815710795,0.2549019607843137,0.6136363636363636,1.1008426202772494,0.48926338678988857,243.1639032345746,239.24979614025548,1.2632718075922278,0.4,0.2,0.9879253567508233,0.0,1.646542261251372,0.3293084522502744,602.0,37.665386695140896,70.0,70.0,0.0,6.0,0.042780748663101664,0.048128342245989275,0.021390374331550832,0.0267379679144385,0.053475935828877,-0.09090909090909091,0.027902878120146024,-0.0035681114056293484,-2.3375311023121172,-2.4129997451427387,-0.12433631844683557,0.1286936122379161,-6.1040879417506435,3.391446678628779,-0.7725022925218668,-3.5127624664201758,0.04509803921568628,-0.03468899521531099,-0.5557734772470688,-0.48926338678988857,-137.51133434389124,-22.221432357071876,0.17946185934271996,0.0,0.2,0.08847427207689096,0.2783792143519951,-0.8114046181953869,-0.3293084522502744,3.8878279499236825,-1.0,4.0,0.0,0.0,0.0,1.0
2026-08-08|Diyar Nurgozhay vs. Bruno Lopes,UFC Fight Night: Gamrot vs. Salkilld,2026-08-08T00:00:00+00:00,Diyar Nurgozhay vs. Bruno Lopes,Diyar Nurgozhay,Bruno Lopes,Diyar Nurgozhay,KO,1,Light Heavyweight Bout,900,299.0,3.0,0.3333333333333333,0.0,0.0,0.0,0.0,0.6666666666666666,0.0,1.2388162422573985,4.872677219545767,2.8492773571920162,0.6113989637305699,0.5892857142857143,4.955264969029594,5.574673090158294,1.8582243633860978,2.477632484514797,0.75,0.7777777777777778,0.0,2.477632484514797,96.00825877494837,145.56090846524432,,0.3333333333333333,0.0,2.0233998623537506,0.0,1.8582243633860978,0.0,154.0,29.29560497477703,74.0,74.0,1.0,3.0,0.3333333333333333,0.0,0.0,0.0,0.6666666666666666,0.0,0.0,1.157556270096463,2.469453376205788,4.282958199356914,0.4507042253521127,0.48372093023255813,1.7363344051446945,10.418006430868166,2.8938906752411575,12.733118971061094,0.22727272727272727,1.0,0.0,0.0,358.2636655948553,78.13504823151126,,0.3333333333333333,0.0,-1.8135048231511255,0.0,2.8938906752411575,0.0,133.0,33.290211297973265,74.0,74.0,0.0,0.0,0.0,0.0,0.0,0.0,-0.6666666666666666,0.6666666666666666,0.0,0.0812599721609355,2.403223843339979,-1.4336808421648977,0.1606947383784572,0.10556478405315617,3.2189305638848995,-4.843333340709872,-1.0356663118550598,-10.255486486546296,0.5227272727272727,-0.2222222222222222,0.0,2.477632484514797,-262.2554068199069,67.42586023373306,,0.0,0.0,3.836904685504876,0.0,-1.0356663118550598,0.0,-3.9946063231962334,0.0,0.0,0.0,0.0,0.0,0.0
2026-08-08|Gigi Canuto vs. Carol Foro,UFC Fight Night: Gamrot vs. Salkilld,2026-08-08T00:00:00+00:00,Gigi Canuto vs. Carol Foro,Gigi Canuto,Carol Foro,Carol Foro,DEC,0,Women's Strawweight Bout,900,900.0,0.0,,,,,,,,,,,,,,,,,,,,,,,,,,,,,,,23.726702122562408,,,0.0,0.0,,,,,,,,,,,,,,,,,,,,,,,,,,,,,,,29.383217999000664,62.0,61.0,0.0,0.0,,,,,,,,,,,,,,,,,,,,,,,,,,,,,,-5.656515876438256,,,0.0,0.0,1.0,1.0
2026-08-08|Juliana Miller vs. Ravena Oliveira,UFC Fight Night: Gamrot vs. Salkilld,2026-08-08T00:00:00+00:00,Juliana Miller vs. Ravena Oliveira,Juliana Miller,Ravena Oliveira,Juliana Miller,SUB,1,Women's Flyweight Bout,900,398.0,5.0,0.4,0.2,0.2,0.0,0.2,0.0,0.0,0.0,2.650345928685471,4.135178286322512,0.39903846153846156,0.44658119658119655,7.424161788185205,6.4662054284193715,2.155401809473124,7.424161788185205,0.2903225806451613,0.4444444444444444,1.197445449707291,0.0,334.3267695582757,189.6753592336349,1.1344158040727965,0.4,0.2,-1.484832357637041,0.0,2.155401809473124,1.197445449707291,168.0,30.25387242722301,67.0,66.0,0.0,3.0,0.0,0.0,0.0,0.0,0.3333333333333333,0.3333333333333333,0.0,0.0,1.905227161700049,3.7225207620908645,0.3037383177570093,0.4641350210970464,0.0,6.595017098192477,0.8793356130923302,1.7586712261846604,0.5,0.46153846153846156,0.0,0.4396678065461651,146.84904738641916,273.4733756717147,0.6047032474804032,0.0,0.0,-1.8172936003908158,0.0,0.8793356130923302,0.0,140.0,29.46261730220333,65.0,65.0,0.0,2.0,0.4,0.2,0.2,0.0,-0.1333333333333333,-0.3333333333333333,0.0,0.0,0.745118766985422,0.4126575242316477,0.09530014378145224,-0.01755382451584986,7.424161788185205,-0.1288116697731052,1.2760661963807938,5.665490562000544,-0.2096774193548387,-0.017094017094017144,1.197445449707291,-0.4396678065461651,187.47772217185656,-83.79801643807977,0.5297125565923934,0.4,0.2,0.33246124275377475,0.0,1.2760661963807938,1.197445449707291,0.7912551250196778,2.0,1.0,0.0,0.0,1.0,1.0
2026-08-08|Louie Sutherland vs. Jose Montanha,UFC Fight Night: Gamrot vs. Salkilld,2026-08-08T00:00:00+00:00,Louie Sutherland vs. Jose Montanha,Louie Sutherland,Jose Montanha,Jose Montanha,SUB,0,Heavyweight Bout,900,110.0,3.0,0.3333333333333333,0.0,0.0,0.0,0.3333333333333333,0.3333333333333333,0.0,0.0,1.8131868131868132,2.032967032967033,0.6875,0.30188679245283023,8.241758241758243,9.065934065934066,4.945054945054945,11.538461538461538,0.42857142857142855,0.0,0.0,0.8241758241758241,614.0109890109891,75.82417582417582,,0.3333333333333333,0.0,-0.21978021978021978,0.0,4.945054945054945,0.0,98.0,32.496218265946595,75.0,76.0,0.0,0.0,,,,,,,,,,,,,,,,,,,,,,,,,,,,,,,29.952702656454274,,,0.0,3.0,,,,,,,,,,,,,,,,,,,,,,,,,,,,,,2.543515609492321,,,0.0,1.0,0.0,0.0
2026-08-08|Manoel Sousa vs. Richie Miranda,UFC Fight Night: Gamrot vs. Salkilld,2026-08-08T00:00:00+00:00,Manoel Sousa vs. Richie Miranda,Manoel Sousa,Richie Miranda,Manoel Sousa,DEC,1,Lightweight Bout,900,900.0,1.0,1.0,1.0,1.0,0.0,0.0,0.0,2.112676056338028,0.0,5.0,5.915492957746478,0.39664804469273746,0.5058823529411764,1.056338028169014,5.28169014084507,0.0,3.1690140845070425,0.0,0.5,1.056338028169014,0.0,72.88732394366197,214.43661971830986,,1.0,1.0,-0.9154929577464789,2.112676056338028,0.0,1.056338028169014,147.0,29.177874973476527,69.0,70.0,0.0,0.0,,,,,,,,,,,,,,,,,,,,,,,,,,,,,,,31.98970546965372,,,1.0,1.0,,,,,,,,,,,,,,,,,,,,,,,,,,,,,,-2.811830496177194,,,0.0,0.0,0.0,0.0
2026-08-08|Mateusz Gamrot vs. Quillan Salkilld,UFC Fight Night: Gamrot vs. Salkilld,2026-08-08T00:00:00+00:00,Mateusz Gamrot vs. Quillan Salkilld,Mateusz Gamrot,Quillan Salkilld,Quillan Salkilld,SUB,0,Lightweight Bout,1500,265.0,13.0,0.6923076923076923,0.38461538461538464,0.23076923076923078,0.15384615384615385,0.0,0.07692307692307693,0.09674298613350532,0.4837149306675266,3.2118671396323766,2.805546597871654,0.515527950310559,0.6009174311926606,8.803611738148984,3.289261528539181,5.224121251209287,13.544018058690744,0.38571428571428573,0.8333333333333334,0.19348597226701064,0.09674298613350532,291.19638826185104,48.951950983553694,1.549027895181741,0.6,0.2,1.3200965924335928,0.0,6.519989267507379,0.24148108398175475,119.0,35.658500859018325,70.0,70.0,1.0,5.0,1.0,0.8,0.6,0.2,0.0,0.0,1.8493150684931505,0.0,4.767123287671233,2.2602739726027394,0.5979381443298969,0.47619047619047616,10.479452054794521,3.0821917808219177,6.164383561643835,19.726027397260275,0.3125,0.75,0.6164383561643836,0.0,317.4657534246576,218.21917808219177,,1.0,0.8,2.5068493150684934,1.8493150684931505,6.164383561643835,0.6164383561643836,98.0,26.612456107928292,72.0,75.0,0.0,8.0,-0.3076923076923077,-0.4153846153846154,-0.3692307692307692,-0.046153846153846156,0.0,0.07692307692307693,-1.7525720823596451,0.4837149306675266,-1.5552561480388567,0.5452726252689146,-0.08241019401933791,0.12472695500218445,-1.6758403166455373,0.20706974771726339,-0.940262310434548,-6.1820093385695305,0.07321428571428573,0.08333333333333337,-0.42295238389737294,0.09674298613350532,-26.269365162806537,-169.26722709863807,,-0.4,-0.6000000000000001,-1.1867527226349006,-1.8493150684931505,0.35560570586354334,-0.37495727218262886,9.046044751090033,-2.0,-5.0,1.0,0.0,0.0,0.0
2026-08-08|Miles Johns vs. Gianni Vazquez,UFC Fight Night: Gamrot vs. Salkilld,2026-08-08T00:00:00+00:00,Miles Johns vs. Gianni Vazquez,Miles Johns,Gianni Vazquez,Miles Johns,KO,1,Featherweight Bout,900,189.0,11.0,0.5454545454545454,0.18181818181818182,0.18181818181818182,0.0,0.09090909090909091,0.18181818181818182,0.21154072158890586,0.21154072158890586,3.2506757550828533,2.9756728170172755,0.4308411214953271,0.674884437596302,0.5288518039722646,1.3750146903278881,0.9519332471500763,4.548125514161476,0.20930232558139536,0.7878787878787878,0.0,0.5288518039722646,133.2706546010107,129.78023269479377,1.4925373134328361,0.4,0.0,-0.20177756425654575,0.0,1.513331731924093,0.0,273.0,32.35932291559717,67.0,68.0,0.0,1.0,0.0,0.0,0.0,0.0,0.0,0.0,0.0,1.0,1.6,3.9333333333333336,0.2222222222222222,0.3917525773195877,0.0,14.0,0.0,0.0,,0.625,2.0,0.0,25.0,338.0,,0.0,0.0,-2.3333333333333335,0.0,0.0,2.0,182.0,32.060891051835426,,,0.0,10.0,0.5454545454545454,0.18181818181818182,0.18181818181818182,0.0,0.09090909090909091,0.18181818181818182,0.21154072158890586,-0.7884592784110942,1.6506757550828532,-0.9576605163160581,0.2086188992731049,0.28313186027671433,0.5288518039722646,-12.624985309672113,0.9519332471500763,4.548125514161476,,0.16287878787878785,-2.0,0.5288518039722646,108.2706546010107,-208.21976730520623,,0.4,0.0,2.1315557690767877,0.0,1.513331731924093,-2.0,0.298431863761742,,,0.0,0.0,0.0,1.0
2026-08-08|Steven Asplund vs. Guilherme Pat,UFC Fight Night: Gamrot vs. Salkilld,2026-08-08T00:00:00+00:00,Steven Asplund vs. Guilherme Pat,Steven Asplund,Guilherme Pat,Steven Asplund,DEC,1,Heavyweight Bout,900,900.0,2.0,0.5,0.5,0.5,0.0,0.0,0.0,0.6298110566829951,0.0,9.699090272918125,6.634009797060881,0.5133333333333333,0.4968152866242038,1.2596221133659902,0.0,0.0,0.0,,1.0,0.0,0.0,9.447165850244927,48.49545136459062,,0.5,0.5,3.065080475857243,0.6298110566829951,0.0,0.0,147.0,28.0635468216322,77.0,78.0,0.0,2.0,0.5,0.0,0.0,0.0,0.0,0.0,0.0,0.5,2.6999999999999997,2.0333333333333337,0.6183206106870229,0.5196850393700787,0.0,7.0,0.0,0.0,,1.0,0.0,0.0,22.0,495.5,0.9062499999999999,0.5,0.0,0.6666666666666667,0.0,0.0,0.0,126.0,,,,0.0,0.0,0.0,0.5,0.5,0.0,0.0,0.0,0.6298110566829951,-0.5,6.999090272918126,4.600676463727547,-0.10498727735368962,-0.022869752745874883,1.2596221133659902,-7.0,0.0,0.0,,0.0,0.0,0.0,-12.552834149755073,-447.0045486354094,,0.0,0.5,2.3984138091905765,0.6298110566829951,0.0,0.0,,,,0.0,1.0,0.0,0.0
2026-08-15|Charles Johnson vs. Eduardo Chapolin,UFC 330: Makhachev vs. Machado Garry,2026-08-15T00:00:00+00:00,Charles Johnson vs. Eduardo Chapolin,Charles Johnson,Eduardo Chapolin,Charles Johnson,SUB,1,Catch Weight Bout,900,696.0,15.0,0.5333333333333333,0.2,0.2,0.0,0.06666666666666667,0.06666666666666667,0.31367081990067086,0.2352531149255032,4.53777119456304,3.87906247277163,0.4979919678714859,0.5532811559301625,3.0582904940315414,1.8820249194040255,0.4705062298510064,2.823037379106038,0.16666666666666666,0.6666666666666667,0.3920885248758386,0.4705062298510064,55.36289971246842,258.22950248322735,1.6353232291988866,0.4,0.2,-0.5319148936170213,0.26595744680851063,0.26595744680851063,0.26595744680851063,49.0,35.595528997857585,69.0,70.0,0.0,0.0,,,,,,,,,,,,,,,,,,,,,,,,,,,,,,,30.727530339432022,67.0,67.0,0.0,15.0,,,,,,,,,,,,,,,,,,,,,,,,,,,,,,4.867998658425563,2.0,3.0,0.0,0.0,0.0,0.0
2026-08-15|Chidi Njokuani vs. Joel Alvarez,UFC 330: Makhachev vs. Machado Garry,2026-08-15T00:00:00+00:00,Chidi Njokuani vs. Joel Alvarez,Chidi Njokuani,Joel Alvarez,Chidi Njokuani,DEC,1,Welterweight Bout,900,900.0,10.0,0.5,0.3,0.3,0.0,0.2,0.1,0.5341246290801187,0.17804154302670622,5.673590504451038,3.905044510385757,0.5997490589711418,0.5721716514954487,6.587537091988131,7.655786350148369,0.0,1.0682492581602374,0.0,0.75,0.17804154302670622,0.35608308605341243,140.29673590504453,248.90207715133533,1.2603301886792453,0.6,0.2,2.899002493765586,0.2805486284289277,0.0,0.0,175.0,37.62158018302908,75.0,80.0,0.0,11.0,0.7272727272727273,0.6363636363636364,0.36363636363636365,0.2727272727272727,0.09090909090909091,0.09090909090909091,0.1768867924528302,0.0,4.528301886792453,3.030660377358491,0.5454545454545454,0.5385996409335727,9.55188679245283,6.898584905660377,0.1768867924528302,0.5306603773584906,0.3333333333333333,0.4642857142857143,1.0613207547169812,0.1768867924528302,97.2877358490566,224.11556603773585,0.8620766488413549,0.8,0.6,2.890541976620616,0.3188097768331562,0.3188097768331562,0.9564293304994685,98.0,33.454485718392576,75.0,77.0,0.0,-1.0,-0.2272727272727273,-0.33636363636363636,-0.06363636363636366,-0.2727272727272727,0.1090909090909091,0.009090909090909094,0.3572378366272885,0.17804154302670622,1.1452886176585855,0.8743841330272661,0.05429451351659642,0.033572010561875976,-2.964349700464699,0.7572014444879915,-0.1768867924528302,0.5375888808017468,-0.3333333333333333,0.2857142857142857,-0.883279211690275,0.17919629360058223,43.009000055987926,24.786511113599488,0.39825353983789036,-0.20000000000000007,-0.39999999999999997,0.00846051714496987,-0.03826114840422851,-0.3188097768331562,-0.9564293304994685,4.167094464636506,0.0,3.0,0.0,0.0,0.0,1.0
2026-08-15|Donte Johnson vs. Eric McConico,UFC 330: Makhachev vs. Machado Garry,2026-08-15T00:00:00+00:00,Donte Johnson vs. Eric McConico,Donte Johnson,Eric McConico,Donte Johnson,KO,1,Middleweight Bout,900,98.0,2.0,1.0,0.5,0.0,0.5,0.0,0.0,0.0,0.0,2.568093385214008,1.6809338521400778,0.4435483870967742,0.6363636363636364,7.704280155642024,0.0,2.1011673151750974,2.1011673151750974,1.0,0.75,0.7003891050583658,0.0,277.3540856031129,269.6498054474708,,1.0,0.5,0.8871595330739299,0.0,2.1011673151750974,0.7003891050583658,161.0,27.554296118332342,68.0,74.0,1.0,4.0,0.5,0.0,0.0,0.0,0.5,0.0,0.0,1.2716354645001766,2.924761568350406,3.051925114800424,0.46938775510204084,0.45660377358490567,0.0,0.31790886612504415,0.6358177322500883,0.6358177322500883,1.0,0.6896551724137931,0.0,0.31790886612504415,120.80536912751678,299.1522430236666,2.2595169873106835,0.5,0.0,-0.12716354645001765,0.0,0.6358177322500883,0.0,112.0,36.26905412157676,72.0,77.0,1.0,-2.0,0.5,0.5,0.0,0.5,-0.5,0.0,0.0,-1.2716354645001766,-0.35666818313639803,-1.3709912626603462,-0.02583936800526665,0.17975986277873068,7.704280155642024,-0.31790886612504415,1.465349582925009,1.465349582925009,0.0,0.06034482758620685,0.7003891050583658,-0.31790886612504415,156.5487164755961,-29.502437576195803,,0.5,0.5,1.0143230795239475,0.0,1.465349582925009,0.7003891050583658,-8.714758003244416,-4.0,-3.0,0.0,0.0,0.0,1.0
2026-08-15|Edson Barboza vs. Esteban Ribovics,UFC 330: Makhachev vs. Machado Garry,2026-08-15T00:00:00+00:00,Edson Barboza vs. Esteban Ribovics,Edson Barboza,Esteban Ribovics,Esteban Ribovics,KO,0,Lightweight Bout,900,392.0,32.0,0.5625,0.28125,0.28125,0.0,0.15625,0.0625,0.6263320429733374,0.3523117741725023,4.139010917315471,4.676612587534253,0.4466347507744297,0.5568743818001978,2.348745161150015,10.608498977860902,0.4306032795441695,0.861206559088339,0.5,0.7307692307692308,0.07829150537166718,0.27402026880083513,57.89656822234788,157.09190552825018,0.8694845436582457,0.4,0.2,-2.342299452511307,0.42846941204475125,0.6427041180671269,0.0,252.0,40.564830215541726,71.0,75.0,0.0,7.0,0.5714285714285714,0.14285714285714285,0.14285714285714285,0.0,0.0,0.14285714285714285,0.35321821036106754,0.17660910518053377,7.240973312401884,5.8045525902668755,0.43218552354181305,0.5413953488372093,4.4152276295133435,2.8257456828885403,0.35321821036106754,0.5298273155416012,0.6666666666666666,0.6607142857142857,0.17660910518053377,0.35321821036106754,30.20015698587127,231.88775510204079,2.7146777777777777,0.6,0.2,0.6735436893203883,0.27305825242718446,0.0,0.0,126.0,30.300416846341815,70.0,69.0,0.0,25.0,-0.008928571428571397,0.13839285714285715,0.13839285714285715,0.0,0.15625,-0.08035714285714285,0.2731138326122699,0.17570266899196854,-3.101962395086413,-1.1279400027326227,0.014449227232616657,0.01547903296298847,-2.0664824683633283,7.782753294972363,0.07738506918310195,0.33137924354673776,-0.16666666666666663,0.07005494505494514,-0.09831759980886659,-0.07919794156023241,27.69641123647661,-74.7958495737906,-1.845193234119532,-0.19999999999999996,0.0,-3.015843141831695,0.1554111596175668,0.6427041180671269,0.0,10.26441336919991,1.0,6.0,0.0,0.0,0.0,1.0
2026-08-15|Islam Makhachev vs. Ian Machado Garry,UFC 330: Makhachev vs. Machado Garry,2026-08-15T00:00:00+00:00,Islam Makhachev vs. Ian Machado Garry,Islam Makhachev,Ian Machado Garry,Islam Makhachev,DEC,1,UFC Welterweight Title Bout,1500,1500.0,18.0,0.9444444444444444,0.6111111111111112,0.16666666666666666,0.4444444444444444,0.05555555555555555,0.0,0.3026227303295225,0.15131136516476126,2.4462004034969738,1.4475453934095495,0.5843373493975904,0.6198675496688741,8.927370544720914,1.4374579690652318,3.101882985877606,5.522864828513786,0.5616438356164384,0.9130434782608696,0.9835238735709483,0.3026227303295225,460.5917955615333,69.45191661062542,1.0957334848329623,1.0,0.6,0.3755476736907991,0.18777383684539956,2.6288337158355937,0.5633215105361986,273.0,34.80153596583092,70.0,70.0,1.0,11.0,0.9090909090909091,0.2727272727272727,0.2727272727272727,0.0,0.0,0.0,0.3696857670979667,0.09242144177449167,4.775107825015404,2.8589032655576094,0.5408234473133287,0.5289340101522843,3.0499075785582255,2.4953789279112755,0.9242144177449169,2.9574861367837335,0.3125,0.8,0.3696857670979667,0.0,104.43622920517561,169.03881700554527,1.7086937316182715,0.8,0.0,1.0842105263157893,0.0,1.105263157894737,0.631578947368421,266.0,28.74254775936535,75.0,74.0,0.0,7.0,0.03535353535353536,0.33838383838383845,-0.10606060606060605,0.4444444444444444,0.05555555555555555,0.0,-0.06706303676844416,0.05888992339026959,-2.32890742151843,-1.41135787214806,0.04351390208426176,0.09093353951658989,5.877462966162688,-1.0579209588460436,2.177668568132689,2.5653786917300523,0.24914383561643838,0.11304347826086958,0.6138381064729816,0.3026227303295225,356.15556635635767,-99.58690039491985,-0.6129602467853092,0.19999999999999996,0.6,-0.7086628526249902,0.18777383684539956,1.5235705579408567,-0.0682574368322224,6.058988206465571,-5.0,-4.0,1.0,0.0,0.0,0.0
2026-08-15|Jalin Turner vs. Kaue Fernandes,UFC 330: Makhachev vs. Machado Garry,2026-08-15T00:00:00+00:00,Jalin Turner vs. Kaue Fernandes,Jalin Turner,Kaue Fernandes,Jalin Turner,KO,1,Lightweight Bout,900,39.0,14.0,0.5714285714285714,0.5714285714285714,0.35714285714285715,0.21428571428571427,0.14285714285714285,0.07142857142857142,1.4283195203667785,0.31740433785928407,5.406453888203139,4.348439428672192,0.48344370860927155,0.4077809798270894,13.648386527949215,9.522130135778523,0.6348086757185681,1.2696173514371363,0.5,0.75,1.1109151825074943,0.6348086757185681,128.86616117086933,221.70692999470992,0.6308809780654442,0.4,0.4,-0.03136434918975431,1.8818609513852587,0.47046523784631467,0.0,252.0,31.24499476375285,75.0,77.0,1.0,4.0,0.75,0.5,0.5,0.0,0.0,0.0,1.5748031496062993,0.0,4.278215223097113,1.4173228346456692,0.5544217687074829,0.625,7.874015748031496,1.5748031496062993,1.1811023622047243,1.1811023622047243,1.0,0.7692307692307692,0.0,0.0,83.46456692913385,205.90551181102362,0.5838709677419355,0.75,0.5,2.8608923884514432,1.5748031496062993,1.1811023622047243,0.0,343.0,31.414744998186137,69.0,73.0,0.0,10.0,-0.1785714285714286,0.0714285714285714,-0.14285714285714285,0.21428571428571427,0.14285714285714285,0.07142857142857142,-0.14648362923952085,0.31740433785928407,1.1282386651060268,2.9311165940265225,-0.07097806009821139,-0.21721902017291062,5.774370779917719,7.947326986172224,-0.5462936864861562,0.08851498923241197,-0.5,-0.019230769230769162,1.1109151825074943,0.6348086757185681,45.40159424173548,15.801418183686309,0.04701001032350871,-0.35,-0.09999999999999998,-2.8922567376411976,0.30705780177895936,-0.7106371243584096,0.0,-0.16975023443328752,6.0,4.0,0.0,0.0,0.0,0.0
2026-08-15|Jeremiah Wells vs. Myktybek Orolbai,UFC 330: Makhachev vs. Machado Garry,2026-08-15T00:00:00+00:00,Jeremiah Wells vs. Myktybek Orolbai,Jeremiah Wells,Myktybek Orolbai,Jeremiah Wells,SUB,1,Welterweight Bout,900,684.0,7.0,0.7142857142857143,0.42857142857142855,0.2857142857142857,0.14285714285714285,0.0,0.14285714285714285,0.4377431906614786,0.4377431906614786,2.3492217898832686,1.284046692607004,0.46,0.48235294117647054,15.539883268482491,1.9698443579766538,3.0642023346303504,6.566147859922179,0.4666666666666667,0.5,1.3132295719844358,0.4377431906614786,477.57782101167317,123.88132295719845,0.9267326732673267,0.6,0.2,0.9075342465753424,0.2568493150684931,3.3390410958904106,1.2842465753424657,287.0,39.79274043957097,69.0,74.0,0.0,6.0,0.8333333333333334,0.5,0.16666666666666666,0.3333333333333333,0.0,0.0,0.48740861088545895,0.24370430544272947,2.778229082047116,2.6969943135662064,0.5,0.5103244837758112,12.428919577579203,6.092607636068237,8.773354995938261,14.8659626320065,0.5901639344262295,0.4,0.48740861088545895,0.0,482.2908204711616,82.6157595450853,0.752125,0.8,0.4,0.21012416427889208,0.5730659025787965,8.30945558739255,0.28653295128939826,154.0,28.50982566377133,70.0,74.0,0.0,1.0,-0.11904761904761907,-0.07142857142857145,0.11904761904761904,-0.19047619047619047,0.0,0.14285714285714285,-0.04966542022398035,0.19403888521874912,-0.42900729216384725,-1.4129476209592025,-0.03999999999999998,-0.02797154259934065,3.1109636909032883,-4.1227632780915835,-5.709152661307911,-8.299814772084321,-0.12349726775956282,0.09999999999999998,0.8258209610989768,0.4377431906614786,-4.712999459488458,41.26556341211315,0.17460767326732662,-0.20000000000000007,-0.2,0.6974100822964504,-0.3162165875103034,-4.97041449150214,0.9977136240530674,11.28291477579964,-1.0,0.0,0.0,0.0,0.0,0.0
2026-08-15|Mackenzie Dern vs. Gillian Robertson,UFC 330: Makhachev vs. Machado Garry,2026-08-15T00:00:00+00:00,Mackenzie Dern vs. Gillian Robertson,Mackenzie Dern,Gillian Robertson,Mackenzie Dern,DEC,1,UFC Women's Strawweight Title Bout,1500,1500.0,16.0,0.6875,0.3125,0.0,0.3125,0.0625,0.0,0.1322945759223872,0.3968837277671616,3.466117889166544,3.933558724092312,0.41609317098994175,0.5196553581044696,8.863736586799941,2.57974423048655,0.9260620314567103,5.027193885050712,0.18421052631578946,0.3793103448275862,1.0583566073790975,0.1322945759223872,252.7487872997207,168.67558430104367,1.0033338643775538,0.6,0.2,0.03837134939245363,0.0,1.151140481773609,0.19185674696226818,294.0,33.394251764238824,64.0,63.0,0.0,20.0,0.7,0.5,0.15,0.35,0.05,0.05,0.0,0.0,2.711864406779661,2.8571428571428568,0.48484848484848486,0.5603576751117735,18.813559322033896,9.297820823244553,2.7602905569007263,6.75544794188862,0.40860215053763443,0.38888888888888884,0.8716707021791767,0.3631961259079903,447.1670702179177,131.1138014527845,1.1713099895048185,1.0,0.4,0.978170765404808,0.0,3.481624758220503,0.7460624481901078,154.0,31.247732670759838,65.0,63.0,0.0,-4.0,-0.012499999999999956,-0.1875,-0.15,-0.03749999999999998,0.012499999999999997,-0.05,0.1322945759223872,0.3968837277671616,0.7542534823868832,1.0764158669494552,-0.06875531385854311,-0.04070231700730387,-9.949822735233955,-6.718076592758003,-1.834228525444016,-1.7282540568379074,-0.22439162422184497,-0.009578544061302652,0.1866859051999208,-0.23090154998560308,-194.41828291819698,37.561782848259185,-0.16797612512726467,-0.4,-0.2,-0.9397994160123543,0.0,-2.330484276446894,-0.5542057012278396,2.146519093478986,-1.0,0.0,1.0,0.0,1.0,1.0
2026-08-15|Mansur Abdul-Malik vs. Dustin Stoltzfus,UFC 330: Makhachev vs. Machado Garry,2026-08-15T00:00:00+00:00,Mansur Abdul-Malik vs. Dustin Stoltzfus,Mansur Abdul-Malik,Dustin Stoltzfus,Dustin Stoltzfus,SUB,0,Middleweight Bout,900,565.0,4.0,0.75,0.75,0.5,0.25,0.25,0.0,0.5784061696658097,1.1568123393316194,2.9305912596401025,4.93573264781491,0.44970414201183434,0.39906103286384975,19.665809768637533,1.1568123393316194,2.892030848329049,6.940874035989717,0.4166666666666667,0.9,0.5784061696658097,0.0,168.31619537275063,140.55269922879177,,0.75,0.75,-2.005141388174807,0.5784061696658097,2.892030848329049,0.5784061696658097,140.0,28.854801946651882,74.0,80.0,0.0,10.0,0.3,0.2,0.1,0.1,0.2,0.2,0.28938906752411575,0.4340836012861736,3.279742765273312,3.2508038585209,0.44328552803129073,0.47670807453416153,4.340836012861737,3.472668810289389,2.02572347266881,5.643086816720257,0.358974358974359,0.5,1.012861736334405,0.7234726688102894,249.16398713826365,156.41479099678457,0.6853278089203023,0.4,0.4,0.536266758336198,0.6187693365417669,2.4750773461670676,1.8563080096253006,336.0,34.749515732698136,72.0,75.0,0.0,-6.0,0.45,0.55,0.4,0.15,0.04999999999999999,-0.2,0.28901710214169396,0.7227287380454458,-0.3491515056332095,1.68492878929401,0.006418613980543608,-0.07764704167031178,15.324973755775797,-2.31585647095777,0.8663073756602389,1.29778721926946,0.05769230769230771,0.4,-0.4344555666685953,-0.7234726688102894,-80.84779176551302,-15.862091767992808,,0.35,0.35,-2.5414081465110048,-0.0403631668759572,0.41695350216198124,-1.2779018399594908,-5.894713786046253,2.0,5.0,0.0,0.0,0.0,1.0
2026-08-15|Neil Magny vs. Ramiz Brahimaj,UFC 330: Makhachev vs. Machado Garry,2026-08-15T00:00:00+00:00,Neil Magny vs. Ramiz Brahimaj,Neil Magny,Ramiz Brahimaj,Neil Magny,KO,1,Welterweight Bout,900,500.0,37.0,0.6486486486486487,0.2702702702702703,0.1891891891891892,0.08108108108108109,0.10810810810810811,0.16216216216216217,0.06774812751703112,0.3726147013436712,3.4009560013549622,2.4389325906131205,0.4688667496886675,0.5178571428571428,11.957544506755994,6.910309006737175,2.1679400805449958,5.453724265121006,0.39751552795031053,0.5535714285714286,0.27099251006812447,0.4064887651021868,192.33693402085137,288.33603071248444,2.050077687593802,0.4,0.4,0.0,0.0,2.112676056338028,0.4225352112676056,245.0,39.03434019863515,75.0,80.0,0.0,9.0,0.5555555555555556,0.5555555555555556,0.1111111111111111,0.4444444444444444,0.1111111111111111,0.0,0.19942388654996676,0.19942388654996676,2.286727232439619,3.2705517394194548,0.48725212464589235,0.47096774193548385,1.3959672058497674,1.595391092399734,1.9942388654996674,5.783292709949037,0.3448275862068966,0.4482758620689655,1.595391092399734,0.19942388654996676,171.90339020607135,371.7261245291381,0.46104433201207395,0.6,0.6,-0.5277246653919695,0.3441682600382409,2.0650095602294454,1.0325047801147227,175.0,33.741965954126364,70.0,72.0,0.0,28.0,0.0930930930930931,-0.2852852852852853,0.0780780780780781,-0.36336336336336333,-0.003003003003002991,0.16216216216216217,-0.13167575903293566,0.17319081479370443,1.1142287689153432,-0.8316191488063343,-0.018385374957224865,0.04688940092165894,10.561577300906226,5.314917914337441,0.17370121504532832,-0.3295684448280305,0.05268794174341396,0.10529556650246308,-1.3243985823316096,0.20706487855222003,20.433543814780023,-83.39009381665363,1.5890333555817278,-0.19999999999999996,-0.19999999999999996,0.5277246653919695,-0.3441682600382409,0.047666496108582646,-0.6099695688471171,5.292374244508785,5.0,8.0,0.0,0.0,0.0,1.0
2026-08-15|Rafael Tobias vs. Lucas Fernando,UFC 330: Makhachev vs. Machado Garry,2026-08-15T00:00:00+00:00,Rafael Tobias vs. Lucas Fernando,Rafael Tobias,Lucas Fernando,Lucas Fernando,KO,0,Light Heavyweight Bout,900,670.0,1.0,0.0,0.0,0.0,0.0,0.0,0.0,0.0,0.0,2.6,6.2666666666666675,0.38613861386138615,0.3426573426573427,9.0,8.0,2.0,8.0,0.25,1.0,1.0,0.0,151.0,88.0,,0.0,0.0,-3.6666666666666665,0.0,2.0,1.0,161.0,23.40636700274475,74.0,74.0,0.0,0.0,,,,,,,,,,,,,,,,,,,,,,,,,,,,,,,29.594036838538777,75.0,80.0,0.0,1.0,,,,,,,,,,,,,,,,,,,,,,,,,,,,,,-6.187669835794026,-1.0,-6.0,0.0,0.0,0.0,0.0
2026-08-15|Vicente Luque vs. Tresean Gore,UFC 330: Makhachev vs. Machado Garry,2026-08-15T00:00:00+00:00,Vicente Luque vs. Tresean Gore,Vicente Luque,Tresean Gore,Tresean Gore,DEC,0,Middleweight Bout,900,900.0,25.0,0.68,0.6,0.32,0.28,0.08,0.04,0.69713400464756,0.2535032744172946,4.795436941060489,5.243292725864376,0.5089686098654709,0.515990639625585,4.436307302302654,6.527709316245335,0.887261460460531,1.8378987395253856,0.4827586206896552,0.5967741935483871,0.69713400464756,0.3168790930216182,129.98380395746779,174.66375607351594,1.0159710148243046,0.4,0.4,-3.1747572815533984,0.4368932038834951,0.0,0.8737864077669902,126.0,34.716660848614275,71.0,75.0,0.0,7.0,0.42857142857142855,0.42857142857142855,0.0,0.42857142857142855,0.2857142857142857,0.0,0.0,0.9561752988047808,3.410358565737052,6.99601593625498,0.49767441860465117,0.4067567567567567,2.6294820717131477,4.063745019920319,1.9123505976095616,2.6294820717131477,0.7272727272727273,0.8387096774193549,0.9561752988047808,0.0,130.0398406374502,163.5059760956175,1.2590792107520732,0.6,0.6,-3.7115749525616697,0.0,2.049335863377609,1.0246679316888045,133.0,32.15124198306604,72.0,75.0,0.0,18.0,0.2514285714285715,0.17142857142857143,0.32,-0.14857142857142852,-0.20571428571428568,0.04,0.69713400464756,-0.7026720243874862,1.3850783753234368,-1.752723210390604,0.011294191260819708,0.10923388286882829,1.8068252305895065,2.463964296325016,-1.0250891371490307,-0.7915833321877621,-0.2445141065830721,-0.24193548387096775,-0.25904129415722077,0.3168790930216182,-0.05603667998241235,11.157779977898429,-0.24310819592776856,-0.19999999999999996,-0.19999999999999996,0.5368176710082713,0.4368932038834951,-2.049335863377609,-0.1508815239218143,2.5654188655482315,-1.0,0.0,0.0,0.0,0.0,0.0
2026-08-22|Anthony Hernandez vs. Gregory Rodrigues,UFC Fight Night: Hernandez vs. Rodrigues,2026-08-22T00:00:00+00:00,Anthony Hernandez vs. Gregory Rodrigues,Anthony Hernandez,Gregory Rodrigues,Gregory Rodrigues,DEC,0,Middleweight Bout,1500,1500.0,12.0,0.75,0.5833333333333334,0.16666666666666666,0.4166666666666667,0.16666666666666666,0.08333333333333333,0.0,0.2188449848024316,4.522796352583586,3.1003039513677813,0.6066536203522505,0.5092378752886836,26.370820668693007,2.1884498480243164,5.908814589665653,12.25531914893617,0.48214285714285715,0.6818181818181819,1.641337386018237,0.5471124620060791,471.063829787234,102.85714285714285,1.3355914522147059,0.8,0.6,1.8844717768504282,0.0,5.139468482319351,0.5930155941137711,182.0,32.843932455834135,72.0,75.0,0.0,13.0,0.7692307692307693,0.5384615384615384,0.5384615384615384,0.0,0.15384615384615385,0.0,1.0318142734307825,0.38693035253654345,5.520206362854686,4.72055030094583,0.5148356054530874,0.5085049239033124,4.772141014617369,1.289767841788478,1.934651762682717,5.417024935511607,0.35714285714285715,0.75,0.38693035253654345,0.0,168.18572656921754,62.553740326741185,1.1749839228295822,0.8,0.4,0.7186791842020072,1.165425704111363,1.165425704111363,0.29135642602784073,168.0,34.51131782309014,75.0,75.0,0.0,-1.0,-0.019230769230769273,0.044871794871794934,-0.3717948717948718,0.4166666666666667,0.012820512820512803,0.08333333333333333,-1.0318142734307825,-0.16808536773411184,-0.9974100102710999,-1.620246349578049,0.09181801489916308,0.0007329513853712166,21.59867965407564,0.8986820062358385,3.9741628269829357,6.838294213424563,0.125,-0.06818181818181812,1.2544070334816935,0.5471124620060791,302.87810321801646,40.30340253040166,0.16060752938512368,0.0,0.19999999999999996,1.1657925926484212,-1.165425704111363,3.9740427782079877,0.3016591680859304,-1.6673853672560028,-3.0,0.0,1.0,0.0,0.0,1.0
2026-08-22|Anthony Wint vs. Terrance Chatman,UFC Fight Night: Hernandez vs. Rodrigues,2026-08-22T00:00:00+00:00,Anthony Wint vs. Terrance Chatman,Anthony Wint,Terrance Chatman,Anthony Wint,SUB,1,Heavyweight Bout,900,269.0,0.0,,,,,,,,,,,,,,,,,,,,,,,,,,,,,,,30.938349178970135,,,0.0,0.0,,,,,,,,,,,,,,,,,,,,,,,,,,,,,,,,,,0.0,0.0,,,,,,,,,,,,,,,,,,,,,,,,,,,,,,,,,0.0,1.0,0.0,1.0
2026-08-22|Carli Judice vs. Jeisla Chaves,UFC Fight Night: Hernandez vs. Rodrigues,2026-08-22T00:00:00+00:00,Carli Judice vs. Jeisla Chaves,Carli Judice,Jeisla Chaves,Carli Judice,KO,1,Women's Flyweight Bout,900,99.0,4.0,0.75,0.5,0.5,0.0,0.0,0.0,0.6949806949806949,0.0,8.664092664092664,4.656370656370656,0.48195876288659795,0.5963855421686747,2.0849420849420848,0.0,0.6949806949806949,1.3899613899613898,0.5,0.8275862068965517,0.0,0.34749034749034746,73.32046332046333,152.20077220077218,1.3746803069053708,0.75,0.5,4.007722007722007,0.6949806949806949,0.6949806949806949,0.0,182.0,27.474896815129675,67.0,68.0,1.0,1.0,1.0,0.0,0.0,0.0,0.0,0.0,0.0,0.0,4.266666666666667,4.133333333333333,0.6464646464646465,0.4464285714285714,13.0,10.0,3.0,6.0,0.5,0.5,1.0,0.0,269.0,198.0,,1.0,0.0,0.13333333333333333,0.0,3.0,1.0,77.0,29.550230326426963,66.0,68.0,0.0,3.0,-0.25,0.5,0.5,0.0,0.0,0.0,0.6949806949806949,0.0,4.397425997425997,0.5230373230373235,-0.16450588357804857,0.14995697074010328,-10.915057915057915,-10.0,-2.305019305019305,-4.61003861003861,0.0,0.3275862068965517,-1.0,0.34749034749034746,-195.67953667953668,-45.79922779922782,,-0.25,0.5,3.874388674388674,0.6949806949806949,-2.305019305019305,-1.0,-2.0753335112972877,1.0,0.0,0.0,0.0,1.0,0.0
2026-08-22|Chris Padilla vs. Nasrat Haqparast,UFC Fight Night: Hernandez vs. Rodrigues,2026-08-22T00:00:00+00:00,Chris Padilla vs. Nasrat Haqparast,Chris Padilla,Nasrat Haqparast,Chris Padilla,SUB,1,Lightweight Bout,900,899.0,4.0,1.0,0.75,0.5,0.25,0.0,0.0,0.0,0.0,4.78014801915542,3.8659120592076626,0.5414201183431953,0.5568862275449102,6.269046582498912,0.0,1.1754462342185459,3.91815411406182,0.3,0.75,0.391815411406182,0.0,196.69133652590335,10.970831519373094,,1.0,0.75,0.9142359599477579,0.0,1.1754462342185459,0.391815411406182,287.0,30.938349178970135,69.0,74.0,0.0,15.0,0.6666666666666666,0.13333333333333333,0.13333333333333333,0.0,0.13333333333333333,0.0,0.5965909090909092,0.17045454545454544,6.363636363636364,6.0,0.4565837749694252,0.6339688041594453,4.6022727272727275,1.6193181818181819,0.3409090909090909,1.7045454545454546,0.2,0.86,0.0,0.08522727272727272,35.284090909090914,98.69318181818183,1.7437339841366686,0.8,0.2,0.4062288422477996,0.6093432633716994,0.3046716316858497,0.0,301.0,31.001321040130872,70.0,72.0,1.0,-11.0,0.33333333333333337,0.6166666666666667,0.3666666666666667,0.25,-0.13333333333333333,0.0,-0.5965909090909092,-0.17045454545454544,-1.5834883444809442,-2.1340879407923374,0.08483634337377005,-0.0770825766145351,1.6667738552261842,-1.6193181818181819,0.834537143309455,2.2136086595163653,0.09999999999999998,-0.10999999999999999,0.391815411406182,-0.08522727272727272,161.40724561681245,-87.72235029880873,,0.19999999999999996,0.55,0.5080071176999583,-0.6093432633716994,0.8707746025326961,0.391815411406182,-0.06297186116073661,-1.0,2.0,0.0,0.0,0.0,0.0
2026-08-22|Gauge Young vs. Stan Dorsainvil,UFC Fight Night: Hernandez vs. Rodrigues,2026-08-22T00:00:00+00:00,Gauge Young vs. Stan Dorsainvil,Gauge Young,Stan Dorsainvil,Stan Dorsainvil,DEC,0,Lightweight Bout,900,900.0,3.0,0.6666666666666666,0.0,0.0,0.0,0.0,0.0,0.3333333333333333,0.0,7.0,5.022222222222222,0.5172413793103449,0.5097613882863341,2.3333333333333335,0.3333333333333333,1.0,2.3333333333333335,0.42857142857142855,0.92,0.0,0.0,100.0,60.33333333333333,2.3114754098360653,0.6666666666666666,0.0,1.9777777777777779,0.3333333333333333,1.0,0.0,126.0,26.10594331163542,69.0,70.0,0.0,0.0,,,,,,,,,,,,,,,,,,,,,,,,,,,,,,,26.278431453075697,,,0.0,3.0,,,,,,,,,,,,,,,,,,,,,,,,,,,,,,-0.1724881414402759,,,0.0,0.0,0.0,0.0
2026-08-22|Jamall Emmers vs. Lerryan Douglas,UFC Fight Night: Hernandez vs. Rodrigues,2026-08-22T00:00:00+00:00,Jamall Emmers vs. Lerryan Douglas,Jamall Emmers,Lerryan Douglas,Jamall Emmers,KO,1,Featherweight Bout,900,218.0,9.0,0.5555555555555556,0.2222222222222222,0.2222222222222222,0.0,0.1111111111111111,0.1111111111111111,0.5201309959545367,0.17337699865151224,4.877672895395878,3.571566172221152,0.4746906636670416,0.5928853754940712,6.414948950105952,2.253900982469659,2.774031978424196,5.201309959545367,0.5333333333333333,0.8,0.3467539973030245,0.5201309959545367,282.6045078019649,39.52995569254479,0.458882005899705,0.6,0.4,0.7317073170731707,1.135407905803196,3.027754415475189,0.37846930193439865,287.0,37.07947459564536,70.0,74.0,0.0,1.0,1.0,1.0,1.0,0.0,0.0,0.0,8.450704225352112,0.0,8.169014084507042,4.788732394366197,0.6041666666666666,0.6304347826086957,8.450704225352112,0.0,0.0,0.0,,,0.0,0.0,21.12676056338028,12.67605633802817,,1.0,1.0,3.380281690140845,8.450704225352112,0.0,0.0,147.0,31.321656159948528,69.0,72.0,0.0,8.0,-0.4444444444444444,-0.7777777777777778,-0.7777777777777778,0.0,0.1111111111111111,0.1111111111111111,-7.9305732293975755,0.17337699865151224,-3.291341189111164,-1.2171662221450452,-0.12947600299962503,-0.03754940711462451,-2.03575527524616,2.253900982469659,2.774031978424196,5.201309959545367,,,0.3467539973030245,0.5201309959545367,261.47774723858464,26.85389935451662,,-0.4,-0.6,-2.6485743730676745,-7.315296319548916,3.027754415475189,0.37846930193439865,5.75781843569683,1.0,2.0,0.0,0.0,0.0,1.0
2026-08-22|Kennedy Nzechukwu vs. Shamil Gaziev,UFC Fight Night: Hernandez vs. Rodrigues,2026-08-22T00:00:00+00:00,Kennedy Nzechukwu vs. Shamil Gaziev,Kennedy Nzechukwu,Shamil Gaziev,Shamil Gaziev,KO,0,Heavyweight Bout,900,80.0,14.0,0.5714285714285714,0.5,0.42857142857142855,0.07142857142857142,0.14285714285714285,0.14285714285714285,0.37996059667886295,0.37996059667886295,5.066141289051506,4.863495637489446,0.49627791563275436,0.5163727959697733,7.852518998029834,0.6332676611314382,0.6332676611314382,1.3931888544891642,0.45454545454545453,0.8153846153846154,0.2533070644525753,0.37996059667886295,155.02392344497608,156.6704193639178,1.8976985425946957,0.4,0.4,-0.41405269761606023,0.5646173149309912,0.0,0.0,406.0,34.19098270327248,77.0,83.0,1.0,6.0,0.5,0.3333333333333333,0.3333333333333333,0.0,0.5,0.0,0.27658266748617083,0.8297480024585125,3.005531653349723,5.162876459741856,0.45403899721448465,0.452054794520548,3.8721573448063924,0.27658266748617083,1.1063306699446833,3.31899200983405,0.3333333333333333,0.8333333333333334,0.0,0.0,372.0036877688998,10.233558696988322,0.1772852233676976,0.4,0.2,-3.271221532091097,0.31055900621118016,1.2422360248447206,0.0,112.0,36.52915528724067,76.0,78.0,0.0,8.0,0.0714285714285714,0.16666666666666669,0.09523809523809523,0.07142857142857142,-0.35714285714285715,0.14285714285714285,0.10337792919269212,-0.4497874057796496,2.060609635701783,-0.29938082225241036,0.04223891841826971,0.06431800144922528,3.9803616532234414,0.35668499364526735,-0.47306300881324514,-1.925803155344886,0.12121212121212122,-0.017948717948717996,0.2533070644525753,0.37996059667886295,-216.97976432392372,146.43686066692948,1.7204133192269981,0.0,0.2,2.857168834475037,0.25405830871981105,-1.2422360248447206,0.0,-2.3381725839681877,1.0,5.0,0.0,1.0,0.0,0.0
2026-08-22|MarQuel Mederos vs. Mason Jones,UFC Fight Night: Hernandez vs. Rodrigues,2026-08-22T00:00:00+00:00,MarQuel Mederos vs. Mason Jones,MarQuel Mederos,Mason Jones,MarQuel Mederos,KO,1,Lightweight Bout,900,427.0,3.0,1.0,0.0,0.0,0.0,0.0,0.0,0.3333333333333333,0.0,4.7555555555555555,3.088888888888889,0.5646437994722955,0.5762195121951219,4.666666666666667,1.0,0.0,2.0,0.0,0.782608695652174,0.0,0.3333333333333333,128.0,285.6666666666667,1.0454545454545452,1.0,0.0,1.6666666666666665,0.3333333333333333,0.0,0.0,441.0,29.725456374874227,70.0,69.0,0.0,6.0,0.6666666666666666,0.16666666666666666,0.16666666666666666,0.0,0.0,0.0,0.18007202881152462,0.36014405762304924,5.942376950780313,4.717887154861945,0.4202037351443124,0.5019011406844107,8.283313325330132,3.6014405762304924,3.4213685474189677,6.302521008403361,0.5428571428571428,0.6842105263157895,0.18007202881152462,0.0,237.33493397358944,113.98559423769508,1.0307692307692309,0.8,0.2,1.361639824304539,0.21961932650073207,3.953147877013177,0.21961932650073207,154.0,31.324394066955517,70.0,74.0,0.0,-3.0,0.33333333333333337,-0.16666666666666666,-0.16666666666666666,0.0,0.0,0.0,0.1532613045218087,-0.36014405762304924,-1.186821395224757,-1.6289982659730557,0.14444006432798306,0.07431837151071119,-3.6166466586634654,-2.6014405762304924,-3.4213685474189677,-4.302521008403361,-0.5428571428571428,0.09839816933638446,-0.18007202881152462,0.3333333333333333,-109.33493397358944,171.68107242897162,0.01468531468531431,0.19999999999999996,-0.2,0.3050268423621276,0.11371400683260124,-3.953147877013177,-0.21961932650073207,-1.5989376920812894,0.0,-5.0,0.0,0.0,0.0,1.0
2026-08-22|Marcio Barbosa vs. Ryan Kuse,UFC Fight Night: Hernandez vs. Rodrigues,2026-08-22T00:00:00+00:00,Marcio Barbosa vs. Ryan Kuse,Marcio Barbosa,Ryan Kuse,Marcio Barbosa,KO,1,Featherweight Bout,900,167.0,1.0,1.0,1.0,1.0,0.0,0.0,0.0,11.25,0.0,3.0,3.75,0.5,0.6153846153846154,0.0,0.0,0.0,0.0,,,0.0,0.0,0.0,0.0,,1.0,1.0,-0.75,11.25,0.0,0.0,126.0,28.25246240511441,66.0,70.0,0.0,0.0,,,,,,,,,,,,,,,,,,,,,,,,,,,,,,,32.162193611094,,,0.0,1.0,,,,,,,,,,,,,,,,,,,,,,,,,,,,,,-3.909731205979586,,,0.0,0.0,0.0,0.0
2026-08-22|Reinier de Ridder vs. Roman Dolidze,UFC Fight Night: Hernandez vs. Rodrigues,2026-08-22T00:00:00+00:00,Reinier de Ridder vs. Roman Dolidze,Reinier de Ridder,Roman Dolidze,Reinier de Ridder,KO,1,Light Heavyweight Bout,900,241.0,6.0,0.6666666666666666,0.5,0.16666666666666666,0.3333333333333333,0.16666666666666666,0.0,0.3652597402597403,0.18262987012987014,2.471590909090909,2.3620129870129873,0.48564593301435405,0.46849315068493147,3.2873376623376624,8.583603896103895,2.556818181818182,8.766233766233766,0.2916666666666667,0.4,0.5478896103896104,0.18262987012987014,306.8181818181818,223.53896103896105,0.7897434651637354,0.6,0.4,0.014204545454545456,0.21306818181818182,1.9176136363636362,0.42613636363636365,168.0,35.95693272278007,76.0,78.0,1.0,14.0,0.6428571428571429,0.35714285714285715,0.35714285714285715,0.0,0.0,0.07142857142857142,0.3306392358559882,0.08265980896399705,3.1851579720793533,3.7141807494489347,0.41612670986321093,0.4847094801223242,6.1994856722997795,6.1994856722997795,1.157237325495959,2.6451138868479056,0.4375,0.31999999999999995,0.7439382806759736,0.24797942689199118,234.25789860396767,90.92578986039678,1.0167907907907907,0.6,0.2,-0.24437299035369775,0.0,0.9646302250803859,0.0,154.0,38.10345181625906,74.0,76.0,0.0,-8.0,0.023809523809523725,0.14285714285714285,-0.1904761904761905,0.3333333333333333,0.16666666666666666,-0.07142857142857142,0.034620504403752084,0.09997006116587309,-0.7135670629884441,-1.3521677624359474,0.06951922315114312,-0.016216329437392707,-2.912148009962117,2.3841182238041156,1.3995808563222232,6.12111987938586,-0.14583333333333331,0.08000000000000007,-0.1960486702863632,-0.06534955676212104,72.56028321421414,132.61317117856427,-0.22704732562705532,0.0,0.2,0.2585775358082432,0.21306818181818182,0.9529834112832504,0.42613636363636365,-2.146519093478993,2.0,2.0,0.0,0.0,0.0,0.0
2026-08-22|Serghei Spivac vs. Vitor Petrino,UFC Fight Night: Hernandez vs. Rodrigues,2026-08-22T00:00:00+00:00,Serghei Spivac vs. Vitor Petrino,Serghei Spivac,Vitor Petrino,Vitor Petrino,DEC,0,Heavyweight Bout,900,900.0,15.0,0.6,0.4,0.2,0.2,0.26666666666666666,0.0,0.0,0.2390438247011952,3.5697211155378485,4.231075697211155,0.47761194029850745,0.5224820143884892,18.64541832669323,5.856573705179283,3.824701195219123,6.454183266932271,0.5925925925925926,0.6363636363636364,0.4780876494023904,0.1195219123505976,295.57768924302786,110.3187250996016,1.386206896551724,0.4,0.2,-3.50606394707828,0.0,1.6538037486218302,0.3307607497243661,182.0,31.57628151159846,75.0,78.0,0.0,9.0,0.7777777777777778,0.4444444444444444,0.2222222222222222,0.2222222222222222,0.1111111111111111,0.1111111111111111,0.4727718438101909,0.3151812292067939,3.08877604622658,2.763088776046226,0.48756218905472637,0.5093283582089552,6.618805813342672,1.4183155314305727,2.8366310628611453,6.146033969532481,0.46153846153846156,0.8076923076923077,0.7879530730169848,0.15759061460339696,291.85781824549116,73.43722640518297,1.3494339820870431,0.6,0.4,0.8804108584005869,0.6603081438004402,0.9904622157006603,0.6603081438004402,161.0,28.98348357598034,74.0,77.0,0.0,6.0,-0.1777777777777778,-0.0444444444444444,-0.0222222222222222,-0.0222222222222222,0.15555555555555556,-0.1111111111111111,-0.4727718438101909,-0.07613740450559872,0.48094506931126846,1.467986921164929,-0.009950248756218916,0.013153656179534012,12.026612513350557,4.438258173748711,0.9880701323579779,0.30814929739979036,0.131054131054131,-0.17132867132867136,-0.3098654236145944,-0.03806870225279936,3.7198709975367024,36.881498694418624,0.036772914464680895,-0.19999999999999996,-0.2,-4.3864748054788665,-0.6603081438004402,0.6633415329211699,-0.32954739407607414,2.592797935618119,1.0,1.0,0.0,1.0,0.0,1.0
2026-08-22|Shanelle Dyer vs. Elise Reed,UFC Fight Night: Hernandez vs. Rodrigues,2026-08-22T00:00:00+00:00,Shanelle Dyer vs. Elise Reed,Shanelle Dyer,Elise Reed,Shanelle Dyer,KO,1,Women's Strawweight Bout,900,702.0,1.0,1.0,1.0,1.0,0.0,0.0,0.0,0.0,0.0,7.79840848806366,4.137931034482759,0.6282051282051282,0.675,14.323607427055704,0.0,2.3872679045092835,2.3872679045092835,1.0,1.0,0.0,0.0,81.16710875331565,28.647214854111407,,1.0,1.0,3.660477453580902,0.0,2.3872679045092835,0.0,154.0,25.33111562865767,66.0,65.0,0.0,9.0,0.4444444444444444,0.0,0.0,0.0,0.3333333333333333,0.2222222222222222,0.1537672988211174,0.3075345976422348,3.413634033828806,3.2598667350076886,0.5319488817891374,0.5174506828528073,2.152742183495643,10.763710917478216,0.4613018964633521,0.768836494105587,0.6,0.5306122448979591,0.0,1.0763710917478215,76.42234751409534,377.03741670937984,2.1882371198013657,0.4,0.0,1.0628342245989306,0.0,0.0,0.0,462.0,33.71184897704949,63.0,63.0,0.0,-8.0,0.5555555555555556,1.0,1.0,0.0,-0.3333333333333333,-0.2222222222222222,-0.1537672988211174,-0.3075345976422348,4.384774454234854,0.8780642994750703,0.09625624641599084,0.15754931714719278,12.17086524356006,-10.763710917478216,1.9259660080459313,1.6184314104036965,0.4,0.4693877551020409,0.0,-1.0763710917478215,4.74476123922031,-348.39020185526846,,0.6,1.0,2.5976432289819713,0.0,2.3872679045092835,0.0,-8.380733348391821,3.0,2.0,0.0,0.0,1.0,1.0
2026-08-22|Wes Schultz vs. Jackson McVey,UFC Fight Night: Hernandez vs. Rodrigues,2026-08-22T00:00:00+00:00,Wes Schultz vs. Jackson McVey,Wes Schultz,Jackson McVey,Jackson McVey,KO,0,Middleweight Bout,900,253.0,2.0,0.5,0.5,0.0,0.5,0.5,0.0,1.0465116279069768,2.0930232558139537,1.0465116279069768,1.8837209302325584,0.5,0.3076923076923077,0.0,16.74418604651163,0.0,9.418604651162791,0.0,0.0,5.232558139534883,0.0,130.8139534883721,633.139534883721,,0.5,0.5,-0.8372093023255813,1.0465116279069768,0.0,5.232558139534883,112.0,30.03483986666393,74.0,77.0,0.0,3.0,0.3333333333333333,0.3333333333333333,0.0,0.3333333333333333,0.0,0.6666666666666666,1.2048192771084336,0.0,6.506024096385542,3.373493975903614,0.6923076923076923,0.23636363636363633,16.867469879518072,2.4096385542168672,0.0,1.2048192771084336,0.0,0.0,1.2048192771084336,2.4096385542168672,330.12048192771084,256.6265060240964,,0.3333333333333333,0.3333333333333333,3.1325301204819276,1.2048192771084336,0.0,1.2048192771084336,119.0,27.41192495396894,76.0,77.0,1.0,-1.0,0.16666666666666669,0.16666666666666669,0.0,0.16666666666666669,0.5,-0.6666666666666666,-0.1583076492014568,2.0930232558139537,-5.459512468478565,-1.4897730456710558,-0.1923076923076923,0.07132867132867138,-16.867469879518072,14.334547492294762,0.0,8.213785374054357,0.0,0.0,4.02773886242645,-2.4096385542168672,-199.30652843933873,376.5130288596246,,0.16666666666666669,0.16666666666666669,-3.9697394228075087,-0.1583076492014568,0.0,4.02773886242645,2.6229149126949913,-2.0,0.0,0.0,0.0,0.0,0.0
2026-08-29|Alex Perez vs. Sumudaerji,UFC Fight Night: Nurmagomedov vs. Song,2026-08-29T00:00:00+00:00,Alex Perez vs. Sumudaerji,Alex Perez,Sumudaerji,Sumudaerji,DEC,0,Flyweight Bout,900,900.0,14.0,0.5714285714285714,0.42857142857142855,0.2857142857142857,0.14285714285714285,0.14285714285714285,0.21428571428571427,0.9092439804680922,0.0,4.404781949823202,3.1924566425324126,0.4678111587982833,0.5964240102171137,9.39552113150362,6.970870516922041,2.273109951170231,4.69776056575181,0.4838709677419355,0.7428571428571429,0.6061626536453948,0.4546219902340461,253.07290789695236,88.80282875905034,0.34939013548593584,0.4,0.4,0.7747816179263197,1.0254462590201292,1.3672616786935055,0.0,217.0,34.44013224090844,66.0,65.0,0.0,10.0,0.6,0.1,0.1,0.0,0.0,0.3,0.2695821476711098,0.1347910738355549,4.4301332933952375,2.345364684738655,0.5056410256410256,0.622286541244573,7.278717987119963,8.491837651639958,0.6739553691777744,1.8870750336977684,0.35714285714285715,0.72,0.5391642953422195,0.5391642953422195,80.87464430133294,202.590983974839,1.551911111111111,0.6,0.0,2.092660072878709,0.0,0.9370119729307652,0.4685059864653826,175.0,30.607062431124525,68.0,72.0,1.0,4.0,-0.02857142857142858,0.3285714285714285,0.1857142857142857,0.14285714285714285,0.14285714285714285,-0.08571428571428572,0.6396618327969824,-0.1347910738355549,-0.02535134357203539,0.8470919577937575,-0.037829866842742366,-0.02586253102745939,2.116803144383656,-1.5209671347179174,1.5991545819924564,2.810685532054041,0.12672811059907835,0.02285714285714291,0.06699835830317524,-0.08454230510817345,172.19826359561944,-113.78815521578865,-1.2025209756251751,-0.19999999999999996,0.4,-1.317878454952389,1.0254462590201292,0.43024970576274024,-0.4685059864653826,3.8330698097839146,-2.0,-7.0,0.0,0.0,0.0,0.0
2026-08-29|Aoriqileng vs. Kai Asakura,UFC Fight Night: Nurmagomedov vs. Song,2026-08-29T00:00:00+00:00,Aoriqileng vs. Kai Asakura,Aoriqileng,Kai Asakura,Kai Asakura,KO,0,Bantamweight Bout,900,334.0,9.0,0.4444444444444444,0.2222222222222222,0.2222222222222222,0.0,0.2222222222222222,0.0,0.5208333333333333,0.6944444444444444,4.305555555555555,5.277777777777778,0.5027027027027027,0.4812286689419796,7.986111111111111,11.805555555555555,1.2152777777777777,2.6041666666666665,0.4666666666666667,0.5952380952380952,0.1736111111111111,0.5208333333333333,110.41666666666667,314.0625,1.6094506172839507,0.4,0.2,-0.8031088082901554,0.7772020725388601,0.7772020725388601,0.38860103626943004,91.0,33.177957110686734,67.0,69.0,0.0,3.0,0.3333333333333333,0.3333333333333333,0.3333333333333333,0.0,0.0,0.6666666666666666,0.8078994614003591,0.0,2.531418312387792,3.3393177737881508,0.34306569343065696,0.523076923076923,0.8078994614003591,0.8078994614003591,0.0,0.0,,0.5,0.0,2.423698384201077,22.621184919210055,226.21184919210052,,0.3333333333333333,0.3333333333333333,-0.8078994614003591,0.8078994614003591,0.0,0.0,91.0,32.827505013792205,68.0,69.0,0.0,6.0,0.1111111111111111,-0.1111111111111111,-0.1111111111111111,0.0,0.2222222222222222,-0.6666666666666666,-0.2870661280670258,0.6944444444444444,1.7741372431677633,1.938460003989627,0.15963700927204572,-0.04184825413494342,7.178211649710752,10.997656094155197,1.2152777777777777,2.6041666666666665,,0.09523809523809523,0.1736111111111111,-1.9028650508677438,87.79548174745662,87.85065080789948,,0.06666666666666671,-0.1333333333333333,0.004790653110203658,-0.030697388861498975,0.7772020725388601,0.38860103626943004,0.3504520968945286,-1.0,0.0,0.0,0.0,0.0,1.0
2026-08-29|Bilal Hasan vs. Nilson Rojas,UFC Fight Night: Nurmagomedov vs. Song,2026-08-29T00:00:00+00:00,Bilal Hasan vs. Nilson Rojas,Bilal Hasan,Nilson Rojas,Bilal Hasan,KO,1,Flyweight Bout,900,448.0,0.0,,,,,,,,,,,,,,,,,,,,,,,,,,,,,,,25.120296789119557,,,0.0,0.0,,,,,,,,,,,,,,,,,,,,,,,,,,,,,,,27.357166813829167,,,0.0,0.0,,,,,,,,,,,,,,,,,,,,,,,,,,,,,,-2.23687002470961,,,0.0,0.0,0.0,1.0
2026-08-29|Ding Meng vs. Cam Nelson,UFC Fight Night: Nurmagomedov vs. Song,2026-08-29T00:00:00+00:00,Ding Meng vs. Cam Nelson,Ding Meng,Cam Nelson,Cam Nelson,DEC,0,Welterweight Bout,900,900.0,1.0,0.0,0.0,0.0,0.0,0.0,0.0,0.0,0.0,4.2,4.8,0.4315068493150685,0.5294117647058824,0.0,0.0,0.0,0.0,,,0.0,0.0,0.0,0.0,,0.0,0.0,-0.6,0.0,0.0,0.0,91.0,31.92125779447901,74.0,73.0,0.0,0.0,,,,,,,,,,,,,,,,,,,,,,,,,,,,,,,,,,0.0,1.0,,,,,,,,,,,,,,,,,,,,,,,,,,,,,,,,,0.0,0.0,0.0,0.0
2026-08-29|Jack Jenkins vs. Sean Woodson,UFC Fight Night: Nurmagomedov vs. Song,2026-08-29T00:00:00+00:00,Jack Jenkins vs. Sean Woodson,Jack Jenkins,Sean Woodson,Sean Woodson,DEC,0,Featherweight Bout,900,900.0,6.0,0.6666666666666666,0.16666666666666666,0.16666666666666666,0.0,0.16666666666666666,0.16666666666666666,0.5904220424229171,0.0,4.644653400393615,3.293242947736715,0.596964586846543,0.5795644891122278,9.053137983818063,6.101027771703476,1.5744587797944458,2.7553028646402797,0.5714285714285714,0.7,0.19680734747430573,0.7872293898972229,181.84998906625847,226.5252569429259,0.4736458586349283,0.6,0.2,1.1598148652327798,0.7350939286686632,0.9801252382248843,0.24503130955622107,336.0,32.81929129277124,67.0,68.0,0.0,9.0,0.7777777777777778,0.2222222222222222,0.2222222222222222,0.0,0.1111111111111111,0.1111111111111111,0.4151291512915129,0.0,5.977859778597786,4.105166051660516,0.46618705035971225,0.6065428824049514,0.9686346863468634,0.6918819188191881,0.6918819188191881,1.2453874538745386,0.5555555555555556,0.8695652173913043,0.2767527675276753,0.2767527675276753,76.93726937269372,146.26383763837637,0.9168202764976958,0.8,0.2,1.4877384196185286,0.2452316076294278,1.2261580381471389,0.0,504.0,34.22657549436333,74.0,78.0,0.0,-3.0,-0.11111111111111116,-0.05555555555555555,-0.05555555555555555,0.0,0.05555555555555555,0.05555555555555555,0.17529289113140417,0.0,-1.3332063782041708,-0.8119231039238013,0.13077753648683071,-0.026978393292723557,8.0845032974712,5.409145852884288,0.8825768609752577,1.509915410765741,0.015873015873015817,-0.16956521739130437,-0.07994542005336958,0.5104766223695476,104.91271969356475,80.26141930454952,-0.4431744178627675,-0.20000000000000007,0.0,-0.3279235543857488,0.4898623210392354,-0.24603279992225457,0.24503130955622107,-1.4072842015920912,-7.0,-10.0,0.0,0.0,0.0,0.0
2026-08-29|Lawrence Lui vs. Hector Santiago,UFC Fight Night: Nurmagomedov vs. Song,2026-08-29T00:00:00+00:00,Lawrence Lui vs. Hector Santiago,Lawrence Lui,Hector Santiago,Hector Santiago,KO,0,Bantamweight Bout,900,353.0,1.0,1.0,0.0,0.0,0.0,0.0,0.0,0.0,0.0,3.4666666666666663,3.7333333333333334,0.3466666666666667,0.552,7.0,0.0,7.0,15.0,0.4666666666666667,,0.0,0.0,299.0,14.0,,1.0,0.0,-0.26666666666666666,0.0,7.0,0.0,210.0,30.06769475074779,67.0,72.0,0.0,0.0,,,,,,,,,,,,,,,,,,,,,,,,,,,,,,,,,,0.0,1.0,,,,,,,,,,,,,,,,,,,,,,,,,,,,,,,,,0.0,0.0,0.0,0.0
2026-08-29|Liu Ce vs. Levi Rodrigues Jr.,UFC Fight Night: Nurmagomedov vs. Song,2026-08-29T00:00:00+00:00,Liu Ce vs. Levi Rodrigues Jr.,Liu Ce,Levi Rodrigues Jr.,Liu Ce,KO,1,Light Heavyweight Bout,900,266.0,0.0,,,,,,,,,,,,,,,,,,,,,,,,,,,,,,,29.982819633531147,,,0.0,1.0,0.0,0.0,0.0,0.0,1.0,0.0,0.0,0.0,1.65,5.8500000000000005,0.34375,0.3035714285714286,0.0,60.75000000000001,0.0,0.0,,0.5,0.0,0.0,0.0,519.75,,0.0,0.0,-4.2,0.0,0.0,0.0,42.0,,,,0.0,-1.0,,,,,,,,,,,,,,,,,,,,,,,,,,,,,,,,,0.0,0.0,0.0,0.0
2026-08-29|Namsrai Batbayar vs. Andre Lima,UFC Fight Night: Nurmagomedov vs. Song,2026-08-29T00:00:00+00:00,Namsrai Batbayar vs. Andre Lima,Namsrai Batbayar,Andre Lima,Andre Lima,SUB,0,Flyweight Bout,900,783.0,0.0,,,,,,,,,,,,,,,,,,,,,,,,,,,,,,,25.66514028351027,64.0,68.0,0.0,4.0,0.75,0.25,0.0,0.25,0.0,0.0,0.0,0.0,3.925394548063128,2.6513629842180775,0.5560975609756098,0.5803814713896458,0.5164992826398852,0.0,1.0329985652797704,1.8077474892395982,0.5714285714285714,0.875,0.7747489239598279,0.0,242.75466284074605,19.368723098995698,0.5059319541131483,0.75,0.25,1.2740315638450501,0.0,1.0329985652797704,0.7747489239598279,70.0,27.565247746360296,67.0,67.0,0.0,-4.0,,,,,,,,,,,,,,,,,,,,,,,,,,,,,,-1.900107462850027,-3.0,1.0,0.0,0.0,0.0,1.0
2026-08-29|Rei Tsuruya vs. Kevin Borjas,UFC Fight Night: Nurmagomedov vs. Song,2026-08-29T00:00:00+00:00,Rei Tsuruya vs. Kevin Borjas,Rei Tsuruya,Kevin Borjas,Rei Tsuruya,SUB,1,Flyweight Bout,900,254.0,3.0,0.6666666666666666,0.3333333333333333,0.0,0.3333333333333333,0.0,0.0,0.0,0.0,1.980990495247624,2.281140570285143,0.46153846153846156,0.41984732824427484,12.156078039019508,2.2511255627813904,3.601800900450225,14.4072036018009,0.25,0.5,0.4502251125562781,0.0,335.4177088544272,143.62181090545272,0.9055333333333333,0.6666666666666666,0.3333333333333333,-0.3001500750375187,0.0,3.601800900450225,0.4502251125562781,91.0,24.186670499736476,66.0,68.0,0.0,6.0,0.3333333333333333,0.0,0.0,0.0,0.3333333333333333,0.0,0.5926251097453906,0.39508340649692714,3.4899034240561897,5.741878841088674,0.4233226837060703,0.49537037037037035,0.5926251097453906,6.7164179104477615,0.0,2.1729587357330993,0.0,0.8095238095238095,0.0,0.0,47.410008779631255,97.585601404741,1.4829545454545452,0.4,0.0,-1.4770240700218817,0.7385120350109409,0.0,0.0,70.0,28.72885822433041,65.0,68.0,0.0,-3.0,0.3333333333333333,0.3333333333333333,0.0,0.3333333333333333,-0.3333333333333333,0.0,-0.5926251097453906,-0.39508340649692714,-1.5089129288085656,-3.4607382708035312,0.03821577783239127,-0.07552304212609551,11.563452929274117,-4.465292347666371,3.601800900450225,12.234244866067801,0.25,-0.30952380952380953,0.4502251125562781,0.0,288.00770007479593,46.03620950071172,-0.5774212121212119,0.2666666666666666,0.3333333333333333,1.176873994984363,-0.7385120350109409,3.601800900450225,0.4502251125562781,-4.5421877245939335,1.0,0.0,0.0,0.0,0.0,1.0
2026-08-29|Umar Nurmagomedov vs. Song Yadong,UFC Fight Night: Nurmagomedov vs. Song,2026-08-29T00:00:00+00:00,Umar Nurmagomedov vs. Song Yadong,Umar Nurmagomedov,Song Yadong,Song Yadong,KO,0,Bantamweight Bout,1500,408.0,9.0,0.8888888888888888,0.3333333333333333,0.1111111111111111,0.2222222222222222,0.0,0.0,0.11851461680273902,0.23702923360547803,3.8635765077692916,1.8646299710297605,0.5646651270207852,0.611842105263158,15.52541480115881,0.23702923360547803,4.029496971293126,8.651567026599949,0.4657534246575342,0.7941176470588236,0.23702923360547803,0.11851461680273902,349.02554648406635,25.480642612588888,1.2217153284671534,0.8,0.0,1.2947368421052632,0.0,3.9473684210526314,0.0,217.0,30.65360685024333,68.0,69.0,0.0,16.0,0.75,0.4375,0.3125,0.125,0.0625,0.0,0.5100388601036269,0.0,4.507772020725389,3.8908678756476682,0.44423168980373384,0.5564784053156147,5.46470207253886,1.675841968911917,0.8743523316062176,2.113018134715026,0.41379310344827586,0.7735849056603774,0.2185880829015544,0.0,124.66806994818653,55.229922279792746,1.5185459119496858,0.6,0.2,-0.037641154328732745,0.0,1.317440401505646,0.18820577164366373,91.0,28.739809852358363,68.0,67.0,0.0,-7.0,0.13888888888888884,-0.10416666666666669,-0.2013888888888889,0.09722222222222221,-0.0625,0.0,-0.39152424330088786,0.23702923360547803,-0.644195512956097,-2.0262379046179078,0.12043343721705135,0.05536369994754331,10.06071272861995,-1.438812735306439,3.1551446396869083,6.538548891884923,0.051960321209258364,0.020532741398446186,0.01844115070392363,0.11851461680273902,224.3574765358798,-29.749279667203858,-0.29683058348253244,0.20000000000000007,-0.2,1.332377996433996,0.0,2.6299280195469854,-0.18820577164366373,1.913796997884969,0.0,2.0,1.0,0.0,0.0,1.0
2026-08-29|Xiao Long vs. Francesco Nuzzi,UFC Fight Night: Nurmagomedov vs. Song,2026-08-29T00:00:00+00:00,Xiao Long vs. Francesco Nuzzi,Xiao Long,Francesco Nuzzi,Francesco Nuzzi,KO,0,Bantamweight Bout,900,60.0,4.0,0.25,0.25,0.25,0.0,0.0,0.0,0.26564344746162927,0.0,4.994096812278631,4.144037780401416,0.45705024311183146,0.4657534246575342,1.859504132231405,0.0,0.7969303423848878,2.656434474616293,0.3,0.88,0.0,0.0,125.38370720188901,46.48760330578513,1.1623351181925035,0.25,0.25,0.8500590318772137,0.26564344746162927,0.7969303423848878,0.0,175.0,28.37840612743588,68.0,70.0,0.0,0.0,,,,,,,,,,,,,,,,,,,,,,,,,,,,,,,30.001984982580066,,,0.0,4.0,,,,,,,,,,,,,,,,,,,,,,,,,,,,,,-1.623578855144185,,,0.0,0.0,0.0,0.0
2026-08-29|Xiong Jingnan vs. Julia Polastri,UFC Fight Night: Nurmagomedov vs. Song,2026-08-29T00:00:00+00:00,Xiong Jingnan vs. Julia Polastri,Xiong Jingnan,Julia Polastri,Julia Polastri,KO,0,Women's Strawweight Bout,900,186.0,1.0,0.0,0.0,0.0,0.0,0.0,0.0,0.0,0.0,4.533333333333333,8.133333333333335,0.3434343434343434,0.3807106598984772,0.0,0.0,0.0,0.0,,0.75,0.0,1.0,7.0,126.00000000000001,,0.0,0.0,-3.5999999999999996,0.0,0.0,0.0,91.0,38.62912996160085,,,0.0,5.0,0.4,0.2,0.2,0.0,0.0,0.0,0.0,0.0,6.224862888482632,5.210237659963437,0.5805626598465473,0.580110497237569,5.141681901279707,2.056672760511883,0.6170018281535649,0.8226691042047531,0.75,0.6153846153846154,0.20566727605118829,0.0,110.23765996343693,203.8162705667276,1.1641365202411715,0.4,0.2,1.0146252285191957,0.0,0.6170018281535649,0.20566727605118829,126.0,28.48518450070843,62.0,63.0,0.0,-4.0,-0.4,-0.2,-0.2,0.0,0.0,0.0,0.0,0.0,-1.691529555149299,2.9230956733698976,-0.2371283164122039,-0.19939983733909183,-5.141681901279707,-2.056672760511883,-0.6170018281535649,-0.8226691042047531,,0.13461538461538458,-0.20566727605118829,1.0,-103.23765996343693,-77.8162705667276,,-0.4,-0.2,-4.614625228519195,0.0,-0.6170018281535649,-0.20566727605118829,10.143945460892422,,,0.0,0.0,1.0,0.0
2026-08-29|Yan Xiaonan vs. Denise Gomes,UFC Fight Night: Nurmagomedov vs. Song,2026-08-29T00:00:00+00:00,Yan Xiaonan vs. Denise Gomes,Yan Xiaonan,Denise Gomes,Denise Gomes,KO,0,Women's Strawweight Bout,900,289.0,13.0,0.6923076923076923,0.07692307692307693,0.07692307692307693,0.0,0.07692307692307693,0.0,0.15360983102918588,0.0,4.690220174091142,3.2309267793138763,0.45123152709359604,0.6026448362720402,4.147465437788019,8.832565284178187,0.8448540706605223,1.152073732718894,0.7333333333333333,0.6491228070175439,0.0,0.6912442396313364,73.04147465437788,264.7465437788018,1.34014598540146,0.6,0.2,0.8744939271255061,0.3643724696356275,0.5465587044534413,0.0,504.0,37.20268041095984,65.0,63.0,0.0,8.0,0.75,0.375,0.375,0.0,0.0,0.0,0.5082831325301205,0.0,4.021084337349397,3.072289156626506,0.5144508670520231,0.45708582834331335,8.471385542168676,5.082831325301205,1.694277108433735,4.913403614457832,0.3448275862068966,0.6590909090909092,0.8471385542168675,0.0,272.609186746988,249.56701807228913,0.7427737226277372,0.8,0.2,0.8702290076335878,0.22900763358778625,1.6030534351145038,0.4580152671755725,294.0,26.664476341061075,62.0,63.0,0.0,5.0,-0.05769230769230771,-0.2980769230769231,-0.2980769230769231,0.0,0.07692307692307693,0.0,-0.35467330150093457,0.0,0.6691358367417441,0.15863762268737025,-0.0632193399584271,0.1455590079287269,-4.323920104380657,3.7497339588769822,-0.8494230377732126,-3.761329881738938,0.3885057471264367,-0.009968102073365293,-0.8471385542168675,0.6912442396313364,-199.5677120926101,15.179525706512692,0.5973722627737227,-0.20000000000000007,0.0,0.0042649194919183175,0.13536483604784127,-1.0564947306610626,-0.4580152671755725,10.538204069898768,3.0,0.0,0.0,0.0,1.0,1.0
2026-09-05|Dan Hooker vs. Salahdine Parnasse,UFC Fight Night: Hooker vs. Parnasse,2026-09-05T00:00:00+00:00,Dan Hooker vs. Salahdine Parnasse,Dan Hooker,Salahdine Parnasse,Salahdine Parnasse,KO,0,Lightweight Bout,1500,155.0,24.0,0.5833333333333334,0.375,0.2916666666666667,0.08333333333333333,0.16666666666666666,0.08333333333333333,0.5552508911434055,0.12338908692075679,4.81628735947354,4.939676446394297,0.48690228690228693,0.49110169491525424,5.120647107211407,9.315876062517138,0.6786399780641623,2.0359199341924867,0.3333333333333333,0.7714285714285715,0.5552508911434055,1.0488072388264327,157.93803125856869,133.75377022210037,1.2655782455771956,0.6,0.2,-0.853410740203193,0.5224963715529752,0.0,1.567489114658926,217.0,36.55927226431754,72.0,75.0,0.0,0.0,,,,,,,,,,,,,,,,,,,,,,,,,,,,,,,28.75349938739331,,,0.0,24.0,,,,,,,,,,,,,,,,,,,,,,,,,,,,,,7.805772876924234,,,1.0,0.0,0.0,0.0
2026-09-05|Daniil Donchenko vs. Punahele Soriano,UFC Fight Night: Hooker vs. Parnasse,2026-09-05T00:00:00+00:00,Daniil Donchenko vs. Punahele Soriano,Daniil Donchenko,Punahele Soriano,Daniil Donchenko,DEC,1,Welterweight Bout,900,900.0,3.0,1.0,0.6666666666666666,0.6666666666666666,0.0,0.0,0.0,2.3047375160051216,0.0,8.066581306017927,2.804097311139565,0.6231454005934718,0.7032520325203252,12.099871959026888,0.0,0.5761843790012804,1.7285531370038412,0.3333333333333333,0.75,0.0,0.0,132.5224071702945,45.51856594110115,,1.0,0.6666666666666666,5.2624839948783615,2.3047375160051216,0.5761843790012804,0.0,70.0,25.087441905035696,71.0,71.0,0.0,11.0,0.6363636363636364,0.36363636363636365,0.36363636363636365,0.0,0.09090909090909091,0.09090909090909091,0.8446738620366026,0.14077897700610043,4.598779915532614,3.43500703894885,0.56,0.4748923959827833,32.0976067573909,1.1262318160488034,1.8301267010793054,3.801032379164711,0.48148148148148145,0.4878048780487805,0.14077897700610043,0.985452839042703,275.50445800093854,156.54622243078367,0.8400000000000001,0.8,0.2,2.6882048156049985,0.27430661383724475,3.291679366046937,0.27430661383724475,196.0,33.785772466238186,71.0,72.0,1.0,-8.0,0.36363636363636365,0.303030303030303,0.303030303030303,0.0,-0.09090909090909091,-0.09090909090909091,1.460063653968519,-0.14077897700610043,3.467801390485313,-0.6309097278092852,0.06314540059347173,0.22835963653754188,-19.99773479836401,-1.1262318160488034,-1.253942322078025,-2.0724792421608695,-0.14814814814814814,0.2621951219512195,-0.14077897700610043,-0.985452839042703,-142.98205083064403,-111.02765648968253,,0.19999999999999996,0.4666666666666666,2.574279179273363,2.030430902167877,-2.7154949870456564,-0.27430661383724475,-8.69833056120249,0.0,-1.0,0.0,0.0,0.0,0.0
2026-09-05|Delphine Benouaich vs. Sofia Montenegro,UFC Fight Night: Hooker vs. Parnasse,2026-09-05T00:00:00+00:00,Delphine Benouaich vs. Sofia Montenegro,Delphine Benouaich,Sofia Montenegro,Delphine Benouaich,SUB,1,Women's Strawweight Bout,900,562.0,0.0,,,,,,,,,,,,,,,,,,,,,,,,,,,,,,,31.46128941730494,,,0.0,0.0,,,,,,,,,,,,,,,,,,,,,,,,,,,,,,,27.217533556472755,66.0,67.0,0.0,0.0,,,,,,,,,,,,,,,,,,,,,,,,,,,,,,4.243755860832184,,,0.0,0.0,1.0,0.0
2026-09-05|Fares Ziam vs. Axel Sola,UFC Fight Night: Hooker vs. Parnasse,2026-09-05T00:00:00+00:00,Fares Ziam vs. Axel Sola,Fares Ziam,Axel Sola,Axel Sola,KO,0,Lightweight Bout,900,100.0,11.0,0.7272727272727273,0.18181818181818182,0.18181818181818182,0.0,0.0,0.09090909090909091,0.20668274199104375,0.0,2.679986221150534,1.584567688598002,0.5242587601078167,0.6377952755905512,7.13055459869101,3.823630726834309,1.8601446779193938,4.3403375818119185,0.42857142857142855,0.7083333333333333,0.5167068549776094,0.3100241129865656,244.9190492593868,303.41026524285223,0.7284218689414501,0.8,0.4,1.4124570868072586,0.4413928396272683,2.8690534575772437,1.1034820990681706,91.0,29.459879395196342,73.0,75.0,0.0,3.0,0.6666666666666666,0.6666666666666666,0.3333333333333333,0.3333333333333333,0.0,0.0,0.944386149003148,0.0,4.501573976915005,4.53305351521511,0.5035211267605634,0.6149732620320856,4.721930745015739,0.472193074501574,1.888772298006296,5.194123819517314,0.36363636363636365,0.6666666666666667,0.472193074501574,0.0,211.07030430220357,60.44071353620147,1.690529641639644,0.6666666666666666,0.6666666666666666,-0.031479538300104935,0.944386149003148,1.888772298006296,0.472193074501574,42.0,28.96705613393841,74.0,74.0,1.0,8.0,0.06060606060606066,-0.4848484848484848,-0.1515151515151515,-0.3333333333333333,0.0,0.09090909090909091,-0.7377034070121042,0.0,-1.8215877557644715,-2.9484858266171083,0.020737633347253315,0.02282201355846558,2.4086238536752704,3.3514376523327347,-0.028627620086902228,-0.8537862377053953,0.0649350649350649,0.04166666666666652,0.04451378047603538,0.3100241129865656,33.84874495718324,242.96955170665075,-0.9621077726981939,0.13333333333333341,-0.2666666666666666,1.4439366251073635,-0.5029933093758797,0.9802811595709477,0.6312890245665966,0.4928232612579322,-1.0,1.0,0.0,0.0,0.0,0.0
2026-09-05|Kurtis Campbell vs. Trevor Peek,UFC Fight Night: Hooker vs. Parnasse,2026-09-05T00:00:00+00:00,Kurtis Campbell vs. Trevor Peek,Kurtis Campbell,Trevor Peek,Kurtis Campbell,SUB,1,Featherweight Bout,900,787.0,1.0,0.0,0.0,0.0,0.0,1.0,0.0,0.0,5.438066465256798,3.081570996978852,2.900302114803625,0.4146341463414634,0.5,0.0,2.719033232628399,5.438066465256798,13.595166163141995,0.4,0.0,0.0,0.0,315.4078549848943,176.7371601208459,,0.0,0.0,0.18126888217522658,0.0,5.438066465256798,0.0,168.0,24.10453328952682,69.0,72.0,0.0,5.0,0.4,0.2,0.2,0.0,0.0,0.0,0.4616568350859194,0.0,4.0779687099256225,3.3393177737881508,0.517578125,0.46287128712871284,3.2315978456014363,3.6932546806873554,1.3849705052577586,2.769941010515517,0.5,0.5319148936170213,0.0,0.4616568350859194,146.34521672223647,305.8476532444216,0.5650992063492064,0.4,0.2,0.7386509361374712,0.4616568350859194,1.3849705052577586,0.0,728.0,31.655680814801126,69.0,70.0,0.0,-4.0,-0.4,-0.2,-0.2,0.0,1.0,0.0,-0.4616568350859194,5.438066465256798,-0.9963977129467705,-0.43901565898452555,-0.1029439786585366,0.03712871287128716,-3.2315978456014363,-0.9742214480589566,4.053095959999039,10.825225152626478,-0.09999999999999998,-0.5319148936170213,0.0,-0.4616568350859194,169.06263826265783,-129.1104931235757,,-0.4,-0.2,-0.5573820539622447,-0.4616568350859194,4.053095959999039,0.0,-7.551147525274306,0.0,2.0,0.0,0.0,0.0,1.0
2026-09-05|Losene Keita vs. Muhammad Naimov,UFC Fight Night: Hooker vs. Parnasse,2026-09-05T00:00:00+00:00,Losene Keita vs. Muhammad Naimov,Losene Keita,Muhammad Naimov,Losene Keita,KO,1,Featherweight Bout,900,174.0,1.0,0.0,0.0,0.0,0.0,0.0,0.0,0.0,0.0,3.4666666666666663,4.466666666666666,0.4369747899159664,0.6235955056179776,0.0,0.0,0.0,0.0,,1.0,0.0,0.0,0.0,0.0,,0.0,0.0,-1.0,0.0,0.0,0.0,168.0,28.682313805211606,68.0,72.0,0.0,7.0,0.7142857142857143,0.2857142857142857,0.2857142857142857,0.0,0.14285714285714285,0.14285714285714285,0.19915910599690198,0.19915910599690198,2.3235229032971896,2.8546138526222617,0.4050925925925926,0.4473007712082262,4.779818543925647,1.9915910599690196,1.7924319539721179,5.178136755919451,0.34615384615384615,0.7352941176470589,0.19915910599690198,0.19915910599690198,240.38504093826066,191.5910599690197,0.8415480102227091,0.6,0.2,-0.5159235668789809,0.0,1.4331210191082804,0.28662420382165604,273.0,32.080056400884345,69.0,70.0,0.0,-6.0,-0.7142857142857143,-0.2857142857142857,-0.2857142857142857,0.0,-0.14285714285714285,-0.14285714285714285,-0.19915910599690198,-0.19915910599690198,1.1431437633694768,1.6120528140444041,0.03188219732337377,0.1762947344097514,-4.779818543925647,-1.9915910599690196,-1.7924319539721179,-5.178136755919451,,0.2647058823529411,-0.19915910599690198,-0.19915910599690198,-240.38504093826066,-191.5910599690197,,-0.6,-0.2,-0.4840764331210191,0.0,-1.4331210191082804,-0.28662420382165604,-3.3977425956727387,-1.0,2.0,0.0,0.0,0.0,1.0
2026-09-05|Mario Pinto vs. Ryan Spann,UFC Fight Night: Hooker vs. Parnasse,2026-09-05T00:00:00+00:00,Mario Pinto vs. Ryan Spann,Mario Pinto,Ryan Spann,Mario Pinto,KO,1,Heavyweight Bout,900,355.0,3.0,1.0,0.6666666666666666,0.6666666666666666,0.0,0.0,0.0,0.5030743432084964,0.5030743432084964,2.5489100055897147,1.8110676355505868,0.6666666666666666,0.578125,14.086081609837898,0.0,2.5153717160424818,9.558412520961431,0.2631578947368421,1.0,1.0061486864169928,0.0,423.0855226383454,31.190609278926775,,1.0,0.6666666666666666,0.737842370039128,0.5030743432084964,2.5153717160424818,1.0061486864169928,168.0,28.479708686694455,77.0,79.0,0.0,16.0,0.625,0.5,0.25,0.25,0.1875,0.125,0.9113924050632912,0.6075949367088608,3.078481012658228,3.848101265822785,0.3948051948051948,0.43620178041543023,9.569620253164556,9.873417721518988,1.2151898734177216,3.4936708860759493,0.34782608695652173,0.5806451612903225,1.518987341772152,0.759493670886076,211.74683544303798,143.39240506329116,1.6142857142857143,0.6,0.6,-1.587837837837838,0.5067567567567568,1.0135135135135136,2.027027027027027,133.0,35.03425806142494,77.0,79.0,0.0,-13.0,0.375,0.16666666666666663,0.41666666666666663,-0.25,-0.1875,-0.125,-0.4083180618547948,-0.10452059350036436,-0.5295710070685131,-2.037033630272198,0.2718614718614718,0.14192321958456977,4.516461356673341,-9.873417721518988,1.3001818426247602,6.064741634885482,-0.08466819221967964,0.4193548387096775,-0.5128386553551592,-0.759493670886076,211.33868719530744,-112.20179578436439,,0.4,0.06666666666666665,2.325680207876966,-0.003682413548260377,1.5018582025289682,-1.0208783406100344,-6.554549374730488,0.0,0.0,0.0,1.0,0.0,1.0
2026-09-05|Matthieu Duclos vs. Luis Felipe Dias,UFC Fight Night: Hooker vs. Parnasse,2026-09-05T00:00:00+00:00,Matthieu Duclos vs. Luis Felipe Dias,Matthieu Duclos,Luis Felipe Dias,Matthieu Duclos,KO,1,Middleweight Bout,900,275.0,0.0,,,,,,,,,,,,,,,,,,,,,,,,,,,,,,,31.422958719207102,75.0,77.0,0.0,1.0,1.0,1.0,1.0,0.0,0.0,0.0,4.090909090909091,0.0,5.7272727272727275,2.7272727272727275,0.525,0.6,12.272727272727272,0.0,0.0,0.0,,,0.0,0.0,12.272727272727272,0.0,,1.0,1.0,3.0,4.090909090909091,0.0,0.0,98.0,31.633777558745216,,,0.0,-1.0,,,,,,,,,,,,,,,,,,,,,,,,,,,,,,-0.21081883953811342,,,0.0,0.0,0.0,0.0
2026-09-05|Michael Aljarouj vs. Fabia Sintes,UFC Fight Night: Hooker vs. Parnasse,2026-09-05T00:00:00+00:00,Michael Aljarouj vs. Fabia Sintes,Michael Aljarouj,Fabia Sintes,Fabia Sintes,DEC,0,Flyweight Bout,900,900.0,0.0,,,,,,,,,,,,,,,,,,,,,,,,,,,,,,,29.0409796231271,,,0.0,0.0,,,,,,,,,,,,,,,,,,,,,,,,,,,,,,,32.11017337796122,,,0.0,0.0,,,,,,,,,,,,,,,,,,,,,,,,,,,,,,-3.0691937548341173,,,0.0,0.0,0.0,1.0
2026-09-05|Michael Page vs. Nursulton Ruziboev,UFC Fight Night: Hooker vs. Parnasse,2026-09-05T00:00:00+00:00,Michael Page vs. Nursulton Ruziboev,Michael Page,Nursulton Ruziboev,Michael Page,DEC,1,Middleweight Bout,900,900.0,5.0,0.8,0.0,0.0,0.0,0.0,0.0,0.0,0.0,2.1466666666666665,1.5733333333333335,0.5649122807017544,0.6168831168831168,0.6,3.6,0.0,1.0,0.0,0.6842105263157895,0.0,0.6,55.0,282.4,1.1249999999999998,0.8,0.0,0.5733333333333333,0.0,0.0,0.0,168.0,39.41490927260656,75.0,79.0,0.0,6.0,0.8333333333333334,0.6666666666666666,0.5,0.16666666666666666,0.0,0.0,1.0204081632653061,0.3401360544217687,2.380952380952381,2.675736961451247,0.4646017699115044,0.49356223175965663,7.482993197278911,24.489795918367346,1.3605442176870748,1.7006802721088436,0.8,0.33333333333333337,0.3401360544217687,0.6802721088435374,144.21768707482994,218.02721088435374,1.2227884615384612,0.8,0.6,-0.37368625924484233,1.050992604126119,1.050992604126119,0.35033086804203967,70.0,32.794650129708344,77.0,76.0,0.0,-1.0,-0.033333333333333326,-0.6666666666666666,-0.5,-0.16666666666666666,0.0,0.0,-1.0204081632653061,-0.3401360544217687,-0.23428571428571443,-1.1024036281179137,0.10031051079024994,0.12332088512346018,-6.882993197278911,-20.889795918367344,-1.3605442176870748,-0.7006802721088436,-0.8,0.3508771929824561,-0.3401360544217687,-0.08027210884353742,-89.21768707482994,64.37278911564624,-0.09778846153846144,0.0,-0.6,0.9470195925781756,-1.050992604126119,-1.050992604126119,-0.35033086804203967,6.620259142898213,-2.0,3.0,0.0,0.0,0.0,0.0
2026-09-05|Morgan Charriere vs. Felipe Lima,UFC Fight Night: Hooker vs. Parnasse,2026-09-05T00:00:00+00:00,Morgan Charriere vs. Felipe Lima,Morgan Charriere,Felipe Lima,Felipe Lima,DEC,0,Featherweight Bout,900,900.0,6.0,0.5,0.5,0.5,0.0,0.16666666666666666,0.0,0.8826413860738803,0.5884275907159202,4.020921869892121,4.511278195488721,0.5,0.5390781563126252,2.9421379535796013,4.707420725727362,2.059496567505721,4.413206930369402,0.4666666666666667,0.8333333333333334,0.2942137953579601,0.2942137953579601,183.5894083033671,108.56489048708728,0.8931419457735248,0.4,0.4,-0.891089108910891,0.6364922206506365,2.227722772277228,0.31824611032531824,266.0,30.861687782774457,68.0,69.0,0.0,3.0,0.6666666666666666,0.3333333333333333,0.0,0.3333333333333333,0.0,0.0,0.0,0.0,2.860606060606061,2.909090909090909,0.45038167938931295,0.6470588235294117,0.7272727272727273,8.0,2.1818181818181817,8.0,0.2727272727272727,0.8571428571428572,0.7272727272727273,0.0,161.45454545454544,196.36363636363635,0.6060606060606061,0.6666666666666666,0.3333333333333333,-0.048484848484848485,0.0,2.1818181818181817,0.7272727272727273,434.0,28.331861708317078,66.0,68.0,0.0,3.0,-0.16666666666666663,0.16666666666666669,0.5,-0.3333333333333333,0.16666666666666666,0.0,0.8826413860738803,0.5884275907159202,1.1603158092860606,1.602187286397812,0.04961832061068705,-0.10798066721678645,2.214865226306874,-3.2925792742726383,-0.1223216143124608,-3.5867930696305983,0.19393939393939397,-0.023809523809523836,-0.4330589319147672,0.2942137953579601,22.134862848821655,-87.79874587654906,0.2870813397129187,-0.2666666666666666,0.06666666666666671,-0.8426042604260425,0.6364922206506365,0.04590459045904627,-0.40902661694740905,2.529826074457379,2.0,1.0,0.0,0.0,0.0,1.0
2026-09-05|Nathaniel Wood vs. Pavel Andrusca,UFC Fight Night: Hooker vs. Parnasse,2026-09-05T00:00:00+00:00,Nathaniel Wood vs. Pavel Andrusca,Nathaniel Wood,Pavel Andrusca,Pavel Andrusca,DEC,0,Featherweight Bout,900,900.0,14.0,0.7857142857142857,0.21428571428571427,0.0,0.21428571428571427,0.07142857142857142,0.0,0.3957087583538516,0.23742525501231096,5.6401688357368975,4.252550123109391,0.5112386417981827,0.5448898927159797,6.489623637003166,4.431938093563137,1.3454097784030952,2.769961308476961,0.4857142857142857,0.7333333333333334,0.4748505100246219,0.07914175167077031,133.98698557861414,127.25993668659865,1.2123744369818412,0.8,0.0,0.6133333333333334,0.6,0.8,0.4,168.0,33.3285419960711,66.0,69.0,0.0,0.0,,,,,,,,,,,,,,,,,,,,,,,,,,,,,,,24.32904166409988,,,0.0,14.0,,,,,,,,,,,,,,,,,,,,,,,,,,,,,,8.999500331971223,,,0.0,0.0,0.0,1.0
2026-09-05|Nora Cornolle vs. Klaudia Sygula,UFC Fight Night: Hooker vs. Parnasse,2026-09-05T00:00:00+00:00,Nora Cornolle vs. Klaudia Sygula,Nora Cornolle,Klaudia Sygula,Nora Cornolle,DEC,1,Women's Bantamweight Bout,900,900.0,6.0,0.5,0.3333333333333333,0.16666666666666666,0.16666666666666666,0.0,0.16666666666666666,0.22156573116691286,0.0,2.7326440177252582,2.0384047267355982,0.5505952380952381,0.5619047619047619,0.4431314623338257,5.982274741506647,0.22156573116691286,1.9940915805022157,0.1111111111111111,0.47619047619047616,0.22156573116691286,0.8862629246676514,113.6632200886263,472.5997045790251,0.9361702127659574,0.4,0.4,0.47438330170777987,0.2846299810246679,0.2846299810246679,0.2846299810246679,196.0,36.74818784779975,67.0,67.0,0.0,3.0,0.6666666666666666,0.0,0.0,0.0,0.3333333333333333,0.0,0.0,0.0,7.2660550458715605,5.5045871559633035,0.48175182481751827,0.562363238512035,1.2385321100917432,11.972477064220184,0.41284403669724773,3.302752293577982,0.125,0.4,0.0,0.0,82.1559633027523,117.66055045871559,0.8414634146341464,0.6666666666666666,0.0,1.761467889908257,0.0,0.41284403669724773,0.0,210.0,27.6829777476608,68.0,69.0,0.0,3.0,-0.16666666666666663,0.3333333333333333,0.16666666666666666,0.16666666666666666,-0.3333333333333333,0.16666666666666666,0.22156573116691286,0.0,-4.533411028146302,-3.4661824292277053,0.06884341327771987,-0.0004584766072730506,-0.7954006477579175,-5.990202322713538,-0.19127830553033487,-1.3086607130757661,-0.013888888888888895,0.07619047619047614,0.22156573116691286,0.8862629246676514,31.507256785874006,354.9391541203095,0.09470679813181093,-0.2666666666666666,0.4,-1.287084588200477,0.2846299810246679,-0.12821405567257982,0.2846299810246679,9.065210100138948,-1.0,-2.0,0.0,0.0,1.0,1.0
2026-09-05|Oumar Sy vs. Modestas Bukauskas,UFC Fight Night: Hooker vs. Parnasse,2026-09-05T00:00:00+00:00,Oumar Sy vs. Modestas Bukauskas,Oumar Sy,Modestas Bukauskas,Modestas Bukauskas,KO,0,Light Heavyweight Bout,900,537.0,5.0,0.6,0.4,0.2,0.2,0.0,0.2,0.0,0.0,3.409887115609186,1.8684312962242118,0.48344370860927155,0.6680497925311204,4.554301284546516,1.050992604126119,2.4523160762942777,7.006617360840794,0.35,0.6666666666666667,0.35033086804203967,0.35033086804203967,305.1381860646166,55.702608018684316,1.3839617486338798,0.6,0.4,1.5414558193849748,0.0,2.4523160762942777,0.35033086804203967,175.0,30.790502200592755,76.0,83.0,0.0,13.0,0.6153846153846154,0.3076923076923077,0.23076923076923078,0.07692307692307693,0.3076923076923077,0.0,0.11457670273711013,0.5728835136855506,3.1394016549968176,3.8574156588160404,0.43036649214659684,0.5053868756121449,2.1769573520050924,1.031190324633991,0.22915340547422025,0.3437301082113304,0.6666666666666666,0.8214285714285714,0.11457670273711013,0.0,98.65054105665182,134.7422024188415,1.0578236164828343,0.8,0.4,-0.44103547459252157,0.28763183125599234,0.0,0.0,112.0,32.5674038481283,75.0,76.0,0.0,-8.0,-0.015384615384615441,0.09230769230769231,-0.03076923076923077,0.12307692307692308,-0.3076923076923077,0.2,-0.11457670273711013,-0.5728835136855506,0.27048546061236856,-1.9889843625918286,0.053077216462674714,0.1626629169189755,2.3773439325414234,0.019802279492127983,2.2231626708200576,6.662887252629464,-0.31666666666666665,-0.15476190476190466,0.23575416530492954,0.35033086804203967,206.48764500796477,-79.03959440015717,0.3261381321510455,-0.20000000000000007,0.0,1.9824912939774963,-0.28763183125599234,2.4523160762942777,0.35033086804203967,-1.7769016475355457,1.0,7.0,0.0,0.0,0.0,0.0
2026-09-12|Brandon Moreno vs. Joseph Morales,Noche UFC: Silva vs. Delgado,2026-09-12T00:00:00+00:00,Brandon Moreno vs. Joseph Morales,Brandon Moreno,Joseph Morales,Brandon Moreno,DEC,1,Flyweight Bout,900,900.0,18.0,0.6111111111111112,0.3333333333333333,0.16666666666666666,0.16666666666666666,0.05555555555555555,0.0,0.1495679149124751,0.24927985818745843,3.795701307334367,3.5730113006869044,0.43654434250764523,0.615109201575367,3.6394859295368933,3.589629957899402,1.2962552625747839,3.4400620429869266,0.37681159420289856,0.6666666666666667,0.44870374473742525,0.1495679149124751,155.40106359406158,87.89607799689784,1.3677084502300525,0.4,0.0,-0.260707635009311,0.0,0.5586592178770949,0.13966480446927373,196.0,32.76453315263147,67.0,70.0,0.0,5.0,0.6,0.6,0.0,0.6,0.2,0.0,0.3800675675675676,0.3800675675675676,2.001689189189189,2.052364864864865,0.40512820512820513,0.578125,9.121621621621623,8.741554054054054,1.1402027027027029,2.6604729729729732,0.42857142857142855,0.2666666666666667,3.040540540540541,0.3800675675675676,152.78716216216216,375.8868243243243,,0.6,0.6,-0.05067567567567568,0.3800675675675676,1.1402027027027029,3.040540540540541,308.0,32.05815314482844,66.0,69.0,0.0,13.0,0.011111111111111183,-0.26666666666666666,0.16666666666666666,-0.43333333333333335,-0.14444444444444446,0.0,-0.2304996526550925,-0.13078770938010917,1.794012118145178,1.5206464358220395,0.0314161373794401,0.03698420157536697,-5.4821356920847295,-5.151924096154652,0.156052559872081,0.7795890700139534,-0.05175983436852999,0.4,-2.5918367958031157,-0.2304996526550925,2.6139014318994214,-287.99074632742645,,-0.19999999999999996,-0.6,-0.2100319593336353,-0.3800675675675676,-0.5815434848256079,-2.900875736071267,0.706380007803034,1.0,1.0,0.0,0.0,0.0,0.0
2026-09-12|David Martinez vs. Dan Ige,Noche UFC: Silva vs. Delgado,2026-09-12T00:00:00+00:00,David Martinez vs. Dan Ige,David Martinez,Dan Ige,David Martinez,DEC,1,Bantamweight Bout,900,900.0,3.0,1.0,0.3333333333333333,0.3333333333333333,0.0,0.0,0.0,0.4331087584215592,0.0,4.619826756496631,2.8296438883541866,0.45584045584045585,0.7003058103975535,4.764196342637151,0.0,0.8662175168431184,3.031761308950914,0.2857142857142857,1.0,0.0,0.0,77.09335899903753,27.28585178055823,1.3126960784313724,1.0,0.3333333333333333,1.7901828681424448,0.4331087584215592,0.8662175168431184,0.0,196.0,28.110091240751007,65.0,67.0,0.0,21.0,0.5238095238095238,0.2857142857142857,0.23809523809523808,0.047619047619047616,0.047619047619047616,0.0,0.4029936672423719,0.17271157167530224,3.5808865860679333,3.6653233544425254,0.4524733268671193,0.558891454965358,7.484168105929764,6.0449050086355784,0.7484168105929764,3.3966609096142775,0.22033898305084745,0.5675675675675675,0.05757052389176741,0.4029936672423719,105.69948186528497,180.08059873344848,0.9871834518778133,0.2,0.2,-0.6543075245365322,0.24536532170119957,0.49073064340239914,0.0,203.0,35.10270573659965,67.0,71.0,0.0,-18.0,0.47619047619047616,0.047619047619047616,0.09523809523809523,-0.047619047619047616,-0.047619047619047616,0.0,0.030115091179187314,-0.17271157167530224,1.038940170428698,-0.8356794660883389,0.003367128973336575,0.1414143554321955,-2.7199717632926133,-6.0449050086355784,0.11780070625014205,-0.36489960066336335,0.06537530266343825,0.43243243243243246,-0.05757052389176741,-0.4029936672423719,-28.606122866247432,-152.79474695289025,0.32551262655355906,0.8,0.1333333333333333,2.444490392678977,0.18774343672035965,0.3754868734407193,0.0,-6.992614495848645,-2.0,-4.0,0.0,0.0,0.0,1.0
2026-09-12|Drakkar Klose vs. Tommy Gantt,Noche UFC: Silva vs. Delgado,2026-09-12T00:00:00+00:00,Drakkar Klose vs. Tommy Gantt,Drakkar Klose,Tommy Gantt,Tommy Gantt,SUB,0,Lightweight Bout,900,766.0,13.0,0.7692307692307693,0.15384615384615385,0.15384615384615385,0.0,0.15384615384615385,0.0,0.19863164864268373,0.19863164864268373,4.250717280953432,3.654822335025381,0.5506003430531733,0.4931129476584022,5.164422864709777,1.8870006621054956,1.489737364820128,5.561686161995144,0.26785714285714285,0.6923076923076923,0.0,0.4965791216067093,211.54270580445817,150.06621054954758,1.1095061728395061,0.8,0.2,0.16167059616032334,0.0,0.9093971034018188,0.0,392.0,38.511399960300345,69.0,70.0,0.0,1.0,1.0,1.0,1.0,0.0,0.0,0.0,0.0,0.0,3.56687898089172,1.019108280254777,0.7368421052631579,0.3846153846153846,28.662420382165607,0.0,11.464968152866243,32.48407643312102,0.35294117647058826,1.0,0.0,0.0,601.9108280254777,101.27388535031848,,1.0,1.0,2.5477707006369426,0.0,11.464968152866243,0.0,119.0,33.673518278951654,71.0,76.0,0.0,12.0,-0.23076923076923073,-0.8461538461538461,-0.8461538461538461,0.0,0.15384615384615385,0.0,0.19863164864268373,0.19863164864268373,0.6838383000617121,2.635714054770604,-0.18624176220998456,0.10849756304301761,-23.49799751745583,1.8870006621054956,-9.975230788046115,-26.922390271125874,-0.08508403361344541,-0.3076923076923077,0.0,0.4965791216067093,-390.3681222210196,48.7923251992291,,-0.19999999999999996,-0.8,-2.3861001044766192,0.0,-10.555571049464424,0.0,4.837881681348691,-2.0,-6.0,0.0,0.0,0.0,1.0
2026-09-12|Ignacio Bahamondes vs. Muslim Salikhov,Noche UFC: Silva vs. Delgado,2026-09-12T00:00:00+00:00,Ignacio Bahamondes vs. Muslim Salikhov,Ignacio Bahamondes,Muslim Salikhov,Ignacio Bahamondes,DEC,1,Welterweight Bout,900,900.0,10.0,0.6,0.5,0.3,0.2,0.0,0.0,0.6716417910447762,0.0,5.802985074626865,4.164179104477611,0.4550561797752809,0.5524542829643888,4.567164179104477,5.373134328358209,0.0,1.208955223880597,0.0,0.65625,0.6716417910447762,0.0,62.19402985074627,162.40298507462688,0.9259074377807888,0.6,0.6,0.5738045738045738,1.496881496881497,0.0,1.1226611226611227,168.0,29.04371753013409,75.0,75.0,0.0,14.0,0.6428571428571429,0.35714285714285715,0.35714285714285715,0.0,0.21428571428571427,0.07142857142857142,0.5927291886195996,0.35563751317175973,3.374604847207587,2.963645943097998,0.4965116279069767,0.6238716148445336,4.860379346680716,2.7265542676501577,1.0669125395152792,3.3192834562697575,0.32142857142857145,0.7241379310344828,0.0,0.11854583772391991,58.56164383561644,107.52107481559536,1.2601245762275615,0.6,0.4,0.20964360587002095,1.2578616352201257,0.0,0.0,308.0,42.25959465286761,71.0,70.0,0.0,-4.0,-0.04285714285714293,0.14285714285714285,-0.05714285714285716,0.2,-0.21428571428571427,-0.07142857142857142,0.07891260242517661,-0.35563751317175973,2.4283802274192783,1.2005331613796133,-0.04145544813169583,-0.07141733188014476,-0.2932151675762391,2.6465800607080516,-1.0669125395152792,-2.1103282323891603,-0.32142857142857145,-0.06788793103448276,0.6716417910447762,-0.11854583772391991,3.632386015129832,54.88191025903153,-0.3342171384467727,0.0,0.19999999999999996,0.3641609679345529,0.23901986166137124,0.0,1.1226611226611227,-13.215877122733524,4.0,5.0,0.0,0.0,0.0,1.0
2026-09-12|JJ Aldrich vs. Regina Tarin,Noche UFC: Silva vs. Delgado,2026-09-12T00:00:00+00:00,JJ Aldrich vs. Regina Tarin,JJ Aldrich,Regina Tarin,Regina Tarin,DEC,0,Women's Flyweight Bout,900,900.0,17.0,0.6470588235294118,0.058823529411764705,0.058823529411764705,0.0,0.058823529411764705,0.058823529411764705,0.0,0.0,3.915628539071348,4.340317100792753,0.4612306153076538,0.6190831159150205,5.0325594563986416,1.0192525481313703,0.7007361268403172,2.739241223103058,0.2558139534883721,0.675,0.0,0.1274065685164213,149.0656851642129,63.06625141562854,1.6683673469387754,0.8,0.2,0.37240391501551684,0.0,0.429696825017904,0.0,147.0,33.952784793664485,65.0,67.0,1.0,1.0,1.0,0.0,0.0,0.0,0.0,0.0,0.0,0.0,7.6000000000000005,7.0,0.4769874476987448,0.5783132530120482,0.0,0.0,1.0,3.0,0.3333333333333333,0.5,0.0,0.0,62.0,77.0,,1.0,0.0,0.6,0.0,1.0,0.0,196.0,,,,0.0,16.0,-0.3529411764705882,0.058823529411764705,0.058823529411764705,0.0,0.058823529411764705,0.058823529411764705,0.0,0.0,-3.6843714609286526,-2.6596828992072474,-0.01575683239109099,0.040769862902972354,5.0325594563986416,1.0192525481313703,-0.29926387315968284,-0.26075877689694194,-0.07751937984496121,0.17500000000000004,0.0,0.1274065685164213,87.06568516421291,-13.933748584371457,,-0.19999999999999996,0.2,-0.22759608498448314,0.0,-0.5703031749820959,0.0,,,,0.0,0.0,1.0,0.0
2026-09-12|Jean Silva vs. Jose Delgado,Noche UFC: Silva vs. Delgado,2026-09-12T00:00:00+00:00,Jean Silva vs. Jose Delgado,Jean Silva,Jose Delgado,Jean Silva,SUB,1,Featherweight Bout,1500,777.0,7.0,0.8571428571428571,0.7142857142857143,0.5714285714285714,0.14285714285714285,0.14285714285714285,0.0,1.2510425354462054,0.25020850708924103,4.57047539616347,4.437030859049208,0.5299806576402321,0.5325131810193322,3.0025020850708923,10.758965804837365,1.2510425354462054,1.7514595496246872,0.7142857142857143,0.78125,0.7506255212677231,0.0,19.266055045871557,107.08924103419517,1.3909728839989606,0.8,0.6,-0.34424569692878837,0.6074924063449206,1.2149848126898413,0.9112386095173811,231.0,29.709028932832297,67.0,69.0,0.0,5.0,0.8,0.4,0.4,0.0,0.0,0.0,1.2396694214876034,0.30991735537190085,6.053719008264463,4.1735537190082646,0.5456238361266295,0.5324074074074074,10.227272727272728,2.169421487603306,0.6198347107438017,2.7892561983471076,0.2222222222222222,0.5925925925925926,0.0,0.30991735537190085,76.85950413223141,109.7107438016529,0.8116290726817044,0.8,0.4,1.8801652892561982,1.2396694214876034,0.6198347107438017,0.0,56.0,28.39483356947781,71.0,74.0,0.0,2.0,0.05714285714285705,0.3142857142857143,0.17142857142857137,0.14285714285714285,0.14285714285714285,0.0,0.011373113958601966,-0.05970884828265982,-1.4832436121009929,0.26347714004094325,-0.015643178486397402,0.00010577361192476431,-7.224770642201836,8.589544317234058,0.6312078247024037,-1.0377966487224204,0.4920634920634921,0.18865740740740744,0.7506255212677231,-0.30991735537190085,-57.593449086359854,-2.621502767457727,0.5793438113172562,0.0,0.19999999999999996,-2.224410986184987,-0.6321770151426828,0.5951501019460396,0.9112386095173811,1.3141953633544858,-4.0,-5.0,1.0,0.0,0.0,0.0
2026-09-12|Manon Fiorot vs. Alexa Grasso,Noche UFC: Silva vs. Delgado,2026-09-12T00:00:00+00:00,Manon Fiorot vs. Alexa Grasso,Manon Fiorot,Alexa Grasso,Alexa Grasso,DEC,0,Women's Flyweight Bout,900,900.0,9.0,0.8888888888888888,0.3333333333333333,0.3333333333333333,0.0,0.0,0.0,0.11685276551545053,0.11685276551545053,5.655673850947806,3.5756946247727863,0.42038216560509556,0.6693083573487031,3.6224357309789665,0.7011165930927032,1.0516748896390546,3.6224357309789665,0.2903225806451613,0.875,0.0,0.11685276551545053,122.81225655673852,31.199688392625294,0.926256038647343,0.8,0.2,0.9232663110381617,0.0,0.553959786622897,0.0,329.0,36.56748598533851,67.0,65.0,0.0,14.0,0.6428571428571429,0.21428571428571427,0.07142857142857142,0.14285714285714285,0.0,0.07142857142857142,0.07539582809751194,0.0,4.207087207841166,3.774817793415431,0.4108983799705449,0.5905125408942202,2.0356873586328224,2.9404372958029654,0.3769791404875597,1.130937421462679,0.3333333333333333,0.5606060606060606,0.6785624528776074,0.07539582809751194,84.14174415682332,205.83061070620758,1.0222758405977586,0.6,0.4,-0.4698242933537051,0.17188693659281895,0.17188693659281895,0.6875477463712758,168.0,33.09308199347009,65.0,66.0,0.0,-5.0,0.24603174603174593,0.11904761904761904,0.26190476190476186,-0.14285714285714285,0.0,-0.07142857142857142,0.041456937417938586,0.11685276551545053,1.4485866431066396,-0.1991231686426449,0.009483785634550657,0.07879581645448286,1.5867483723461442,-2.239320702710262,0.6746957491514949,2.4914983095162873,-0.043010752688172005,0.31439393939393945,-0.6785624528776074,0.041456937417938586,38.6705123999152,-174.6309223135823,-0.0960198019504156,0.20000000000000007,-0.2,1.3930906043918667,-0.17188693659281895,0.38207285003007807,-0.6875477463712758,3.4744039918684138,2.0,-1.0,0.0,0.0,1.0,1.0
2026-09-12|Rafa Garcia vs. Rongzhu,Noche UFC: Silva vs. Delgado,2026-09-12T00:00:00+00:00,Rafa Garcia vs. Rongzhu,Rafa Garcia,Rongzhu,Rongzhu,DEC,0,Lightweight Bout,900,900.0,11.0,0.6363636363636364,0.18181818181818182,0.09090909090909091,0.09090909090909091,0.09090909090909091,0.0,0.10068240295335049,0.0,4.27564604541895,4.416601409553641,0.44266851980542044,0.6143024618991794,3.4232017004139164,4.6313905358541225,3.2218368945072156,7.047768206734535,0.45714285714285713,0.7714285714285715,0.40272961181340194,0.0,196.43136816198682,50.03915426781519,1.3530841848131967,0.8,0.2,0.9197194076383476,0.23382696804364772,1.8706157443491818,0.46765393608729544,140.0,32.10469756394724,67.0,70.0,0.0,6.0,0.5,0.16666666666666666,0.16666666666666666,0.0,0.16666666666666666,0.16666666666666666,0.37274798094843653,0.0,5.603644646924829,5.777593704700766,0.5044742729306487,0.541871921182266,8.386829571339822,1.6773659142679642,1.8637399047421825,2.9819838475874922,0.625,0.8333333333333334,0.0,0.5591219714226547,145.55808656036447,41.56139987575067,1.7312151137827392,0.6,0.2,0.6108424535505218,0.4581318401628913,1.6034614405701197,0.0,385.0,26.516629362683695,69.0,71.0,0.0,5.0,0.13636363636363635,0.015151515151515166,-0.07575757575757575,0.09090909090909091,-0.07575757575757575,-0.16666666666666666,-0.272065577995086,0.0,-1.327998601505879,-1.360992295147125,-0.06180575312522829,0.07243054071691335,-4.963627870925906,2.954024621586158,1.358096989765033,4.065784359147043,-0.16785714285714287,-0.06190476190476191,0.40272961181340194,-0.5591219714226547,50.87328160162235,8.477754392064519,-0.3781309289695425,0.20000000000000007,0.0,0.3088769540878258,-0.2243048721192436,0.267154303779062,0.46765393608729544,5.588068201263546,-2.0,-1.0,0.0,0.0,0.0,1.0
2026-09-12|Sean King III vs. Jessie Rosas,Noche UFC: Silva vs. Delgado,2026-09-12T00:00:00+00:00,Sean King III vs. Jessie Rosas,Sean King III,Jessie Rosas,Sean King III,KO,1,Featherweight Bout,900,36.0,0.0,,,,,,,,,,,,,,,,,,,,,,,,,,,,,,,,,,0.0,0.0,,,,,,,,,,,,,,,,,,,,,,,,,,,,,,,23.77324654168121,,,0.0,0.0,,,,,,,,,,,,,,,,,,,,,,,,,,,,,,,,,0.0,0.0,0.0,0.0
2026-09-12|Tim Elliott vs. Edgar Chairez,Noche UFC: Silva vs. Delgado,2026-09-12T00:00:00+00:00,Tim Elliott vs. Edgar Chairez,Tim Elliott,Edgar Chairez,Tim Elliott,DEC,1,Catch Weight Bout,900,900.0,22.0,0.45454545454545453,0.13636363636363635,0.0,0.13636363636363635,0.0,0.22727272727272727,0.1111934766493699,0.0,3.5137138621200887,3.0022238695329873,0.4344637946837763,0.5635775862068966,9.229058561897702,2.9466271312083023,3.613787991104522,7.950333580429947,0.45454545454545453,0.59375,1.056338028169014,0.7783543365455893,269.36619718309856,195.25574499629357,1.065762627860193,0.6,0.4,-0.26439482961222094,0.0,3.1727379553466513,1.3219741480611047,133.0,39.718816950382276,67.0,66.0,1.0,6.0,0.6666666666666666,0.5,0.0,0.5,0.0,0.0,0.8333333333333334,0.0,3.907407407407408,4.814814814814815,0.46993318485523383,0.44562899786780386,1.6666666666666667,11.666666666666666,0.0,0.5555555555555556,0.0,0.46153846153846156,1.6666666666666667,0.2777777777777778,25.555555555555557,313.88888888888886,1.1780219780219778,0.8,0.6,-0.33333333333333337,0.7692307692307693,0.0,1.5384615384615385,98.0,30.626227780173444,67.0,71.0,0.0,16.0,-0.2121212121212121,-0.36363636363636365,0.0,-0.36363636363636365,0.0,0.22727272727272727,-0.7221398566839634,0.0,-0.39369354528731915,-1.8125909452818276,-0.035469390171457504,0.11794858833909272,7.562391895231035,-8.720039535458364,3.613787991104522,7.394778024874392,0.45454545454545453,0.13221153846153844,-0.6103286384976527,0.5005765587678115,243.81064162754302,-118.63314389259529,-0.11225935016178479,-0.20000000000000007,-0.19999999999999996,0.06893850372111243,-0.7692307692307693,3.1727379553466513,-0.21648739040043385,9.092589170208832,0.0,-5.0,0.0,0.0,0.0,0.0
2026-09-12|Tommy McMillen vs. Marwan Rahiki,Noche UFC: Silva vs. Delgado,2026-09-12T00:00:00+00:00,Tommy McMillen vs. Marwan Rahiki,Tommy McMillen,Marwan Rahiki,Tommy McMillen,DEC,1,Featherweight Bout,900,900.0,2.0,1.0,1.0,1.0,0.0,0.0,0.0,2.581261950286807,0.0,18.69980879541109,4.359464627151052,0.5038639876352395,0.6346153846153846,8.604206500956023,0.0,0.0,0.0,,,0.0,0.0,54.20650095602294,12.906309751434033,,1.0,1.0,14.340344168260037,2.581261950286807,0.0,0.0,56.0,28.74254775936535,72.0,74.0,0.0,2.0,1.0,1.0,1.0,0.0,0.0,0.0,1.1734028683181226,0.0,8.761408083441982,5.7887874837027375,0.5490196078431373,0.5865921787709497,3.520208604954368,0.0,0.0,0.0,,1.0,0.0,0.0,116.16688396349414,51.629726205997386,,1.0,1.0,2.9726205997392436,1.1734028683181226,0.0,0.0,133.0,,,,0.0,0.0,0.0,0.0,0.0,0.0,0.0,0.0,1.4078590819686845,0.0,9.93840071196911,-1.4293228565516856,-0.04515562020789776,0.04802320584443487,5.083997896001655,0.0,0.0,0.0,,,0.0,0.0,-61.9603830074712,-38.72341645456335,,0.0,0.0,11.367723568520793,1.4078590819686845,0.0,0.0,,,,0.0,0.0,0.0,0.0
2026-09-12|Waldo Cortes Acosta vs. Curtis Blaydes,Noche UFC: Silva vs. Delgado,2026-09-12T00:00:00+00:00,Waldo Cortes Acosta vs. Curtis Blaydes,Waldo Cortes Acosta,Curtis Blaydes,Curtis Blaydes,DEC,0,Heavyweight Bout,900,900.0,13.0,0.7692307692307693,0.38461538461538464,0.38461538461538464,0.0,0.0,0.0,0.6147540983606558,0.0,5.184426229508197,3.6133879781420766,0.48622677770659833,0.546700942587832,6.7622950819672125,0.10245901639344263,0.4098360655737705,0.819672131147541,0.5,0.7391304347826086,0.10245901639344263,0.0,85.14344262295081,62.80737704918033,1.5516025641025641,0.6,0.6,-0.32122370936902483,1.3766730401529637,0.3441682600382409,0.0,126.0,34.943907130194326,76.0,78.0,0.0,20.0,0.7,0.4,0.4,0.0,0.25,0.0,0.15997156061144685,0.39992890152861715,4.1805901173124775,2.842161393530039,0.5161290322580645,0.5397236614853196,17.596871667259155,1.9996445076430855,4.639175257731958,10.238179879132598,0.453125,0.35,0.0,0.15997156061144685,396.56949875577675,42.79239246356203,1.3930064844554877,0.4,0.2,-0.20134228187919462,0.0,1.5100671140939597,0.0,154.0,35.56541202078071,76.0,80.0,0.0,-7.0,0.06923076923076932,-0.015384615384615385,-0.015384615384615385,0.0,-0.25,0.0,0.4547825377492089,-0.39992890152861715,1.003836112195719,0.7712265846120374,-0.029902254551466168,0.006977281102512389,-10.834576585291941,-1.8971854912496429,-4.2293391921581875,-9.418507747985057,0.046875,0.38913043478260867,0.10245901639344263,-0.15997156061144685,-311.4260561328259,20.0149845856183,0.15859607964707645,0.19999999999999996,0.39999999999999997,-0.11988142748983022,1.3766730401529637,-1.1658988540557187,0.0,-0.6215048905863867,0.0,-2.0,0.0,1.0,0.0,1.0
2026-09-12|Yousri Belgaroui vs. Djorden Santos,Noche UFC: Silva vs. Delgado,2026-09-12T00:00:00+00:00,Yousri Belgaroui vs. Djorden Santos,Yousri Belgaroui,Djorden Santos,Yousri Belgaroui,KO,1,Middleweight Bout,900,265.0,2.0,1.0,1.0,1.0,0.0,0.0,0.0,1.2211668928086838,0.0,7.978290366350068,1.628222523744912,0.6666666666666666,0.708029197080292,3.6635006784260513,0.0,0.6105834464043419,0.6105834464043419,1.0,0.5625,0.0,0.0,60.44776119402985,198.43962008141114,2.0413212915996537,1.0,1.0,6.350067842605156,1.2211668928086838,0.6105834464043419,0.0,168.0,34.27859572749612,77.0,79.0,0.0,3.0,0.3333333333333333,0.0,0.0,0.0,0.0,0.3333333333333333,0.0,0.0,6.968325791855204,7.579185520361991,0.39896373056994816,0.48062015503875966,1.3574660633484164,2.7149321266968327,0.3393665158371041,1.6968325791855203,0.2,0.8,0.0,0.3393665158371041,54.977375565610856,46.15384615384615,1.5026780400714144,0.3333333333333333,0.0,-0.6108597285067874,0.0,0.3393665158371041,0.0,126.0,29.11490311231579,72.0,75.0,0.0,-1.0,0.6666666666666667,1.0,1.0,0.0,0.0,-0.3333333333333333,1.2211668928086838,0.0,1.0099645744948642,-5.950962996617079,0.26770293609671847,0.22740904204153234,2.306034615077635,-2.7149321266968327,0.27121693056723783,-1.0862491327811785,0.8,-0.23750000000000004,0.0,-0.3393665158371041,5.470385628418995,152.28577392756497,0.5386432515282393,0.6666666666666667,1.0,6.960927571111943,1.2211668928086838,0.27121693056723783,0.0,5.163692615180327,5.0,4.0,0.0,0.0,0.0,1.0
