fight_key,event,event_date,bout,fighter_a,fighter_b,winner,method,winner_is_a,weight_class,scheduled_seconds,duration_seconds,winner_prior_bouts,opponent_prior_bouts,diff_prior_bouts,winner_win_rate,opponent_win_rate,diff_win_rate,winner_finish_win_rate,opponent_finish_win_rate,diff_finish_win_rate,winner_ko_win_rate,opponent_ko_win_rate,diff_ko_win_rate,winner_sub_win_rate,opponent_sub_win_rate,diff_sub_win_rate,winner_ko_loss_rate,opponent_ko_loss_rate,diff_ko_loss_rate,winner_sub_loss_rate,opponent_sub_loss_rate,diff_sub_loss_rate,winner_kd_for_per15,opponent_kd_for_per15,diff_kd_for_per15,winner_kd_against_per15,opponent_kd_against_per15,diff_kd_against_per15,winner_sig_landed_per_min,opponent_sig_landed_per_min,diff_sig_landed_per_min,winner_sig_absorbed_per_min,opponent_sig_absorbed_per_min,diff_sig_absorbed_per_min,winner_sig_accuracy,opponent_sig_accuracy,diff_sig_accuracy,winner_sig_defense,opponent_sig_defense,diff_sig_defense,winner_ground_for_per15,opponent_ground_for_per15,diff_ground_for_per15,winner_ground_against_per15,opponent_ground_against_per15,diff_ground_against_per15,winner_td_landed_per15,opponent_td_landed_per15,diff_td_landed_per15,winner_td_attempts_per15,opponent_td_attempts_per15,diff_td_attempts_per15,winner_td_accuracy,opponent_td_accuracy,diff_td_accuracy,winner_td_defense,opponent_td_defense,diff_td_defense,winner_sub_att_per15,opponent_sub_att_per15,diff_sub_att_per15,winner_sub_att_against_per15,opponent_sub_att_against_per15,diff_sub_att_against_per15,winner_ctrl_for_per15,opponent_ctrl_for_per15,diff_ctrl_for_per15,winner_ctrl_against_per15,opponent_ctrl_against_per15,diff_ctrl_against_per15,winner_r3_retention,opponent_r3_retention,diff_r3_retention,winner_recent5_win_rate,opponent_recent5_win_rate,diff_recent5_win_rate,winner_recent5_finish_rate,opponent_recent5_finish_rate,diff_recent5_finish_rate,winner_recent5_sig_diff_per_min,opponent_recent5_sig_diff_per_min,diff_recent5_sig_diff_per_min,winner_recent5_kd_for_per15,opponent_recent5_kd_for_per15,diff_recent5_kd_for_per15,winner_recent5_td_landed_per15,opponent_recent5_td_landed_per15,diff_recent5_td_landed_per15,winner_recent5_sub_att_per15,opponent_recent5_sub_att_per15,diff_recent5_sub_att_per15,winner_days_since_last,opponent_days_since_last,winner_age_years,opponent_age_years,diff_age_years,winner_height_inches,opponent_height_inches,diff_height_inches,winner_reach_inches,opponent_reach_inches,diff_reach_inches,winner_southpaw,opponent_southpaw,scheduled_five_round,is_heavyweight,is_womens,same_stance,knockdown_interaction,ground_strike_interaction,submission_attempt_interaction,td_access_interaction,control_interaction,offensive_wrestling_exposure_interaction,winner_round3_retention,opponent_round3_retention,winner_log_ufc_bouts,opponent_log_ufc_bouts,clean_displayed_method,clean_actual_method,clean_winner_correct,base_KO,base_SUB,base_DEC
2026-08-08|Amanda Lemos vs. Alexia Thainara,UFC Fight Night: Gamrot vs. Salkilld,2026-08-08T00:00:00+00:00,Amanda Lemos vs. Alexia Thainara,Amanda Lemos,Alexia Thainara,Alexia Thainara,DEC,0,Women's Strawweight Bout,900,900.0,3.0,15.0,-12.0,1.0,0.6,0.4,0.3333333333333333,0.3333333333333333,0.0,0.0,0.2,-0.2,0.3333333333333333,0.13333333333333333,0.19999999999999998,0.0,0.06666666666666667,-0.06666666666666667,0.0,0.13333333333333333,-0.13333333333333333,0.0,0.5571030640668524,-0.5571030640668524,0.0,0.09285051067780872,-0.09285051067780872,3.7065637065637067,2.7545651501083253,0.9519985564553815,2.200772200772201,3.01454658000619,-0.8137743792339891,0.460431654676259,0.5534825870646766,-0.09305093238841755,0.4492753623188406,0.4534231200897868,-0.0041477577709462254,10.85907335907336,7.3351903435468895,3.5238830155264704,2.171814671814672,10.21355617455896,-8.041741502744287,5.212355212355212,1.021355617455896,4.190999594899316,9.99034749034749,1.5784586815227484,8.411888808824742,0.5217391304347826,0.6470588235294118,-0.1253196930946292,1.0,0.6304347826086957,0.3695652173913043,2.171814671814672,0.7428040854224698,1.429010586392202,0.0,0.46425255338904364,-0.46425255338904364,599.4208494208494,155.71030640668522,443.7105430141642,4.777992277992277,369.63788300835654,-364.85989073036427,0.5449999999999999,0.7594183087451426,-0.21441830874514267,1.0,0.4,0.6,0.3333333333333333,0.0,0.3333333333333333,1.5057915057915057,0.8739255014326647,0.631866004358841,0.0,0.2148997134670487,-0.2148997134670487,5.212355212355212,1.2893982808022921,3.9229569315529202,2.171814671814672,0.6446991404011461,1.5271155314135259,133.0,147.0,30.71657871140407,39.2150420610964,-8.49846334969233,64.0,64.0,0.0,67.0,65.0,2.0,0.0,1.0,0.0,0.0,1.0,0.0,0.0,121.76882911562578,3.180085178692421,1.9263051871747523,0.939564713937973,8.327104462201955,0.5449999999999999,0.7594183087451426,1.3862943611198906,2.772588722239781,DEC,DEC,1,0.0887527342891076,0.24867511169051362,0.6625721540203788
2026-08-08|Billy Ray Goff vs. Ty Miller,UFC Fight Night: Gamrot vs. Salkilld,2026-08-08T00:00:00+00:00,Billy Ray Goff vs. Ty Miller,Billy Ray Goff,Ty Miller,Ty Miller,KO,0,Welterweight Bout,900,615.0,1.0,3.0,-2.0,1.0,0.3333333333333333,0.6666666666666667,1.0,0.3333333333333333,0.6666666666666667,1.0,0.3333333333333333,0.6666666666666667,0.0,0.0,0.0,0.0,0.0,0.0,0.0,0.3333333333333333,-0.3333333333333333,3.0100334448160533,0.6792452830188679,2.3307881617971855,0.0,0.0,0.0,11.839464882943144,7.109433962264151,4.730030920678993,7.224080267558529,5.162264150943397,2.061816116615132,0.48760330578512395,0.4658753709198813,0.02172793486524266,0.5068493150684932,0.5913978494623655,-0.08454853439387233,3.0100334448160533,1.3584905660377358,1.6515428787783175,0.0,0.0,0.0,0.0,0.6792452830188679,-0.6792452830188679,0.0,9.509433962264152,-9.509433962264152,,0.07142857142857142,,1.0,0.5,0.5,0.0,0.0,0.0,0.0,1.3584905660377358,-1.3584905660377358,9.03010033444816,210.56603773584905,-201.5359374014009,0.0,69.28301886792453,-69.28301886792453,,,,1.0,0.3333333333333333,0.6666666666666667,1.0,0.3333333333333333,0.6666666666666667,4.615384615384616,1.947169811320755,2.6682148040638607,3.0100334448160533,0.6792452830188679,2.3307881617971855,0.0,0.6792452830188679,-0.6792452830188679,0.0,0.0,0.0,196.0,434.0,26.17712889381712,28.14020821782788,-1.96307932401076,74.0,70.0,4.0,77.0,72.0,5.0,0.0,0.0,0.0,0.0,0.0,0.0,3.0100334448160533,3.0100334448160533,0.0,0.0,0.010805830756610084,,,,0.6931471805599453,1.3862943611198906,KO,KO,1,0.6422060068676041,0.043526017597288025,0.3142679755351079
2026-08-08|Darren Elkins vs. Yadier del Valle,UFC Fight Night: Gamrot vs. Salkilld,2026-08-08T00:00:00+00:00,Darren Elkins vs. Yadier del Valle,Darren Elkins,Yadier del Valle,Yadier del Valle,KO,0,Featherweight Bout,900,35.0,3.0,30.0,-27.0,0.6666666666666666,0.6333333333333333,0.033333333333333326,0.6666666666666666,0.23333333333333334,0.4333333333333333,0.0,0.13333333333333333,-0.13333333333333333,0.6666666666666666,0.1,0.5666666666666667,0.0,0.13333333333333333,-0.13333333333333333,0.0,0.03333333333333333,-0.03333333333333333,0.0,0.08559608160159779,-0.08559608160159779,0.0,0.25678824480479334,-0.25678824480479334,1.0656370656370655,3.395311236863379,-2.329674171226314,0.9266409266409267,3.3353939797422605,-2.408753053101334,0.41818181818181815,0.38436692506459946,0.03381489311721869,0.6428571428571428,0.5118997912317328,0.13095735162541,5.559845559845559,11.25588473061011,-5.69603917076455,3.474903474903475,7.960435588948595,-4.48553211404512,0.6949806949806949,2.867468733653526,-2.172488038672831,0.6949806949806949,8.431214037757382,-7.736233342776687,1.0,0.3401015228426396,0.6598984771573604,0.5555555555555556,0.5614035087719298,-0.005847953216374213,2.7799227799227797,1.0699510200199724,1.7099717599028073,0.0,0.8559608160159778,-0.8559608160159778,273.82239382239385,331.34243187978507,-57.52003805739122,342.6254826254826,138.06647962337723,204.55900300210538,,1.3936453655677528,,0.6666666666666666,0.6,0.06666666666666665,0.6666666666666666,0.2,0.4666666666666666,0.138996138996139,-1.3142239048134128,1.4532200438095517,0.0,0.0,0.0,0.6949806949806949,3.8939967550027044,-3.1990160600220094,2.7799227799227797,0.730124391563007,2.049798388359773,168.0,483.0,30.02662614564296,42.22947767579074,-12.202851530147779,69.0,70.0,-1.0,69.0,71.0,-2.0,1.0,0.0,0.0,0.0,0.0,0.0,0.0,49.818638023497975,5.159427751086888,0.3048160942897785,0.35092080049044244,0.0,,1.3936453655677528,1.3862943611198906,3.4339872044851463,DEC,KO,1,0.277212887855142,0.34249148909484284,0.3802956230500152
2026-08-08|Diego Ferreira vs. Billy Quarantillo,UFC Fight Night: Gamrot vs. Salkilld,2026-08-08T00:00:00+00:00,Diego Ferreira vs. Billy Quarantillo,Diego Ferreira,Billy Quarantillo,Diego Ferreira,DEC,1,Lightweight Bout,900,900.0,17.0,11.0,6.0,0.5882352941176471,0.5454545454545454,0.042780748663101664,0.4117647058823529,0.36363636363636365,0.048128342245989275,0.29411764705882354,0.2727272727272727,0.021390374331550832,0.11764705882352941,0.09090909090909091,0.0267379679144385,0.23529411764705882,0.18181818181818182,0.053475935828877,0.0,0.09090909090909091,-0.09090909090909091,0.2725345715150903,0.24463169339494428,0.027902878120146024,0.3633794286867871,0.3669475400924164,-0.0035681114056293484,4.699707277682447,7.037238379994564,-2.3375311023121172,3.458160896335924,5.871160641478663,-2.4129997451427387,0.39774474628395695,0.5220810647307925,-0.12433631844683557,0.5590733590733591,0.430379746835443,0.1286936122379161,11.2647622892904,17.368850231041044,-6.1040879417506435,9.629554860199859,6.2381081815710795,3.391446678628779,0.817603714545271,1.5901060070671378,-0.7725022925218668,2.7253457151509037,6.2381081815710795,-3.5127624664201758,0.3,0.2549019607843137,0.04509803921568628,0.5789473684210527,0.6136363636363636,-0.03468899521531099,0.5450691430301806,1.1008426202772494,-0.5557734772470688,0.0,0.48926338678988857,-0.48926338678988857,105.65256889068336,243.1639032345746,-137.51133434389124,217.0283637831836,239.24979614025548,-22.221432357071876,1.4427336669349478,1.2632718075922278,0.17946185934271996,0.4,0.4,0.0,0.4,0.2,0.2,1.0763996288277142,0.9879253567508233,0.08847427207689096,0.2783792143519951,0.0,0.2783792143519951,0.8351376430559851,1.646542261251372,-0.8114046181953869,0.0,0.3293084522502744,-0.3293084522502744,329.0,602.0,41.55321464506458,37.665386695140896,3.8878279499236825,69.0,70.0,-1.0,74.0,70.0,4.0,0.0,0.0,0.0,0.0,0.0,1.0,0.3725404621226934,81.53556808956621,0.811751517983789,0.31589234425612744,0.14859835502519175,4.007865703365298,1.4427336669349478,1.2632718075922278,2.8903717578961645,2.4849066497880004,KO,DEC,0,0.4116958419614529,0.17449666116766255,0.4138074968708846
2026-08-08|Diyar Nurgozhay vs. Bruno Lopes,UFC Fight Night: Gamrot vs. Salkilld,2026-08-08T00:00:00+00:00,Diyar Nurgozhay vs. Bruno Lopes,Diyar Nurgozhay,Bruno Lopes,Diyar Nurgozhay,KO,1,Light Heavyweight Bout,900,299.0,3.0,3.0,0.0,0.3333333333333333,0.3333333333333333,0.0,0.0,0.0,0.0,0.0,0.0,0.0,0.0,0.0,0.0,0.0,0.6666666666666666,-0.6666666666666666,0.6666666666666666,0.0,0.6666666666666666,0.0,0.0,0.0,1.2388162422573985,1.157556270096463,0.0812599721609355,4.872677219545767,2.469453376205788,2.403223843339979,2.8492773571920162,4.282958199356914,-1.4336808421648977,0.6113989637305699,0.4507042253521127,0.1606947383784572,0.5892857142857143,0.48372093023255813,0.10556478405315617,4.955264969029594,1.7363344051446945,3.2189305638848995,5.574673090158294,10.418006430868166,-4.843333340709872,1.8582243633860978,2.8938906752411575,-1.0356663118550598,2.477632484514797,12.733118971061094,-10.255486486546296,0.75,0.22727272727272727,0.5227272727272727,0.7777777777777778,1.0,-0.2222222222222222,0.0,0.0,0.0,2.477632484514797,0.0,2.477632484514797,96.00825877494837,358.2636655948553,-262.2554068199069,145.56090846524432,78.13504823151126,67.42586023373306,,,,0.3333333333333333,0.3333333333333333,0.0,0.0,0.0,0.0,2.0233998623537506,-1.8135048231511255,3.836904685504876,0.0,0.0,0.0,1.8582243633860978,2.8938906752411575,-1.0356663118550598,0.0,0.0,0.0,154.0,133.0,29.29560497477703,33.290211297973265,-3.9946063231962334,74.0,74.0,0.0,74.0,74.0,0.0,1.0,0.0,0.0,0.0,0.0,0.0,0.0,56.57924728303565,0.0,0.0,0.11593708991044141,0.6194081211286993,,,1.3862943611198906,1.3862943611198906,KO,KO,1,0.581598908910965,0.09150965231032107,0.32689143877871396
2026-08-08|Gigi Canuto vs. Carol Foro,UFC Fight Night: Gamrot vs. Salkilld,2026-08-08T00:00:00+00:00,Gigi Canuto vs. Carol Foro,Gigi Canuto,Carol Foro,Carol Foro,DEC,0,Women's Strawweight Bout,900,900.0,0.0,0.0,0.0,,,,,,,,,,,,,,,,,,,,,,,,,,,,,,,,,,,,,,,,,,,,,,,,,,,,,,,,,,,,,,,,,,,,,,,,,,,,,,,,,,,,,,,,,,29.383217999000664,23.726702122562408,5.656515876438256,62.0,,,61.0,,,0.0,0.0,0.0,0.0,1.0,1.0,,,,,,,,,0.0,0.0,DEC,DEC,0,0.09622718125470153,0.08308789816422821,0.8206849205810702
2026-08-08|Juliana Miller vs. Ravena Oliveira,UFC Fight Night: Gamrot vs. Salkilld,2026-08-08T00:00:00+00:00,Juliana Miller vs. Ravena Oliveira,Juliana Miller,Ravena Oliveira,Juliana Miller,SUB,1,Women's Flyweight Bout,900,398.0,5.0,3.0,2.0,0.4,0.0,0.4,0.2,0.0,0.2,0.2,0.0,0.2,0.0,0.0,0.0,0.2,0.3333333333333333,-0.1333333333333333,0.0,0.3333333333333333,-0.3333333333333333,0.0,0.0,0.0,0.0,0.0,0.0,2.650345928685471,1.905227161700049,0.745118766985422,4.135178286322512,3.7225207620908645,0.4126575242316477,0.39903846153846156,0.3037383177570093,0.09530014378145224,0.44658119658119655,0.4641350210970464,-0.01755382451584986,7.424161788185205,0.0,7.424161788185205,6.4662054284193715,6.595017098192477,-0.1288116697731052,2.155401809473124,0.8793356130923302,1.2760661963807938,7.424161788185205,1.7586712261846604,5.665490562000544,0.2903225806451613,0.5,-0.2096774193548387,0.4444444444444444,0.46153846153846156,-0.017094017094017144,1.197445449707291,0.0,1.197445449707291,0.0,0.4396678065461651,-0.4396678065461651,334.3267695582757,146.84904738641916,187.47772217185656,189.6753592336349,273.4733756717147,-83.79801643807977,1.1344158040727965,0.6047032474804032,0.5297125565923934,0.4,0.0,0.4,0.2,0.0,0.2,-1.484832357637041,-1.8172936003908158,0.33246124275377475,0.0,0.0,0.0,2.155401809473124,0.8793356130923302,1.2760661963807938,1.197445449707291,0.0,1.197445449707291,168.0,140.0,30.25387242722301,29.46261730220333,0.7912551250196778,67.0,65.0,2.0,66.0,65.0,1.0,0.0,0.0,0.0,0.0,1.0,1.0,0.0,56.38663572101387,1.7239236640387818,1.160600974331682,0.48435007759378923,5.268759978712081,1.1344158040727965,0.6047032474804032,1.791759469228055,1.3862943611198906,DEC,SUB,1,0.13000634861103624,0.2793615472563686,0.5906321041325953
2026-08-08|Louie Sutherland vs. Jose Montanha,UFC Fight Night: Gamrot vs. Salkilld,2026-08-08T00:00:00+00:00,Louie Sutherland vs. Jose Montanha,Louie Sutherland,Jose Montanha,Jose Montanha,SUB,0,Heavyweight Bout,900,110.0,0.0,3.0,-3.0,,0.3333333333333333,,,0.0,,,0.0,,,0.0,,,0.3333333333333333,,,0.3333333333333333,,,0.0,,,0.0,,,1.8131868131868132,,,2.032967032967033,,,0.6875,,,0.30188679245283023,,,8.241758241758243,,,9.065934065934066,,,4.945054945054945,,,11.538461538461538,,,0.42857142857142855,,,0.0,,,0.0,,,0.8241758241758241,,,614.0109890109891,,,75.82417582417582,,,,,,0.3333333333333333,,,0.0,,,-0.21978021978021978,,,0.0,,,4.945054945054945,,,0.0,,,98.0,29.952702656454274,32.496218265946595,-2.543515609492321,,75.0,,,76.0,,0.0,0.0,0.0,1.0,0.0,0.0,,,,,,,,,0.0,1.3862943611198906,KO,SUB,0,0.446076006506543,0.28496666347425187,0.2689573300192052
2026-08-08|Manoel Sousa vs. Richie Miranda,UFC Fight Night: Gamrot vs. Salkilld,2026-08-08T00:00:00+00:00,Manoel Sousa vs. Richie Miranda,Manoel Sousa,Richie Miranda,Manoel Sousa,DEC,1,Lightweight Bout,900,900.0,1.0,0.0,1.0,1.0,,,1.0,,,1.0,,,0.0,,,0.0,,,0.0,,,2.112676056338028,,,0.0,,,5.0,,,5.915492957746478,,,0.39664804469273746,,,0.5058823529411764,,,1.056338028169014,,,5.28169014084507,,,0.0,,,3.1690140845070425,,,0.0,,,0.5,,,1.056338028169014,,,0.0,,,72.88732394366197,,,214.43661971830986,,,,,,1.0,,,1.0,,,-0.9154929577464789,,,2.112676056338028,,,0.0,,,1.056338028169014,,,147.0,,29.177874973476527,31.98970546965372,-2.811830496177194,69.0,,,70.0,,,0.0,1.0,0.0,0.0,0.0,0.0,,,,,,,,,0.6931471805599453,0.0,KO,DEC,1,0.4960519390898599,0.0886950995675488,0.41525296134259126
2026-08-08|Mateusz Gamrot vs. Quillan Salkilld,UFC Fight Night: Gamrot vs. Salkilld,2026-08-08T00:00:00+00:00,Mateusz Gamrot vs. Quillan Salkilld,Mateusz Gamrot,Quillan Salkilld,Quillan Salkilld,SUB,0,Lightweight Bout,1500,265.0,5.0,13.0,-8.0,1.0,0.6923076923076923,0.3076923076923077,0.8,0.38461538461538464,0.4153846153846154,0.6,0.23076923076923078,0.3692307692307692,0.2,0.15384615384615385,0.046153846153846156,0.0,0.0,0.0,0.0,0.07692307692307693,-0.07692307692307693,1.8493150684931505,0.09674298613350532,1.7525720823596451,0.0,0.4837149306675266,-0.4837149306675266,4.767123287671233,3.2118671396323766,1.5552561480388567,2.2602739726027394,2.805546597871654,-0.5452726252689146,0.5979381443298969,0.515527950310559,0.08241019401933791,0.47619047619047616,0.6009174311926606,-0.12472695500218445,10.479452054794521,8.803611738148984,1.6758403166455373,3.0821917808219177,3.289261528539181,-0.20706974771726339,6.164383561643835,5.224121251209287,0.940262310434548,19.726027397260275,13.544018058690744,6.1820093385695305,0.3125,0.38571428571428573,-0.07321428571428573,0.75,0.8333333333333334,-0.08333333333333337,0.6164383561643836,0.19348597226701064,0.42295238389737294,0.0,0.09674298613350532,-0.09674298613350532,317.4657534246576,291.19638826185104,26.269365162806537,218.21917808219177,48.951950983553694,169.26722709863807,,1.549027895181741,,1.0,0.6,0.4,0.8,0.2,0.6000000000000001,2.5068493150684934,1.3200965924335928,1.1867527226349006,1.8493150684931505,0.0,1.8493150684931505,6.164383561643835,6.519989267507379,-0.35560570586354334,0.6164383561643836,0.24148108398175475,0.37495727218262886,98.0,119.0,26.612456107928292,35.658500859018325,-9.046044751090033,72.0,70.0,2.0,75.0,70.0,5.0,0.0,1.0,1.0,0.0,0.0,0.0,2.743856378631727,44.94911053880101,0.6760744435069554,1.0273972602739723,0.3719256124478921,16.185631678689596,,1.549027895181741,1.791759469228055,2.639057329615259,KO,SUB,1,0.5234005360446307,0.26493965020913,0.21165981374623946
2026-08-08|Miles Johns vs. Gianni Vazquez,UFC Fight Night: Gamrot vs. Salkilld,2026-08-08T00:00:00+00:00,Miles Johns vs. Gianni Vazquez,Miles Johns,Gianni Vazquez,Miles Johns,KO,1,Featherweight Bout,900,189.0,11.0,1.0,10.0,0.5454545454545454,0.0,0.5454545454545454,0.18181818181818182,0.0,0.18181818181818182,0.18181818181818182,0.0,0.18181818181818182,0.0,0.0,0.0,0.09090909090909091,0.0,0.09090909090909091,0.18181818181818182,0.0,0.18181818181818182,0.21154072158890586,0.0,0.21154072158890586,0.21154072158890586,1.0,-0.7884592784110942,3.2506757550828533,1.6,1.6506757550828532,2.9756728170172755,3.9333333333333336,-0.9576605163160581,0.4308411214953271,0.2222222222222222,0.2086188992731049,0.674884437596302,0.3917525773195877,0.28313186027671433,0.5288518039722646,0.0,0.5288518039722646,1.3750146903278881,14.0,-12.624985309672113,0.9519332471500763,0.0,0.9519332471500763,4.548125514161476,0.0,4.548125514161476,0.20930232558139536,,,0.7878787878787878,0.625,0.16287878787878785,0.0,2.0,-2.0,0.5288518039722646,0.0,0.5288518039722646,133.2706546010107,25.0,108.2706546010107,129.78023269479377,338.0,-208.21976730520623,1.4925373134328361,,,0.4,0.0,0.4,0.0,0.0,0.0,-0.20177756425654575,-2.3333333333333335,2.1315557690767877,0.0,0.0,0.0,1.513331731924093,0.0,1.513331731924093,0.0,2.0,-2.0,273.0,182.0,32.35932291559717,32.060891051835426,0.298431863761742,67.0,,,68.0,,,0.0,0.0,0.0,0.0,0.0,1.0,0.4230814431778117,7.9327770595839695,0.0,0.3569749676812786,0.20369021036549537,10.788576801034198,1.4925373134328361,,2.4849066497880004,0.6931471805599453,DEC,KO,1,0.16550448614937702,0.025803441413813653,0.8086920724368093
2026-08-08|Steven Asplund vs. Guilherme Pat,UFC Fight Night: Gamrot vs. Salkilld,2026-08-08T00:00:00+00:00,Steven Asplund vs. Guilherme Pat,Steven Asplund,Guilherme Pat,Steven Asplund,DEC,1,Heavyweight Bout,900,900.0,2.0,2.0,0.0,0.5,0.5,0.0,0.5,0.0,0.5,0.5,0.0,0.5,0.0,0.0,0.0,0.0,0.0,0.0,0.0,0.0,0.0,0.6298110566829951,0.0,0.6298110566829951,0.0,0.5,-0.5,9.699090272918125,2.6999999999999997,6.999090272918126,6.634009797060881,2.0333333333333337,4.600676463727547,0.5133333333333333,0.6183206106870229,-0.10498727735368962,0.4968152866242038,0.5196850393700787,-0.022869752745874883,1.2596221133659902,0.0,1.2596221133659902,0.0,7.0,-7.0,0.0,0.0,0.0,0.0,0.0,0.0,,,,1.0,1.0,0.0,0.0,0.0,0.0,0.0,0.0,0.0,9.447165850244927,22.0,-12.552834149755073,48.49545136459062,495.5,-447.0045486354094,,0.9062499999999999,,0.5,0.5,0.0,0.5,0.0,0.5,3.065080475857243,0.6666666666666667,2.3984138091905765,0.6298110566829951,0.0,0.6298110566829951,0.0,0.0,0.0,0.0,0.0,0.0,147.0,126.0,28.0635468216322,,,77.0,,,78.0,,,0.0,0.0,0.0,1.0,0.0,0.0,0.9447165850244926,10.076976906927921,0.0,0.0,0.016275950548168883,,,0.9062499999999999,1.0986122886681096,1.0986122886681096,KO,DEC,1,0.7286386242819384,0.020511117459198373,0.2508502582588632
2026-08-15|Charles Johnson vs. Eduardo Chapolin,UFC 330: Makhachev vs. Machado Garry,2026-08-15T00:00:00+00:00,Charles Johnson vs. Eduardo Chapolin,Charles Johnson,Eduardo Chapolin,Charles Johnson,SUB,1,Catch Weight Bout,900,696.0,15.0,0.0,15.0,0.5333333333333333,,,0.2,,,0.2,,,0.0,,,0.06666666666666667,,,0.06666666666666667,,,0.31367081990067086,,,0.2352531149255032,,,4.53777119456304,,,3.87906247277163,,,0.4979919678714859,,,0.5532811559301625,,,3.0582904940315414,,,1.8820249194040255,,,0.4705062298510064,,,2.823037379106038,,,0.16666666666666666,,,0.6666666666666667,,,0.3920885248758386,,,0.4705062298510064,,,55.36289971246842,,,258.22950248322735,,,1.6353232291988866,,,0.4,,,0.2,,,-0.5319148936170213,,,0.26595744680851063,,,0.26595744680851063,,,0.26595744680851063,,,49.0,,35.595528997857585,30.727530339432022,4.867998658425563,69.0,67.0,2.0,70.0,67.0,3.0,0.0,0.0,0.0,0.0,0.0,0.0,,,,,,,1.6353232291988866,,2.772588722239781,0.0,DEC,SUB,1,0.33199774887366557,0.16295170484358315,0.5050505462827513
2026-08-15|Chidi Njokuani vs. Joel Alvarez,UFC 330: Makhachev vs. Machado Garry,2026-08-15T00:00:00+00:00,Chidi Njokuani vs. Joel Alvarez,Chidi Njokuani,Joel Alvarez,Chidi Njokuani,DEC,1,Welterweight Bout,900,900.0,10.0,11.0,-1.0,0.5,0.7272727272727273,-0.2272727272727273,0.3,0.6363636363636364,-0.33636363636363636,0.3,0.36363636363636365,-0.06363636363636366,0.0,0.2727272727272727,-0.2727272727272727,0.2,0.09090909090909091,0.1090909090909091,0.1,0.09090909090909091,0.009090909090909094,0.5341246290801187,0.1768867924528302,0.3572378366272885,0.17804154302670622,0.0,0.17804154302670622,5.673590504451038,4.528301886792453,1.1452886176585855,3.905044510385757,3.030660377358491,0.8743841330272661,0.5997490589711418,0.5454545454545454,0.05429451351659642,0.5721716514954487,0.5385996409335727,0.033572010561875976,6.587537091988131,9.55188679245283,-2.964349700464699,7.655786350148369,6.898584905660377,0.7572014444879915,0.0,0.1768867924528302,-0.1768867924528302,1.0682492581602374,0.5306603773584906,0.5375888808017468,0.0,0.3333333333333333,-0.3333333333333333,0.75,0.4642857142857143,0.2857142857142857,0.17804154302670622,1.0613207547169812,-0.883279211690275,0.35608308605341243,0.1768867924528302,0.17919629360058223,140.29673590504453,97.2877358490566,43.009000055987926,248.90207715133533,224.11556603773585,24.786511113599488,1.2603301886792453,0.8620766488413549,0.39825353983789036,0.6,0.8,-0.20000000000000007,0.2,0.6,-0.39999999999999997,2.899002493765586,2.890541976620616,0.00846051714496987,0.2805486284289277,0.3188097768331562,-0.03826114840422851,0.0,0.3188097768331562,-0.3188097768331562,0.0,0.9564293304994685,-0.9564293304994685,175.0,98.0,37.62158018302908,33.454485718392576,4.167094464636506,75.0,75.0,0.0,80.0,77.0,3.0,0.0,0.0,0.0,0.0,0.0,1.0,0.5341246290801187,52.03222104025531,0.20953474049605283,0.0,0.19470338851252575,2.2020043670567158,1.2603301886792453,0.8620766488413549,2.3978952727983707,2.4849066497880004,SUB,DEC,0,0.42559490429877567,0.09069794519850473,0.4837071505027196
2026-08-15|Donte Johnson vs. Eric McConico,UFC 330: Makhachev vs. Machado Garry,2026-08-15T00:00:00+00:00,Donte Johnson vs. Eric McConico,Donte Johnson,Eric McConico,Donte Johnson,KO,1,Middleweight Bout,900,98.0,2.0,4.0,-2.0,1.0,0.5,0.5,0.5,0.0,0.5,0.0,0.0,0.0,0.5,0.0,0.5,0.0,0.5,-0.5,0.0,0.0,0.0,0.0,0.0,0.0,0.0,1.2716354645001766,-1.2716354645001766,2.568093385214008,2.924761568350406,-0.35666818313639803,1.6809338521400778,3.051925114800424,-1.3709912626603462,0.4435483870967742,0.46938775510204084,-0.02583936800526665,0.6363636363636364,0.45660377358490567,0.17975986277873068,7.704280155642024,0.0,7.704280155642024,0.0,0.31790886612504415,-0.31790886612504415,2.1011673151750974,0.6358177322500883,1.465349582925009,2.1011673151750974,0.6358177322500883,1.465349582925009,1.0,1.0,0.0,0.75,0.6896551724137931,0.06034482758620685,0.7003891050583658,0.0,0.7003891050583658,0.0,0.31790886612504415,-0.31790886612504415,277.3540856031129,120.80536912751678,156.5487164755961,269.6498054474708,299.1522430236666,-29.502437576195803,,2.2595169873106835,,1.0,0.5,0.5,0.5,0.0,0.5,0.8871595330739299,-0.12716354645001765,1.0143230795239475,0.0,0.0,0.0,2.1011673151750974,0.6358177322500883,1.465349582925009,0.7003891050583658,0.0,0.7003891050583658,161.0,112.0,27.554296118332342,36.26905412157676,-8.714758003244416,68.0,72.0,-4.0,74.0,77.0,-3.0,1.0,1.0,0.0,0.0,0.0,1.0,0.0,10.153539124231859,0.9230490112938053,0.6520864081577887,0.4106046590898158,0.0,,2.2595169873106835,1.0986122886681096,1.6094379124341003,DEC,KO,1,0.3885988020652966,0.1731552324131571,0.43824596552154627
2026-08-15|Edson Barboza vs. Esteban Ribovics,UFC 330: Makhachev vs. Machado Garry,2026-08-15T00:00:00+00:00,Edson Barboza vs. Esteban Ribovics,Edson Barboza,Esteban Ribovics,Esteban Ribovics,KO,0,Lightweight Bout,900,392.0,7.0,32.0,-25.0,0.5714285714285714,0.5625,0.008928571428571397,0.14285714285714285,0.28125,-0.13839285714285715,0.14285714285714285,0.28125,-0.13839285714285715,0.0,0.0,0.0,0.0,0.15625,-0.15625,0.14285714285714285,0.0625,0.08035714285714285,0.35321821036106754,0.6263320429733374,-0.2731138326122699,0.17660910518053377,0.3523117741725023,-0.17570266899196854,7.240973312401884,4.139010917315471,3.101962395086413,5.8045525902668755,4.676612587534253,1.1279400027326227,0.43218552354181305,0.4466347507744297,-0.014449227232616657,0.5413953488372093,0.5568743818001978,-0.01547903296298847,4.4152276295133435,2.348745161150015,2.0664824683633283,2.8257456828885403,10.608498977860902,-7.782753294972363,0.35321821036106754,0.4306032795441695,-0.07738506918310195,0.5298273155416012,0.861206559088339,-0.33137924354673776,0.6666666666666666,0.5,0.16666666666666663,0.6607142857142857,0.7307692307692308,-0.07005494505494514,0.17660910518053377,0.07829150537166718,0.09831759980886659,0.35321821036106754,0.27402026880083513,0.07919794156023241,30.20015698587127,57.89656822234788,-27.69641123647661,231.88775510204079,157.09190552825018,74.7958495737906,2.7146777777777777,0.8694845436582457,1.845193234119532,0.6,0.4,0.19999999999999996,0.2,0.2,0.0,0.6735436893203883,-2.342299452511307,3.015843141831695,0.27305825242718446,0.42846941204475125,-0.1554111596175668,0.0,0.6427041180671269,-0.6427041180671269,0.0,0.0,0.0,126.0,252.0,30.300416846341815,40.564830215541726,-10.26441336919991,70.0,71.0,-1.0,69.0,75.0,-6.0,0.0,0.0,0.0,0.0,0.0,1.0,0.4776611447234114,51.254165424228866,0.2250035796547786,0.09509721048182586,0.039412767278329576,0.19043609788746088,2.7146777777777777,0.8694845436582457,2.0794415416798357,3.4965075614664802,DEC,KO,1,0.3332304751825217,0.06796550588763516,0.5988040189298431
2026-08-15|Islam Makhachev vs. Ian Machado Garry,UFC 330: Makhachev vs. Machado Garry,2026-08-15T00:00:00+00:00,Islam Makhachev vs. Ian Machado Garry,Islam Makhachev,Ian Machado Garry,Islam Makhachev,DEC,1,UFC Welterweight Title Bout,1500,1500.0,18.0,11.0,7.0,0.9444444444444444,0.9090909090909091,0.03535353535353536,0.6111111111111112,0.2727272727272727,0.33838383838383845,0.16666666666666666,0.2727272727272727,-0.10606060606060605,0.4444444444444444,0.0,0.4444444444444444,0.05555555555555555,0.0,0.05555555555555555,0.0,0.0,0.0,0.3026227303295225,0.3696857670979667,-0.06706303676844416,0.15131136516476126,0.09242144177449167,0.05888992339026959,2.4462004034969738,4.775107825015404,-2.32890742151843,1.4475453934095495,2.8589032655576094,-1.41135787214806,0.5843373493975904,0.5408234473133287,0.04351390208426176,0.6198675496688741,0.5289340101522843,0.09093353951658989,8.927370544720914,3.0499075785582255,5.877462966162688,1.4374579690652318,2.4953789279112755,-1.0579209588460436,3.101882985877606,0.9242144177449169,2.177668568132689,5.522864828513786,2.9574861367837335,2.5653786917300523,0.5616438356164384,0.3125,0.24914383561643838,0.9130434782608696,0.8,0.11304347826086958,0.9835238735709483,0.3696857670979667,0.6138381064729816,0.3026227303295225,0.0,0.3026227303295225,460.5917955615333,104.43622920517561,356.15556635635767,69.45191661062542,169.03881700554527,-99.58690039491985,1.0957334848329623,1.7086937316182715,-0.6129602467853092,1.0,0.8,0.19999999999999996,0.6,0.0,0.6,0.3755476736907991,1.0842105263157893,-0.7086628526249902,0.18777383684539956,0.0,0.18777383684539956,2.6288337158355937,1.105263157894737,1.5235705579408567,0.5633215105361986,0.631578947368421,-0.0682574368322224,273.0,266.0,34.80153596583092,28.74254775936535,6.058988206465571,70.0,75.0,-5.0,70.0,74.0,-4.0,1.0,0.0,1.0,0.0,0.0,0.0,0.3305915593803102,31.204542883673287,0.9835238735709483,0.6203765971755211,0.6078895163574833,3.315984372261385,1.0957334848329623,1.7086937316182715,2.9444389791664403,2.4849066497880004,DEC,DEC,1,0.2700790266364081,0.3003811533677366,0.42953981999585533
2026-08-15|Jalin Turner vs. Kaue Fernandes,UFC 330: Makhachev vs. Machado Garry,2026-08-15T00:00:00+00:00,Jalin Turner vs. Kaue Fernandes,Jalin Turner,Kaue Fernandes,Jalin Turner,KO,1,Lightweight Bout,900,39.0,14.0,4.0,10.0,0.5714285714285714,0.75,-0.1785714285714286,0.5714285714285714,0.5,0.0714285714285714,0.35714285714285715,0.5,-0.14285714285714285,0.21428571428571427,0.0,0.21428571428571427,0.14285714285714285,0.0,0.14285714285714285,0.07142857142857142,0.0,0.07142857142857142,1.4283195203667785,1.5748031496062993,-0.14648362923952085,0.31740433785928407,0.0,0.31740433785928407,5.406453888203139,4.278215223097113,1.1282386651060268,4.348439428672192,1.4173228346456692,2.9311165940265225,0.48344370860927155,0.5544217687074829,-0.07097806009821139,0.4077809798270894,0.625,-0.21721902017291062,13.648386527949215,7.874015748031496,5.774370779917719,9.522130135778523,1.5748031496062993,7.947326986172224,0.6348086757185681,1.1811023622047243,-0.5462936864861562,1.2696173514371363,1.1811023622047243,0.08851498923241197,0.5,1.0,-0.5,0.75,0.7692307692307692,-0.019230769230769162,1.1109151825074943,0.0,1.1109151825074943,0.6348086757185681,0.0,0.6348086757185681,128.86616117086933,83.46456692913385,45.40159424173548,221.70692999470992,205.90551181102362,15.801418183686309,0.6308809780654442,0.5838709677419355,0.04701001032350871,0.4,0.75,-0.35,0.4,0.5,-0.09999999999999998,-0.03136434918975431,2.8608923884514432,-2.8922567376411976,1.8818609513852587,1.5748031496062993,0.30705780177895936,0.47046523784631467,1.1811023622047243,-0.7106371243584096,0.0,0.0,0.0,252.0,343.0,31.24499476375285,31.414744998186137,-0.16975023443328752,75.0,69.0,6.0,77.0,73.0,4.0,1.0,0.0,0.0,0.0,0.0,0.0,1.4283195203667785,35.14190861920782,1.1109151825074943,0.1464943097812081,0.1759429604009779,0.6348086757185681,0.6308809780654442,0.5838709677419355,2.70805020110221,1.6094379124341003,KO,KO,0,0.3693930427548024,0.23092232437825197,0.39968463286694567
2026-08-15|Jeremiah Wells vs. Myktybek Orolbai,UFC 330: Makhachev vs. Machado Garry,2026-08-15T00:00:00+00:00,Jeremiah Wells vs. Myktybek Orolbai,Jeremiah Wells,Myktybek Orolbai,Jeremiah Wells,SUB,1,Welterweight Bout,900,684.0,7.0,6.0,1.0,0.7142857142857143,0.8333333333333334,-0.11904761904761907,0.42857142857142855,0.5,-0.07142857142857145,0.2857142857142857,0.16666666666666666,0.11904761904761904,0.14285714285714285,0.3333333333333333,-0.19047619047619047,0.0,0.0,0.0,0.14285714285714285,0.0,0.14285714285714285,0.4377431906614786,0.48740861088545895,-0.04966542022398035,0.4377431906614786,0.24370430544272947,0.19403888521874912,2.3492217898832686,2.778229082047116,-0.42900729216384725,1.284046692607004,2.6969943135662064,-1.4129476209592025,0.46,0.5,-0.03999999999999998,0.48235294117647054,0.5103244837758112,-0.02797154259934065,15.539883268482491,12.428919577579203,3.1109636909032883,1.9698443579766538,6.092607636068237,-4.1227632780915835,3.0642023346303504,8.773354995938261,-5.709152661307911,6.566147859922179,14.8659626320065,-8.299814772084321,0.4666666666666667,0.5901639344262295,-0.12349726775956282,0.5,0.4,0.09999999999999998,1.3132295719844358,0.48740861088545895,0.8258209610989768,0.4377431906614786,0.0,0.4377431906614786,477.57782101167317,482.2908204711616,-4.712999459488458,123.88132295719845,82.6157595450853,41.26556341211315,0.9267326732673267,0.752125,0.17460767326732662,0.6,0.8,-0.20000000000000007,0.2,0.4,-0.2,0.9075342465753424,0.21012416427889208,0.6974100822964504,0.2568493150684931,0.5730659025787965,-0.3162165875103034,3.3390410958904106,8.30945558739255,-4.97041449150214,1.2842465753424657,0.28653295128939826,0.9977136240530674,287.0,154.0,39.79274043957097,28.50982566377133,11.28291477579964,69.0,70.0,-1.0,74.0,74.0,0.0,0.0,0.0,0.0,0.0,0.0,0.0,0.5444230909039185,110.21829473364795,1.3132295719844358,1.8385214007782102,0.5793524609077432,5.208823929170868,0.9267326732673267,0.752125,2.0794415416798357,1.9459101490553132,DEC,SUB,0,0.24336584443813636,0.16832235165626053,0.5883118039056031
2026-08-15|Mackenzie Dern vs. Gillian Robertson,UFC 330: Makhachev vs. Machado Garry,2026-08-15T00:00:00+00:00,Mackenzie Dern vs. Gillian Robertson,Mackenzie Dern,Gillian Robertson,Mackenzie Dern,DEC,1,UFC Women's Strawweight Title Bout,1500,1500.0,16.0,20.0,-4.0,0.6875,0.7,-0.012499999999999956,0.3125,0.5,-0.1875,0.0,0.15,-0.15,0.3125,0.35,-0.03749999999999998,0.0625,0.05,0.012499999999999997,0.0,0.05,-0.05,0.1322945759223872,0.0,0.1322945759223872,0.3968837277671616,0.0,0.3968837277671616,3.466117889166544,2.711864406779661,0.7542534823868832,3.933558724092312,2.8571428571428568,1.0764158669494552,0.41609317098994175,0.48484848484848486,-0.06875531385854311,0.5196553581044696,0.5603576751117735,-0.04070231700730387,8.863736586799941,18.813559322033896,-9.949822735233955,2.57974423048655,9.297820823244553,-6.718076592758003,0.9260620314567103,2.7602905569007263,-1.834228525444016,5.027193885050712,6.75544794188862,-1.7282540568379074,0.18421052631578946,0.40860215053763443,-0.22439162422184497,0.3793103448275862,0.38888888888888884,-0.009578544061302652,1.0583566073790975,0.8716707021791767,0.1866859051999208,0.1322945759223872,0.3631961259079903,-0.23090154998560308,252.7487872997207,447.1670702179177,-194.41828291819698,168.67558430104367,131.1138014527845,37.561782848259185,1.0033338643775538,1.1713099895048185,-0.16797612512726467,0.6,1.0,-0.4,0.2,0.4,-0.2,0.03837134939245363,0.978170765404808,-0.9397994160123543,0.0,0.0,0.0,1.151140481773609,3.481624758220503,-2.330484276446894,0.19185674696226818,0.7460624481901078,-0.5542057012278396,294.0,154.0,33.394251764238824,31.247732670759838,2.146519093478986,64.0,65.0,-1.0,63.0,63.0,0.0,0.0,0.0,1.0,0.0,1.0,1.0,0.1322945759223872,91.27717119530304,1.4427476270083097,0.565926797001323,0.3217441517101189,7.675968336145675,1.0033338643775538,1.1713099895048185,2.833213344056216,3.044522437723423,DEC,DEC,0,0.126827456688301,0.26196486891185655,0.6112076743998425
2026-08-15|Mansur Abdul-Malik vs. Dustin Stoltzfus,UFC 330: Makhachev vs. Machado Garry,2026-08-15T00:00:00+00:00,Mansur Abdul-Malik vs. Dustin Stoltzfus,Mansur Abdul-Malik,Dustin Stoltzfus,Dustin Stoltzfus,SUB,0,Middleweight Bout,900,565.0,10.0,4.0,6.0,0.3,0.75,-0.45,0.2,0.75,-0.55,0.1,0.5,-0.4,0.1,0.25,-0.15,0.2,0.25,-0.04999999999999999,0.2,0.0,0.2,0.28938906752411575,0.5784061696658097,-0.28901710214169396,0.4340836012861736,1.1568123393316194,-0.7227287380454458,3.279742765273312,2.9305912596401025,0.3491515056332095,3.2508038585209,4.93573264781491,-1.68492878929401,0.44328552803129073,0.44970414201183434,-0.006418613980543608,0.47670807453416153,0.39906103286384975,0.07764704167031178,4.340836012861737,19.665809768637533,-15.324973755775797,3.472668810289389,1.1568123393316194,2.31585647095777,2.02572347266881,2.892030848329049,-0.8663073756602389,5.643086816720257,6.940874035989717,-1.29778721926946,0.358974358974359,0.4166666666666667,-0.05769230769230771,0.5,0.9,-0.4,1.012861736334405,0.5784061696658097,0.4344555666685953,0.7234726688102894,0.0,0.7234726688102894,249.16398713826365,168.31619537275063,80.84779176551302,156.41479099678457,140.55269922879177,15.862091767992808,0.6853278089203023,,,0.4,0.75,-0.35,0.4,0.75,-0.35,0.536266758336198,-2.005141388174807,2.5414081465110048,0.6187693365417669,0.5784061696658097,0.0403631668759572,2.4750773461670676,2.892030848329049,-0.41695350216198124,1.8563080096253006,0.5784061696658097,1.2779018399594908,336.0,140.0,34.749515732698136,28.854801946651882,5.894713786046253,72.0,74.0,-2.0,75.0,80.0,-5.0,0.0,0.0,0.0,0.0,0.0,1.0,0.624157911703684,9.362368675555262,1.012861736334405,0.20257234726688095,0.320084270823862,5.709668620173748,0.6853278089203023,,2.3978952727983707,1.6094379124341003,KO,SUB,0,0.4119550586638603,0.14759461639478286,0.44045032494135683
2026-08-15|Neil Magny vs. Ramiz Brahimaj,UFC 330: Makhachev vs. Machado Garry,2026-08-15T00:00:00+00:00,Neil Magny vs. Ramiz Brahimaj,Neil Magny,Ramiz Brahimaj,Neil Magny,KO,1,Welterweight Bout,900,500.0,37.0,9.0,28.0,0.6486486486486487,0.5555555555555556,0.0930930930930931,0.2702702702702703,0.5555555555555556,-0.2852852852852853,0.1891891891891892,0.1111111111111111,0.0780780780780781,0.08108108108108109,0.4444444444444444,-0.36336336336336333,0.10810810810810811,0.1111111111111111,-0.003003003003002991,0.16216216216216217,0.0,0.16216216216216217,0.06774812751703112,0.19942388654996676,-0.13167575903293566,0.3726147013436712,0.19942388654996676,0.17319081479370443,3.4009560013549622,2.286727232439619,1.1142287689153432,2.4389325906131205,3.2705517394194548,-0.8316191488063343,0.4688667496886675,0.48725212464589235,-0.018385374957224865,0.5178571428571428,0.47096774193548385,0.04688940092165894,11.957544506755994,1.3959672058497674,10.561577300906226,6.910309006737175,1.595391092399734,5.314917914337441,2.1679400805449958,1.9942388654996674,0.17370121504532832,5.453724265121006,5.783292709949037,-0.3295684448280305,0.39751552795031053,0.3448275862068966,0.05268794174341396,0.5535714285714286,0.4482758620689655,0.10529556650246308,0.27099251006812447,1.595391092399734,-1.3243985823316096,0.4064887651021868,0.19942388654996676,0.20706487855222003,192.33693402085137,171.90339020607135,20.433543814780023,288.33603071248444,371.7261245291381,-83.39009381665363,2.050077687593802,0.46104433201207395,1.5890333555817278,0.4,0.6,-0.19999999999999996,0.4,0.6,-0.19999999999999996,0.0,-0.5277246653919695,0.5277246653919695,0.0,0.3441682600382409,-0.3441682600382409,2.112676056338028,2.0650095602294454,0.047666496108582646,0.4225352112676056,1.0325047801147227,-0.6099695688471171,245.0,175.0,39.03434019863515,33.741965954126364,5.292374244508785,75.0,70.0,5.0,80.0,72.0,8.0,0.0,0.0,0.0,0.0,0.0,1.0,0.08125872241296021,31.03450449980788,0.32503488965184085,1.1961048720248253,0.30197518976068377,8.527895004196502,2.050077687593802,0.46104433201207395,3.6375861597263857,2.302585092994046,DEC,KO,1,0.35710064483685716,0.17097558126704795,0.47192377389609486
2026-08-15|Rafael Tobias vs. Lucas Fernando,UFC 330: Makhachev vs. Machado Garry,2026-08-15T00:00:00+00:00,Rafael Tobias vs. Lucas Fernando,Rafael Tobias,Lucas Fernando,Lucas Fernando,KO,0,Light Heavyweight Bout,900,670.0,0.0,1.0,-1.0,,0.0,,,0.0,,,0.0,,,0.0,,,0.0,,,0.0,,,0.0,,,0.0,,,2.6,,,6.2666666666666675,,,0.38613861386138615,,,0.3426573426573427,,,9.0,,,8.0,,,2.0,,,8.0,,,0.25,,,1.0,,,1.0,,,0.0,,,151.0,,,88.0,,,,,,0.0,,,0.0,,,-3.6666666666666665,,,0.0,,,2.0,,,1.0,,,161.0,29.594036838538777,23.40636700274475,6.187669835794026,75.0,74.0,1.0,80.0,74.0,6.0,0.0,0.0,0.0,0.0,0.0,0.0,,,,,,,,,0.0,0.6931471805599453,DEC,KO,1,0.42666723232018194,0.14640099706576631,0.42693177061405174
2026-08-15|Vicente Luque vs. Tresean Gore,UFC 330: Makhachev vs. Machado Garry,2026-08-15T00:00:00+00:00,Vicente Luque vs. Tresean Gore,Vicente Luque,Tresean Gore,Tresean Gore,DEC,0,Middleweight Bout,900,900.0,7.0,25.0,-18.0,0.42857142857142855,0.68,-0.2514285714285715,0.42857142857142855,0.6,-0.17142857142857143,0.0,0.32,-0.32,0.42857142857142855,0.28,0.14857142857142852,0.2857142857142857,0.08,0.20571428571428568,0.0,0.04,-0.04,0.0,0.69713400464756,-0.69713400464756,0.9561752988047808,0.2535032744172946,0.7026720243874862,3.410358565737052,4.795436941060489,-1.3850783753234368,6.99601593625498,5.243292725864376,1.752723210390604,0.49767441860465117,0.5089686098654709,-0.011294191260819708,0.4067567567567567,0.515990639625585,-0.10923388286882829,2.6294820717131477,4.436307302302654,-1.8068252305895065,4.063745019920319,6.527709316245335,-2.463964296325016,1.9123505976095616,0.887261460460531,1.0250891371490307,2.6294820717131477,1.8378987395253856,0.7915833321877621,0.7272727272727273,0.4827586206896552,0.2445141065830721,0.8387096774193549,0.5967741935483871,0.24193548387096775,0.9561752988047808,0.69713400464756,0.25904129415722077,0.0,0.3168790930216182,-0.3168790930216182,130.0398406374502,129.98380395746779,0.05603667998241235,163.5059760956175,174.66375607351594,-11.157779977898429,1.2590792107520732,1.0159710148243046,0.24310819592776856,0.6,0.4,0.19999999999999996,0.6,0.4,0.19999999999999996,-3.7115749525616697,-3.1747572815533984,-0.5368176710082713,0.0,0.4368932038834951,-0.4368932038834951,2.049335863377609,0.0,2.049335863377609,1.0246679316888045,0.8737864077669902,0.1508815239218143,133.0,126.0,32.15124198306604,34.716660848614275,-2.5654188655482315,72.0,71.0,1.0,75.0,75.0,0.0,0.0,0.0,0.0,0.0,0.0,0.0,0.0,19.793976688135146,1.2591672602597144,0.7711091119393393,0.17252975750449834,1.2170682105042263,1.2590792107520732,1.0159710148243046,2.0794415416798357,3.258096538021482,KO,DEC,0,0.356852128481388,0.2947208407704548,0.34842703074815734
2026-08-22|Anthony Hernandez vs. Gregory Rodrigues,UFC Fight Night: Hernandez vs. Rodrigues,2026-08-22T00:00:00+00:00,Anthony Hernandez vs. Gregory Rodrigues,Anthony Hernandez,Gregory Rodrigues,Gregory Rodrigues,DEC,0,Middleweight Bout,1500,1500.0,13.0,12.0,1.0,0.7692307692307693,0.75,0.019230769230769273,0.5384615384615384,0.5833333333333334,-0.044871794871794934,0.5384615384615384,0.16666666666666666,0.3717948717948718,0.0,0.4166666666666667,-0.4166666666666667,0.15384615384615385,0.16666666666666666,-0.012820512820512803,0.0,0.08333333333333333,-0.08333333333333333,1.0318142734307825,0.0,1.0318142734307825,0.38693035253654345,0.2188449848024316,0.16808536773411184,5.520206362854686,4.522796352583586,0.9974100102710999,4.72055030094583,3.1003039513677813,1.620246349578049,0.5148356054530874,0.6066536203522505,-0.09181801489916308,0.5085049239033124,0.5092378752886836,-0.0007329513853712166,4.772141014617369,26.370820668693007,-21.59867965407564,1.289767841788478,2.1884498480243164,-0.8986820062358385,1.934651762682717,5.908814589665653,-3.9741628269829357,5.417024935511607,12.25531914893617,-6.838294213424563,0.35714285714285715,0.48214285714285715,-0.125,0.75,0.6818181818181819,0.06818181818181812,0.38693035253654345,1.641337386018237,-1.2544070334816935,0.0,0.5471124620060791,-0.5471124620060791,168.18572656921754,471.063829787234,-302.87810321801646,62.553740326741185,102.85714285714285,-40.30340253040166,1.1749839228295822,1.3355914522147059,-0.16060752938512368,0.8,0.8,0.0,0.4,0.6,-0.19999999999999996,0.7186791842020072,1.8844717768504282,-1.1657925926484212,1.165425704111363,0.0,1.165425704111363,1.165425704111363,5.139468482319351,-3.9740427782079877,0.29135642602784073,0.5930155941137711,-0.3016591680859304,168.0,182.0,34.51131782309014,32.843932455834135,1.6673853672560028,75.0,72.0,3.0,75.0,75.0,0.0,0.0,0.0,1.0,0.0,0.0,1.0,1.257621652418674,15.215732292807358,0.5986247703376918,0.6155710153990462,0.20822994718093601,9.198122453459895,1.1749839228295822,1.3355914522147059,2.639057329615259,2.5649493574615367,SUB,DEC,0,0.631335411613109,0.07712537554544535,0.29153921284144574
2026-08-22|Anthony Wint vs. Terrance Chatman,UFC Fight Night: Hernandez vs. Rodrigues,2026-08-22T00:00:00+00:00,Anthony Wint vs. Terrance Chatman,Anthony Wint,Terrance Chatman,Anthony Wint,SUB,1,Heavyweight Bout,900,269.0,0.0,0.0,0.0,,,,,,,,,,,,,,,,,,,,,,,,,,,,,,,,,,,,,,,,,,,,,,,,,,,,,,,,,,,,,,,,,,,,,,,,,,,,,,,,,,,,,,,,,,30.938349178970135,,,,,,,,,0.0,0.0,0.0,1.0,0.0,1.0,,,,,,,,,0.0,0.0,KO,SUB,0,0.5048321699896599,0.13704310335313505,0.3581247266572052
2026-08-22|Carli Judice vs. Jeisla Chaves,UFC Fight Night: Hernandez vs. Rodrigues,2026-08-22T00:00:00+00:00,Carli Judice vs. Jeisla Chaves,Carli Judice,Jeisla Chaves,Carli Judice,KO,1,Women's Flyweight Bout,900,99.0,4.0,1.0,3.0,0.75,1.0,-0.25,0.5,0.0,0.5,0.5,0.0,0.5,0.0,0.0,0.0,0.0,0.0,0.0,0.0,0.0,0.0,0.6949806949806949,0.0,0.6949806949806949,0.0,0.0,0.0,8.664092664092664,4.266666666666667,4.397425997425997,4.656370656370656,4.133333333333333,0.5230373230373235,0.48195876288659795,0.6464646464646465,-0.16450588357804857,0.5963855421686747,0.4464285714285714,0.14995697074010328,2.0849420849420848,13.0,-10.915057915057915,0.0,10.0,-10.0,0.6949806949806949,3.0,-2.305019305019305,1.3899613899613898,6.0,-4.61003861003861,0.5,0.5,0.0,0.8275862068965517,0.5,0.3275862068965517,0.0,1.0,-1.0,0.34749034749034746,0.0,0.34749034749034746,73.32046332046333,269.0,-195.67953667953668,152.20077220077218,198.0,-45.79922779922782,1.3746803069053708,,,0.75,1.0,-0.25,0.5,0.0,0.5,4.007722007722007,0.13333333333333333,3.874388674388674,0.6949806949806949,0.0,0.6949806949806949,0.6949806949806949,3.0,-2.305019305019305,0.0,1.0,-1.0,182.0,77.0,27.474896815129675,29.550230326426963,-2.0753335112972877,67.0,66.0,1.0,68.0,68.0,0.0,1.0,0.0,0.0,0.0,1.0,0.0,0.6949806949806949,22.934362934362934,0.0,0.34749034749034746,0.0993899613899614,1.3899613899613898,1.3746803069053708,,1.6094379124341003,0.6931471805599453,DEC,KO,1,0.2926875154459699,0.06049432478483619,0.646818159769194
2026-08-22|Chris Padilla vs. Nasrat Haqparast,UFC Fight Night: Hernandez vs. Rodrigues,2026-08-22T00:00:00+00:00,Chris Padilla vs. Nasrat Haqparast,Chris Padilla,Nasrat Haqparast,Chris Padilla,SUB,1,Lightweight Bout,900,899.0,4.0,15.0,-11.0,1.0,0.6666666666666666,0.33333333333333337,0.75,0.13333333333333333,0.6166666666666667,0.5,0.13333333333333333,0.3666666666666667,0.25,0.0,0.25,0.0,0.13333333333333333,-0.13333333333333333,0.0,0.0,0.0,0.0,0.5965909090909092,-0.5965909090909092,0.0,0.17045454545454544,-0.17045454545454544,4.78014801915542,6.363636363636364,-1.5834883444809442,3.8659120592076626,6.0,-2.1340879407923374,0.5414201183431953,0.4565837749694252,0.08483634337377005,0.5568862275449102,0.6339688041594453,-0.0770825766145351,6.269046582498912,4.6022727272727275,1.6667738552261842,0.0,1.6193181818181819,-1.6193181818181819,1.1754462342185459,0.3409090909090909,0.834537143309455,3.91815411406182,1.7045454545454546,2.2136086595163653,0.3,0.2,0.09999999999999998,0.75,0.86,-0.10999999999999999,0.391815411406182,0.0,0.391815411406182,0.0,0.08522727272727272,-0.08522727272727272,196.69133652590335,35.284090909090914,161.40724561681245,10.970831519373094,98.69318181818183,-87.72235029880873,,1.7437339841366686,,1.0,0.8,0.19999999999999996,0.75,0.2,0.55,0.9142359599477579,0.4062288422477996,0.5080071176999583,0.0,0.6093432633716994,-0.6093432633716994,1.1754462342185459,0.3046716316858497,0.8707746025326961,0.391815411406182,0.0,0.391815411406182,287.0,301.0,30.938349178970135,31.001321040130872,-0.06297186116073661,69.0,70.0,-1.0,74.0,72.0,2.0,0.0,1.0,0.0,0.0,0.0,0.0,0.0,16.420627696204534,0.4252087703328452,0.16456247279059644,0.2425114774211422,2.7427078798432736,,1.7437339841366686,1.6094379124341003,2.772588722239781,DEC,SUB,0,0.3630443439285447,0.11875073335284166,0.5182049227186136
2026-08-22|Gauge Young vs. Stan Dorsainvil,UFC Fight Night: Hernandez vs. Rodrigues,2026-08-22T00:00:00+00:00,Gauge Young vs. Stan Dorsainvil,Gauge Young,Stan Dorsainvil,Stan Dorsainvil,DEC,0,Lightweight Bout,900,900.0,0.0,3.0,-3.0,,0.6666666666666666,,,0.0,,,0.0,,,0.0,,,0.0,,,0.0,,,0.3333333333333333,,,0.0,,,7.0,,,5.022222222222222,,,0.5172413793103449,,,0.5097613882863341,,,2.3333333333333335,,,0.3333333333333333,,,1.0,,,2.3333333333333335,,,0.42857142857142855,,,0.92,,,0.0,,,0.0,,,100.0,,,60.33333333333333,,,2.3114754098360653,,,0.6666666666666666,,,0.0,,,1.9777777777777779,,,0.3333333333333333,,,1.0,,,0.0,,,126.0,26.278431453075697,26.10594331163542,0.1724881414402759,,69.0,,,70.0,,0.0,0.0,0.0,0.0,0.0,0.0,,,,,,,,2.3114754098360653,0.0,1.3862943611198906,DEC,DEC,0,0.4119248354302205,0.23274153914797213,0.35533362542180735
2026-08-22|Jamall Emmers vs. Lerryan Douglas,UFC Fight Night: Hernandez vs. Rodrigues,2026-08-22T00:00:00+00:00,Jamall Emmers vs. Lerryan Douglas,Jamall Emmers,Lerryan Douglas,Jamall Emmers,KO,1,Featherweight Bout,900,218.0,9.0,1.0,8.0,0.5555555555555556,1.0,-0.4444444444444444,0.2222222222222222,1.0,-0.7777777777777778,0.2222222222222222,1.0,-0.7777777777777778,0.0,0.0,0.0,0.1111111111111111,0.0,0.1111111111111111,0.1111111111111111,0.0,0.1111111111111111,0.5201309959545367,8.450704225352112,-7.9305732293975755,0.17337699865151224,0.0,0.17337699865151224,4.877672895395878,8.169014084507042,-3.291341189111164,3.571566172221152,4.788732394366197,-1.2171662221450452,0.4746906636670416,0.6041666666666666,-0.12947600299962503,0.5928853754940712,0.6304347826086957,-0.03754940711462451,6.414948950105952,8.450704225352112,-2.03575527524616,2.253900982469659,0.0,2.253900982469659,2.774031978424196,0.0,2.774031978424196,5.201309959545367,0.0,5.201309959545367,0.5333333333333333,,,0.8,,,0.3467539973030245,0.0,0.3467539973030245,0.5201309959545367,0.0,0.5201309959545367,282.6045078019649,21.12676056338028,261.47774723858464,39.52995569254479,12.67605633802817,26.85389935451662,0.458882005899705,,,0.6,1.0,-0.4,0.4,1.0,-0.6,0.7317073170731707,3.380281690140845,-2.6485743730676745,1.135407905803196,8.450704225352112,-7.315296319548916,3.027754415475189,0.0,3.027754415475189,0.37846930193439865,0.0,0.37846930193439865,287.0,147.0,37.07947459564536,31.321656159948528,5.75781843569683,70.0,69.0,1.0,74.0,72.0,2.0,0.0,0.0,0.0,0.0,0.0,1.0,0.5201309959545367,6.414948950105952,0.3467539973030245,,0.3184276144247492,2.427277981121171,0.458882005899705,,2.302585092994046,0.6931471805599453,KO,KO,0,0.2872588063233201,0.13692994657499213,0.5758112471016877
2026-08-22|Kennedy Nzechukwu vs. Shamil Gaziev,UFC Fight Night: Hernandez vs. Rodrigues,2026-08-22T00:00:00+00:00,Kennedy Nzechukwu vs. Shamil Gaziev,Kennedy Nzechukwu,Shamil Gaziev,Shamil Gaziev,KO,0,Heavyweight Bout,900,80.0,6.0,14.0,-8.0,0.5,0.5714285714285714,-0.0714285714285714,0.3333333333333333,0.5,-0.16666666666666669,0.3333333333333333,0.42857142857142855,-0.09523809523809523,0.0,0.07142857142857142,-0.07142857142857142,0.5,0.14285714285714285,0.35714285714285715,0.0,0.14285714285714285,-0.14285714285714285,0.27658266748617083,0.37996059667886295,-0.10337792919269212,0.8297480024585125,0.37996059667886295,0.4497874057796496,3.005531653349723,5.066141289051506,-2.060609635701783,5.162876459741856,4.863495637489446,0.29938082225241036,0.45403899721448465,0.49627791563275436,-0.04223891841826971,0.452054794520548,0.5163727959697733,-0.06431800144922528,3.8721573448063924,7.852518998029834,-3.9803616532234414,0.27658266748617083,0.6332676611314382,-0.35668499364526735,1.1063306699446833,0.6332676611314382,0.47306300881324514,3.31899200983405,1.3931888544891642,1.925803155344886,0.3333333333333333,0.45454545454545453,-0.12121212121212122,0.8333333333333334,0.8153846153846154,0.017948717948717996,0.0,0.2533070644525753,-0.2533070644525753,0.0,0.37996059667886295,-0.37996059667886295,372.0036877688998,155.02392344497608,216.97976432392372,10.233558696988322,156.6704193639178,-146.43686066692948,0.1772852233676976,1.8976985425946957,-1.7204133192269981,0.4,0.4,0.0,0.2,0.4,-0.2,-3.271221532091097,-0.41405269761606023,-2.857168834475037,0.31055900621118016,0.5646173149309912,-0.25405830871981105,1.2422360248447206,0.0,1.2422360248447206,0.0,0.0,0.0,112.0,406.0,36.52915528724067,34.19098270327248,2.3381725839681877,76.0,77.0,-1.0,78.0,83.0,-5.0,0.0,1.0,0.0,1.0,0.0,0.0,0.3816731828552478,6.324269370084856,0.0,0.20424566214363385,0.48529048488850285,2.7731440885244445,0.1772852233676976,1.8976985425946957,1.9459101490553132,2.70805020110221,KO,KO,0,0.5322325432193281,0.0728795941841504,0.39488786259652153
2026-08-22|MarQuel Mederos vs. Mason Jones,UFC Fight Night: Hernandez vs. Rodrigues,2026-08-22T00:00:00+00:00,MarQuel Mederos vs. Mason Jones,MarQuel Mederos,Mason Jones,MarQuel Mederos,KO,1,Lightweight Bout,900,427.0,3.0,6.0,-3.0,1.0,0.6666666666666666,0.33333333333333337,0.0,0.16666666666666666,-0.16666666666666666,0.0,0.16666666666666666,-0.16666666666666666,0.0,0.0,0.0,0.0,0.0,0.0,0.0,0.0,0.0,0.3333333333333333,0.18007202881152462,0.1532613045218087,0.0,0.36014405762304924,-0.36014405762304924,4.7555555555555555,5.942376950780313,-1.186821395224757,3.088888888888889,4.717887154861945,-1.6289982659730557,0.5646437994722955,0.4202037351443124,0.14444006432798306,0.5762195121951219,0.5019011406844107,0.07431837151071119,4.666666666666667,8.283313325330132,-3.6166466586634654,1.0,3.6014405762304924,-2.6014405762304924,0.0,3.4213685474189677,-3.4213685474189677,2.0,6.302521008403361,-4.302521008403361,0.0,0.5428571428571428,-0.5428571428571428,0.782608695652174,0.6842105263157895,0.09839816933638446,0.0,0.18007202881152462,-0.18007202881152462,0.3333333333333333,0.0,0.3333333333333333,128.0,237.33493397358944,-109.33493397358944,285.6666666666667,113.98559423769508,171.68107242897162,1.0454545454545452,1.0307692307692309,0.01468531468531431,1.0,0.8,0.19999999999999996,0.0,0.2,-0.2,1.6666666666666665,1.361639824304539,0.3050268423621276,0.3333333333333333,0.21961932650073207,0.11371400683260124,0.0,3.953147877013177,-3.953147877013177,0.0,0.21961932650073207,-0.21961932650073207,441.0,154.0,29.725456374874227,31.324394066955517,-1.5989376920812894,70.0,70.0,0.0,69.0,74.0,-5.0,0.0,0.0,0.0,0.0,0.0,1.0,0.4533813525410164,21.473389355742302,0.0,0.0,0.16023476057089503,2.3601440576230495,1.0454545454545452,1.0307692307692309,1.3862943611198906,1.9459101490553132,DEC,KO,0,0.25459196271174994,0.09325849937760144,0.6521495379106486
2026-08-22|Marcio Barbosa vs. Ryan Kuse,UFC Fight Night: Hernandez vs. Rodrigues,2026-08-22T00:00:00+00:00,Marcio Barbosa vs. Ryan Kuse,Marcio Barbosa,Ryan Kuse,Marcio Barbosa,KO,1,Featherweight Bout,900,167.0,1.0,0.0,1.0,1.0,,,1.0,,,1.0,,,0.0,,,0.0,,,0.0,,,11.25,,,0.0,,,3.0,,,3.75,,,0.5,,,0.6153846153846154,,,0.0,,,0.0,,,0.0,,,0.0,,,,,,,,,0.0,,,0.0,,,0.0,,,0.0,,,,,,1.0,,,1.0,,,-0.75,,,11.25,,,0.0,,,0.0,,,126.0,,28.25246240511441,32.162193611094,-3.909731205979586,66.0,,,70.0,,,0.0,0.0,0.0,0.0,0.0,0.0,,,,,,,,,0.6931471805599453,0.0,KO,KO,1,0.4146294838362263,0.10167535149505041,0.4836951646687233
2026-08-22|Reinier de Ridder vs. Roman Dolidze,UFC Fight Night: Hernandez vs. Rodrigues,2026-08-22T00:00:00+00:00,Reinier de Ridder vs. Roman Dolidze,Reinier de Ridder,Roman Dolidze,Reinier de Ridder,KO,1,Light Heavyweight Bout,900,241.0,6.0,14.0,-8.0,0.6666666666666666,0.6428571428571429,0.023809523809523725,0.5,0.35714285714285715,0.14285714285714285,0.16666666666666666,0.35714285714285715,-0.1904761904761905,0.3333333333333333,0.0,0.3333333333333333,0.16666666666666666,0.0,0.16666666666666666,0.0,0.07142857142857142,-0.07142857142857142,0.3652597402597403,0.3306392358559882,0.034620504403752084,0.18262987012987014,0.08265980896399705,0.09997006116587309,2.471590909090909,3.1851579720793533,-0.7135670629884441,2.3620129870129873,3.7141807494489347,-1.3521677624359474,0.48564593301435405,0.41612670986321093,0.06951922315114312,0.46849315068493147,0.4847094801223242,-0.016216329437392707,3.2873376623376624,6.1994856722997795,-2.912148009962117,8.583603896103895,6.1994856722997795,2.3841182238041156,2.556818181818182,1.157237325495959,1.3995808563222232,8.766233766233766,2.6451138868479056,6.12111987938586,0.2916666666666667,0.4375,-0.14583333333333331,0.4,0.31999999999999995,0.08000000000000007,0.5478896103896104,0.7439382806759736,-0.1960486702863632,0.18262987012987014,0.24797942689199118,-0.06534955676212104,306.8181818181818,234.25789860396767,72.56028321421414,223.53896103896105,90.92578986039678,132.61317117856427,0.7897434651637354,1.0167907907907907,-0.22704732562705532,0.6,0.6,0.0,0.4,0.2,0.2,0.014204545454545456,-0.24437299035369775,0.2585775358082432,0.21306818181818182,0.0,0.21306818181818182,1.9176136363636362,0.9646302250803859,0.9529834112832504,0.42613636363636365,0.0,0.42613636363636365,168.0,154.0,35.95693272278007,38.10345181625906,-2.146519093478993,76.0,74.0,2.0,78.0,76.0,2.0,1.0,0.0,0.0,0.0,0.0,0.0,0.39545204061184963,23.66714040001145,0.6837549619741023,1.738636363636364,0.375350677977423,10.828837538288308,0.7897434651637354,1.0167907907907907,1.9459101490553132,2.70805020110221,DEC,KO,1,0.27934763544002483,0.25038750339949706,0.4702648611604782
2026-08-22|Serghei Spivac vs. Vitor Petrino,UFC Fight Night: Hernandez vs. Rodrigues,2026-08-22T00:00:00+00:00,Serghei Spivac vs. Vitor Petrino,Serghei Spivac,Vitor Petrino,Vitor Petrino,DEC,0,Heavyweight Bout,900,900.0,9.0,15.0,-6.0,0.7777777777777778,0.6,0.1777777777777778,0.4444444444444444,0.4,0.0444444444444444,0.2222222222222222,0.2,0.0222222222222222,0.2222222222222222,0.2,0.0222222222222222,0.1111111111111111,0.26666666666666666,-0.15555555555555556,0.1111111111111111,0.0,0.1111111111111111,0.4727718438101909,0.0,0.4727718438101909,0.3151812292067939,0.2390438247011952,0.07613740450559872,3.08877604622658,3.5697211155378485,-0.48094506931126846,2.763088776046226,4.231075697211155,-1.467986921164929,0.48756218905472637,0.47761194029850745,0.009950248756218916,0.5093283582089552,0.5224820143884892,-0.013153656179534012,6.618805813342672,18.64541832669323,-12.026612513350557,1.4183155314305727,5.856573705179283,-4.438258173748711,2.8366310628611453,3.824701195219123,-0.9880701323579779,6.146033969532481,6.454183266932271,-0.30814929739979036,0.46153846153846156,0.5925925925925926,-0.131054131054131,0.8076923076923077,0.6363636363636364,0.17132867132867136,0.7879530730169848,0.4780876494023904,0.3098654236145944,0.15759061460339696,0.1195219123505976,0.03806870225279936,291.85781824549116,295.57768924302786,-3.7198709975367024,73.43722640518297,110.3187250996016,-36.881498694418624,1.3494339820870431,1.386206896551724,-0.036772914464680895,0.6,0.4,0.19999999999999996,0.4,0.2,0.2,0.8804108584005869,-3.50606394707828,4.3864748054788665,0.6603081438004402,0.0,0.6603081438004402,0.9904622157006603,1.6538037486218302,-0.6633415329211699,0.6603081438004402,0.3307607497243661,0.32954739407607414,161.0,182.0,28.98348357598034,31.57628151159846,-2.592797935618119,74.0,75.0,-1.0,77.0,78.0,-1.0,0.0,0.0,0.0,1.0,0.0,1.0,0.585785033565615,45.38232989945315,0.8821307311465049,1.03150220467678,0.3640363195557233,4.891587563247273,1.3494339820870431,1.386206896551724,2.302585092994046,2.772588722239781,KO,DEC,1,0.4024417906532449,0.09276258886032061,0.5047956204864346
2026-08-22|Shanelle Dyer vs. Elise Reed,UFC Fight Night: Hernandez vs. Rodrigues,2026-08-22T00:00:00+00:00,Shanelle Dyer vs. Elise Reed,Shanelle Dyer,Elise Reed,Shanelle Dyer,KO,1,Women's Strawweight Bout,900,702.0,1.0,9.0,-8.0,1.0,0.4444444444444444,0.5555555555555556,1.0,0.0,1.0,1.0,0.0,1.0,0.0,0.0,0.0,0.0,0.3333333333333333,-0.3333333333333333,0.0,0.2222222222222222,-0.2222222222222222,0.0,0.1537672988211174,-0.1537672988211174,0.0,0.3075345976422348,-0.3075345976422348,7.79840848806366,3.413634033828806,4.384774454234854,4.137931034482759,3.2598667350076886,0.8780642994750703,0.6282051282051282,0.5319488817891374,0.09625624641599084,0.675,0.5174506828528073,0.15754931714719278,14.323607427055704,2.152742183495643,12.17086524356006,0.0,10.763710917478216,-10.763710917478216,2.3872679045092835,0.4613018964633521,1.9259660080459313,2.3872679045092835,0.768836494105587,1.6184314104036965,1.0,0.6,0.4,1.0,0.5306122448979591,0.4693877551020409,0.0,0.0,0.0,0.0,1.0763710917478215,-1.0763710917478215,81.16710875331565,76.42234751409534,4.74476123922031,28.647214854111407,377.03741670937984,-348.39020185526846,,2.1882371198013657,,1.0,0.4,0.6,1.0,0.0,1.0,3.660477453580902,1.0628342245989306,2.5976432289819713,0.0,0.0,0.0,2.3872679045092835,0.0,2.3872679045092835,0.0,0.0,0.0,154.0,462.0,25.33111562865767,33.71184897704949,-8.380733348391821,66.0,63.0,3.0,65.0,63.0,2.0,0.0,0.0,0.0,0.0,1.0,1.0,0.0,168.49877706732724,0.0,1.1205543225247658,0.1279672035606216,0.0,,2.1882371198013657,0.6931471805599453,2.302585092994046,KO,KO,1,0.45162018393474274,0.08171218083447936,0.4666676352307779
2026-08-22|Wes Schultz vs. Jackson McVey,UFC Fight Night: Hernandez vs. Rodrigues,2026-08-22T00:00:00+00:00,Wes Schultz vs. Jackson McVey,Wes Schultz,Jackson McVey,Jackson McVey,KO,0,Middleweight Bout,900,253.0,3.0,2.0,1.0,0.3333333333333333,0.5,-0.16666666666666669,0.3333333333333333,0.5,-0.16666666666666669,0.0,0.0,0.0,0.3333333333333333,0.5,-0.16666666666666669,0.0,0.5,-0.5,0.6666666666666666,0.0,0.6666666666666666,1.2048192771084336,1.0465116279069768,0.1583076492014568,0.0,2.0930232558139537,-2.0930232558139537,6.506024096385542,1.0465116279069768,5.459512468478565,3.373493975903614,1.8837209302325584,1.4897730456710558,0.6923076923076923,0.5,0.1923076923076923,0.23636363636363633,0.3076923076923077,-0.07132867132867138,16.867469879518072,0.0,16.867469879518072,2.4096385542168672,16.74418604651163,-14.334547492294762,0.0,0.0,0.0,1.2048192771084336,9.418604651162791,-8.213785374054357,0.0,0.0,0.0,0.0,0.0,0.0,1.2048192771084336,5.232558139534883,-4.02773886242645,2.4096385542168672,0.0,2.4096385542168672,330.12048192771084,130.8139534883721,199.30652843933873,256.6265060240964,633.139534883721,-376.5130288596246,,,,0.3333333333333333,0.5,-0.16666666666666669,0.3333333333333333,0.5,-0.16666666666666669,3.1325301204819276,-0.8372093023255813,3.9697394228075087,1.2048192771084336,1.0465116279069768,0.1583076492014568,0.0,0.0,0.0,1.2048192771084336,5.232558139534883,-4.02773886242645,119.0,112.0,27.41192495396894,30.03483986666393,-2.6229149126949913,76.0,74.0,2.0,77.0,77.0,0.0,1.0,0.0,0.0,0.0,0.0,0.0,3.7265340431493414,299.2995236760998,1.2048192771084336,0.0,0.6248404470595561,7.509106192210702,,,1.3862943611198906,1.0986122886681096,KO,KO,1,0.4415291612761443,0.33609264545350326,0.22237819327035246
2026-08-29|Alex Perez vs. Sumudaerji,UFC Fight Night: Nurmagomedov vs. Song,2026-08-29T00:00:00+00:00,Alex Perez vs. Sumudaerji,Alex Perez,Sumudaerji,Sumudaerji,DEC,0,Flyweight Bout,900,900.0,10.0,14.0,-4.0,0.6,0.5714285714285714,0.02857142857142858,0.1,0.42857142857142855,-0.3285714285714285,0.1,0.2857142857142857,-0.1857142857142857,0.0,0.14285714285714285,-0.14285714285714285,0.0,0.14285714285714285,-0.14285714285714285,0.3,0.21428571428571427,0.08571428571428572,0.2695821476711098,0.9092439804680922,-0.6396618327969824,0.1347910738355549,0.0,0.1347910738355549,4.4301332933952375,4.404781949823202,0.02535134357203539,2.345364684738655,3.1924566425324126,-0.8470919577937575,0.5056410256410256,0.4678111587982833,0.037829866842742366,0.622286541244573,0.5964240102171137,0.02586253102745939,7.278717987119963,9.39552113150362,-2.116803144383656,8.491837651639958,6.970870516922041,1.5209671347179174,0.6739553691777744,2.273109951170231,-1.5991545819924564,1.8870750336977684,4.69776056575181,-2.810685532054041,0.35714285714285715,0.4838709677419355,-0.12672811059907835,0.72,0.7428571428571429,-0.02285714285714291,0.5391642953422195,0.6061626536453948,-0.06699835830317524,0.5391642953422195,0.4546219902340461,0.08454230510817345,80.87464430133294,253.07290789695236,-172.19826359561944,202.590983974839,88.80282875905034,113.78815521578865,1.551911111111111,0.34939013548593584,1.2025209756251751,0.6,0.4,0.19999999999999996,0.0,0.4,-0.4,2.092660072878709,0.7747816179263197,1.317878454952389,0.0,1.0254462590201292,-1.0254462590201292,0.9370119729307652,1.3672616786935055,-0.43024970576274024,0.4685059864653826,0.0,0.4685059864653826,175.0,217.0,30.607062431124525,34.44013224090844,-3.8330698097839146,68.0,66.0,2.0,72.0,65.0,7.0,1.0,0.0,0.0,0.0,0.0,0.0,0.2695821476711098,58.01771860452465,0.7842802403538364,0.17330280921714197,0.09872725562967903,1.9484674995548443,1.551911111111111,0.34939013548593584,2.3978952727983707,2.70805020110221,DEC,DEC,1,0.33715267503756485,0.16074945815883118,0.502097866803604
2026-08-29|Aoriqileng vs. Kai Asakura,UFC Fight Night: Nurmagomedov vs. Song,2026-08-29T00:00:00+00:00,Aoriqileng vs. Kai Asakura,Aoriqileng,Kai Asakura,Kai Asakura,KO,0,Bantamweight Bout,900,334.0,3.0,9.0,-6.0,0.3333333333333333,0.4444444444444444,-0.1111111111111111,0.3333333333333333,0.2222222222222222,0.1111111111111111,0.3333333333333333,0.2222222222222222,0.1111111111111111,0.0,0.0,0.0,0.0,0.2222222222222222,-0.2222222222222222,0.6666666666666666,0.0,0.6666666666666666,0.8078994614003591,0.5208333333333333,0.2870661280670258,0.0,0.6944444444444444,-0.6944444444444444,2.531418312387792,4.305555555555555,-1.7741372431677633,3.3393177737881508,5.277777777777778,-1.938460003989627,0.34306569343065696,0.5027027027027027,-0.15963700927204572,0.523076923076923,0.4812286689419796,0.04184825413494342,0.8078994614003591,7.986111111111111,-7.178211649710752,0.8078994614003591,11.805555555555555,-10.997656094155197,0.0,1.2152777777777777,-1.2152777777777777,0.0,2.6041666666666665,-2.6041666666666665,,0.4666666666666667,,0.5,0.5952380952380952,-0.09523809523809523,0.0,0.1736111111111111,-0.1736111111111111,2.423698384201077,0.5208333333333333,1.9028650508677438,22.621184919210055,110.41666666666667,-87.79548174745662,226.21184919210052,314.0625,-87.85065080789948,,1.6094506172839507,,0.3333333333333333,0.4,-0.06666666666666671,0.3333333333333333,0.2,0.1333333333333333,-0.8078994614003591,-0.8031088082901554,-0.004790653110203658,0.8078994614003591,0.7772020725388601,0.030697388861498975,0.0,0.7772020725388601,-0.7772020725388601,0.0,0.38860103626943004,-0.38860103626943004,91.0,91.0,32.827505013792205,33.177957110686734,-0.3504520968945286,68.0,67.0,1.0,69.0,69.0,0.0,0.0,0.0,0.0,0.0,0.0,1.0,1.3689407540394973,10.345601436265708,0.0,0.0,0.033905595451825254,,,1.6094506172839507,1.3862943611198906,2.302585092994046,KO,KO,1,0.39077554749758286,0.06985244951483112,0.539372002987586
2026-08-29|Bilal Hasan vs. Nilson Rojas,UFC Fight Night: Nurmagomedov vs. Song,2026-08-29T00:00:00+00:00,Bilal Hasan vs. Nilson Rojas,Bilal Hasan,Nilson Rojas,Bilal Hasan,KO,1,Flyweight Bout,900,448.0,0.0,0.0,0.0,,,,,,,,,,,,,,,,,,,,,,,,,,,,,,,,,,,,,,,,,,,,,,,,,,,,,,,,,,,,,,,,,,,,,,,,,,,,,,,,,,,,,,,,,,25.120296789119557,27.357166813829167,-2.23687002470961,,,,,,,0.0,0.0,0.0,0.0,0.0,1.0,,,,,,,,,0.0,0.0,KO,KO,1,0.2648504836137726,0.18798876269688003,0.5471607536893474
2026-08-29|Ding Meng vs. Cam Nelson,UFC Fight Night: Nurmagomedov vs. Song,2026-08-29T00:00:00+00:00,Ding Meng vs. Cam Nelson,Ding Meng,Cam Nelson,Cam Nelson,DEC,0,Welterweight Bout,900,900.0,0.0,1.0,-1.0,,0.0,,,0.0,,,0.0,,,0.0,,,0.0,,,0.0,,,0.0,,,0.0,,,4.2,,,4.8,,,0.4315068493150685,,,0.5294117647058824,,,0.0,,,0.0,,,0.0,,,0.0,,,,,,,,,0.0,,,0.0,,,0.0,,,0.0,,,,,,0.0,,,0.0,,,-0.6,,,0.0,,,0.0,,,0.0,,,91.0,,31.92125779447901,,,74.0,,,73.0,,0.0,0.0,0.0,0.0,0.0,0.0,,,,,,,,,0.0,0.6931471805599453,DEC,DEC,0,0.3993030765957369,0.20235153904938794,0.3983453843548752
2026-08-29|Jack Jenkins vs. Sean Woodson,UFC Fight Night: Nurmagomedov vs. Song,2026-08-29T00:00:00+00:00,Jack Jenkins vs. Sean Woodson,Jack Jenkins,Sean Woodson,Sean Woodson,DEC,0,Featherweight Bout,900,900.0,9.0,6.0,3.0,0.7777777777777778,0.6666666666666666,0.11111111111111116,0.2222222222222222,0.16666666666666666,0.05555555555555555,0.2222222222222222,0.16666666666666666,0.05555555555555555,0.0,0.0,0.0,0.1111111111111111,0.16666666666666666,-0.05555555555555555,0.1111111111111111,0.16666666666666666,-0.05555555555555555,0.4151291512915129,0.5904220424229171,-0.17529289113140417,0.0,0.0,0.0,5.977859778597786,4.644653400393615,1.3332063782041708,4.105166051660516,3.293242947736715,0.8119231039238013,0.46618705035971225,0.596964586846543,-0.13077753648683071,0.6065428824049514,0.5795644891122278,0.026978393292723557,0.9686346863468634,9.053137983818063,-8.0845032974712,0.6918819188191881,6.101027771703476,-5.409145852884288,0.6918819188191881,1.5744587797944458,-0.8825768609752577,1.2453874538745386,2.7553028646402797,-1.509915410765741,0.5555555555555556,0.5714285714285714,-0.015873015873015817,0.8695652173913043,0.7,0.16956521739130437,0.2767527675276753,0.19680734747430573,0.07994542005336958,0.2767527675276753,0.7872293898972229,-0.5104766223695476,76.93726937269372,181.84998906625847,-104.91271969356475,146.26383763837637,226.5252569429259,-80.26141930454952,0.9168202764976958,0.4736458586349283,0.4431744178627675,0.8,0.6,0.20000000000000007,0.2,0.2,0.0,1.4877384196185286,1.1598148652327798,0.3279235543857488,0.2452316076294278,0.7350939286686632,-0.4898623210392354,1.2261580381471389,0.9801252382248843,0.24603279992225457,0.0,0.24503130955622107,-0.24503130955622107,504.0,336.0,34.22657549436333,32.81929129277124,1.4072842015920912,74.0,67.0,7.0,78.0,68.0,10.0,0.0,0.0,0.0,0.0,0.0,0.0,0.4151291512915129,6.8783018083843634,0.4946206798608551,0.20756457564575648,0.10700219401056901,0.6624394912219403,0.9168202764976958,0.4736458586349283,2.302585092994046,1.9459101490553132,DEC,DEC,1,0.46755835434852533,0.14286101881394528,0.38958062683752936
2026-08-29|Lawrence Lui vs. Hector Santiago,UFC Fight Night: Nurmagomedov vs. Song,2026-08-29T00:00:00+00:00,Lawrence Lui vs. Hector Santiago,Lawrence Lui,Hector Santiago,Hector Santiago,KO,0,Bantamweight Bout,900,353.0,0.0,1.0,-1.0,,1.0,,,0.0,,,0.0,,,0.0,,,0.0,,,0.0,,,0.0,,,0.0,,,3.4666666666666663,,,3.7333333333333334,,,0.3466666666666667,,,0.552,,,7.0,,,0.0,,,7.0,,,15.0,,,0.4666666666666667,,,,,,0.0,,,0.0,,,299.0,,,14.0,,,,,,1.0,,,0.0,,,-0.26666666666666666,,,0.0,,,7.0,,,0.0,,,210.0,,30.06769475074779,,,67.0,,,72.0,,0.0,0.0,0.0,0.0,0.0,0.0,,,,,,,,,0.0,0.6931471805599453,DEC,KO,0,0.4754881877704414,0.2192181687770411,0.3052936434525175
2026-08-29|Liu Ce vs. Levi Rodrigues Jr.,UFC Fight Night: Nurmagomedov vs. Song,2026-08-29T00:00:00+00:00,Liu Ce vs. Levi Rodrigues Jr.,Liu Ce,Levi Rodrigues Jr.,Liu Ce,KO,1,Light Heavyweight Bout,900,266.0,0.0,1.0,-1.0,,0.0,,,0.0,,,0.0,,,0.0,,,1.0,,,0.0,,,0.0,,,0.0,,,1.65,,,5.8500000000000005,,,0.34375,,,0.3035714285714286,,,0.0,,,60.75000000000001,,,0.0,,,0.0,,,,,,0.5,,,0.0,,,0.0,,,0.0,,,519.75,,,,,,0.0,,,0.0,,,-4.2,,,0.0,,,0.0,,,0.0,,,42.0,29.982819633531147,,,,,,,,,0.0,0.0,0.0,0.0,0.0,0.0,,,,,,,,,0.0,0.6931471805599453,KO,KO,1,0.5634845484157853,0.1797778219308725,0.25673762965334224
2026-08-29|Namsrai Batbayar vs. Andre Lima,UFC Fight Night: Nurmagomedov vs. Song,2026-08-29T00:00:00+00:00,Namsrai Batbayar vs. Andre Lima,Namsrai Batbayar,Andre Lima,Andre Lima,SUB,0,Flyweight Bout,900,783.0,4.0,0.0,4.0,0.75,,,0.25,,,0.0,,,0.25,,,0.0,,,0.0,,,0.0,,,0.0,,,3.925394548063128,,,2.6513629842180775,,,0.5560975609756098,,,0.5803814713896458,,,0.5164992826398852,,,0.0,,,1.0329985652797704,,,1.8077474892395982,,,0.5714285714285714,,,0.875,,,0.7747489239598279,,,0.0,,,242.75466284074605,,,19.368723098995698,,,0.5059319541131483,,,0.75,,,0.25,,,1.2740315638450501,,,0.0,,,1.0329985652797704,,,0.7747489239598279,,,70.0,,27.565247746360296,25.66514028351027,1.900107462850027,67.0,64.0,3.0,67.0,68.0,-1.0,0.0,0.0,0.0,0.0,0.0,1.0,,,,,,,0.5059319541131483,,1.6094379124341003,0.0,DEC,SUB,1,0.17987269208794862,0.1564778849976386,0.6636494229144129
2026-08-29|Rei Tsuruya vs. Kevin Borjas,UFC Fight Night: Nurmagomedov vs. Song,2026-08-29T00:00:00+00:00,Rei Tsuruya vs. Kevin Borjas,Rei Tsuruya,Kevin Borjas,Rei Tsuruya,SUB,1,Flyweight Bout,900,254.0,3.0,6.0,-3.0,0.6666666666666666,0.3333333333333333,0.3333333333333333,0.3333333333333333,0.0,0.3333333333333333,0.0,0.0,0.0,0.3333333333333333,0.0,0.3333333333333333,0.0,0.3333333333333333,-0.3333333333333333,0.0,0.0,0.0,0.0,0.5926251097453906,-0.5926251097453906,0.0,0.39508340649692714,-0.39508340649692714,1.980990495247624,3.4899034240561897,-1.5089129288085656,2.281140570285143,5.741878841088674,-3.4607382708035312,0.46153846153846156,0.4233226837060703,0.03821577783239127,0.41984732824427484,0.49537037037037035,-0.07552304212609551,12.156078039019508,0.5926251097453906,11.563452929274117,2.2511255627813904,6.7164179104477615,-4.465292347666371,3.601800900450225,0.0,3.601800900450225,14.4072036018009,2.1729587357330993,12.234244866067801,0.25,0.0,0.25,0.5,0.8095238095238095,-0.30952380952380953,0.4502251125562781,0.0,0.4502251125562781,0.0,0.0,0.0,335.4177088544272,47.410008779631255,288.00770007479593,143.62181090545272,97.585601404741,46.03620950071172,0.9055333333333333,1.4829545454545452,-0.5774212121212119,0.6666666666666666,0.4,0.2666666666666666,0.3333333333333333,0.0,0.3333333333333333,-0.3001500750375187,-1.4770240700218817,1.176873994984363,0.0,0.7385120350109409,-0.7385120350109409,3.601800900450225,0.0,3.601800900450225,0.4502251125562781,0.0,0.4502251125562781,91.0,70.0,24.186670499736476,28.72885822433041,-4.5421877245939335,66.0,65.0,1.0,68.0,68.0,0.0,0.0,0.0,0.0,0.0,0.0,1.0,0.0,93.80137830109084,0.4502251125562781,0.6860573143714713,0.41309614420906676,10.805402701350674,0.9055333333333333,1.4829545454545452,1.3862943611198906,1.9459101490553132,DEC,SUB,1,0.12147612353487379,0.21168347974288154,0.6668403967222447
2026-08-29|Umar Nurmagomedov vs. Song Yadong,UFC Fight Night: Nurmagomedov vs. Song,2026-08-29T00:00:00+00:00,Umar Nurmagomedov vs. Song Yadong,Umar Nurmagomedov,Song Yadong,Song Yadong,KO,0,Bantamweight Bout,1500,408.0,16.0,9.0,7.0,0.75,0.8888888888888888,-0.13888888888888884,0.4375,0.3333333333333333,0.10416666666666669,0.3125,0.1111111111111111,0.2013888888888889,0.125,0.2222222222222222,-0.09722222222222221,0.0625,0.0,0.0625,0.0,0.0,0.0,0.5100388601036269,0.11851461680273902,0.39152424330088786,0.0,0.23702923360547803,-0.23702923360547803,4.507772020725389,3.8635765077692916,0.644195512956097,3.8908678756476682,1.8646299710297605,2.0262379046179078,0.44423168980373384,0.5646651270207852,-0.12043343721705135,0.5564784053156147,0.611842105263158,-0.05536369994754331,5.46470207253886,15.52541480115881,-10.06071272861995,1.675841968911917,0.23702923360547803,1.438812735306439,0.8743523316062176,4.029496971293126,-3.1551446396869083,2.113018134715026,8.651567026599949,-6.538548891884923,0.41379310344827586,0.4657534246575342,-0.051960321209258364,0.7735849056603774,0.7941176470588236,-0.020532741398446186,0.2185880829015544,0.23702923360547803,-0.01844115070392363,0.0,0.11851461680273902,-0.11851461680273902,124.66806994818653,349.02554648406635,-224.3574765358798,55.229922279792746,25.480642612588888,29.749279667203858,1.5185459119496858,1.2217153284671534,0.29683058348253244,0.6,0.8,-0.20000000000000007,0.2,0.0,0.2,-0.037641154328732745,1.2947368421052632,-1.332377996433996,0.0,0.0,0.0,1.317440401505646,3.9473684210526314,-2.6299280195469854,0.18820577164366373,0.0,0.18820577164366373,91.0,217.0,28.739809852358363,30.65360685024333,-1.913796997884969,68.0,68.0,0.0,67.0,69.0,-2.0,0.0,0.0,1.0,0.0,0.0,1.0,0.6309329802230011,6.759996216675013,0.24449396578427748,0.1800137153306918,0.14244183393693682,1.5322658091130033,1.5185459119496858,1.2217153284671534,2.833213344056216,2.302585092994046,DEC,KO,0,0.3984518944536933,0.1259132426010197,0.475634862945287
2026-08-29|Xiao Long vs. Francesco Nuzzi,UFC Fight Night: Nurmagomedov vs. Song,2026-08-29T00:00:00+00:00,Xiao Long vs. Francesco Nuzzi,Xiao Long,Francesco Nuzzi,Francesco Nuzzi,KO,0,Bantamweight Bout,900,60.0,0.0,4.0,-4.0,,0.25,,,0.25,,,0.25,,,0.0,,,0.0,,,0.0,,,0.26564344746162927,,,0.0,,,4.994096812278631,,,4.144037780401416,,,0.45705024311183146,,,0.4657534246575342,,,1.859504132231405,,,0.0,,,0.7969303423848878,,,2.656434474616293,,,0.3,,,0.88,,,0.0,,,0.0,,,125.38370720188901,,,46.48760330578513,,,1.1623351181925035,,,0.25,,,0.25,,,0.8500590318772137,,,0.26564344746162927,,,0.7969303423848878,,,0.0,,,175.0,30.001984982580066,28.37840612743588,1.623578855144185,,68.0,,,70.0,,0.0,0.0,0.0,0.0,0.0,0.0,,,,,,,,1.1623351181925035,0.0,1.6094379124341003,DEC,KO,0,0.40795379468292137,0.19944348647275345,0.3926027188443252
2026-08-29|Xiong Jingnan vs. Julia Polastri,UFC Fight Night: Nurmagomedov vs. Song,2026-08-29T00:00:00+00:00,Xiong Jingnan vs. Julia Polastri,Xiong Jingnan,Julia Polastri,Julia Polastri,KO,0,Women's Strawweight Bout,900,186.0,5.0,1.0,4.0,0.4,0.0,0.4,0.2,0.0,0.2,0.2,0.0,0.2,0.0,0.0,0.0,0.0,0.0,0.0,0.0,0.0,0.0,0.0,0.0,0.0,0.0,0.0,0.0,6.224862888482632,4.533333333333333,1.691529555149299,5.210237659963437,8.133333333333335,-2.9230956733698976,0.5805626598465473,0.3434343434343434,0.2371283164122039,0.580110497237569,0.3807106598984772,0.19939983733909183,5.141681901279707,0.0,5.141681901279707,2.056672760511883,0.0,2.056672760511883,0.6170018281535649,0.0,0.6170018281535649,0.8226691042047531,0.0,0.8226691042047531,0.75,,,0.6153846153846154,0.75,-0.13461538461538458,0.20566727605118829,0.0,0.20566727605118829,0.0,1.0,-1.0,110.23765996343693,7.0,103.23765996343693,203.8162705667276,126.00000000000001,77.8162705667276,1.1641365202411715,,,0.4,0.0,0.4,0.2,0.0,0.2,1.0146252285191957,-3.5999999999999996,4.614625228519195,0.0,0.0,0.0,0.6170018281535649,0.0,0.6170018281535649,0.20566727605118829,0.0,0.20566727605118829,126.0,91.0,28.48518450070843,38.62912996160085,-10.143945460892422,62.0,,,63.0,,,0.0,0.0,0.0,0.0,1.0,0.0,0.0,5.141681901279707,0.41133455210237657,0.15425045703839121,0.1396343692870201,0.20566727605118829,1.1641365202411715,,1.791759469228055,0.6931471805599453,DEC,KO,1,0.15265056316893444,0.025435023061375375,0.8219144137696902
2026-08-29|Yan Xiaonan vs. Denise Gomes,UFC Fight Night: Nurmagomedov vs. Song,2026-08-29T00:00:00+00:00,Yan Xiaonan vs. Denise Gomes,Yan Xiaonan,Denise Gomes,Denise Gomes,KO,0,Women's Strawweight Bout,900,289.0,8.0,13.0,-5.0,0.75,0.6923076923076923,0.05769230769230771,0.375,0.07692307692307693,0.2980769230769231,0.375,0.07692307692307693,0.2980769230769231,0.0,0.0,0.0,0.0,0.07692307692307693,-0.07692307692307693,0.0,0.0,0.0,0.5082831325301205,0.15360983102918588,0.35467330150093457,0.0,0.0,0.0,4.021084337349397,4.690220174091142,-0.6691358367417441,3.072289156626506,3.2309267793138763,-0.15863762268737025,0.5144508670520231,0.45123152709359604,0.0632193399584271,0.45708582834331335,0.6026448362720402,-0.1455590079287269,8.471385542168676,4.147465437788019,4.323920104380657,5.082831325301205,8.832565284178187,-3.7497339588769822,1.694277108433735,0.8448540706605223,0.8494230377732126,4.913403614457832,1.152073732718894,3.761329881738938,0.3448275862068966,0.7333333333333333,-0.3885057471264367,0.6590909090909092,0.6491228070175439,0.009968102073365293,0.8471385542168675,0.0,0.8471385542168675,0.0,0.6912442396313364,-0.6912442396313364,272.609186746988,73.04147465437788,199.5677120926101,249.56701807228913,264.7465437788018,-15.179525706512692,0.7427737226277372,1.34014598540146,-0.5973722627737227,0.8,0.6,0.20000000000000007,0.2,0.2,0.0,0.8702290076335878,0.8744939271255061,-0.0042649194919183175,0.22900763358778625,0.3643724696356275,-0.13536483604784127,1.6030534351145038,0.5465587044534413,1.0564947306610626,0.4580152671755725,0.0,0.4580152671755725,294.0,504.0,26.664476341061075,37.20268041095984,-10.538204069898768,62.0,65.0,-3.0,63.0,63.0,0.0,0.0,0.0,0.0,0.0,1.0,1.0,0.5082831325301205,83.29545139081674,1.4327181999888956,0.5944831959416613,0.39200075069864715,3.2191265060240966,0.7427737226277372,1.34014598540146,2.1972245773362196,2.639057329615259,DEC,KO,1,0.18501396486316155,0.17531411669041297,0.6396719184464255
2026-09-05|Dan Hooker vs. Salahdine Parnasse,UFC Fight Night: Hooker vs. Parnasse,2026-09-05T00:00:00+00:00,Dan Hooker vs. Salahdine Parnasse,Dan Hooker,Salahdine Parnasse,Salahdine Parnasse,KO,0,Lightweight Bout,1500,155.0,0.0,24.0,-24.0,,0.5833333333333334,,,0.375,,,0.2916666666666667,,,0.08333333333333333,,,0.16666666666666666,,,0.08333333333333333,,,0.5552508911434055,,,0.12338908692075679,,,4.81628735947354,,,4.939676446394297,,,0.48690228690228693,,,0.49110169491525424,,,5.120647107211407,,,9.315876062517138,,,0.6786399780641623,,,2.0359199341924867,,,0.3333333333333333,,,0.7714285714285715,,,0.5552508911434055,,,1.0488072388264327,,,157.93803125856869,,,133.75377022210037,,,1.2655782455771956,,,0.6,,,0.2,,,-0.853410740203193,,,0.5224963715529752,,,0.0,,,1.567489114658926,,,217.0,28.75349938739331,36.55927226431754,-7.805772876924234,,72.0,,,75.0,,0.0,0.0,1.0,0.0,0.0,0.0,,,,,,,,1.2655782455771956,0.0,3.2188758248682006,KO,KO,0,0.603263646261658,0.15537681366932687,0.24135954006901517
2026-09-05|Daniil Donchenko vs. Punahele Soriano,UFC Fight Night: Hooker vs. Parnasse,2026-09-05T00:00:00+00:00,Daniil Donchenko vs. Punahele Soriano,Daniil Donchenko,Punahele Soriano,Daniil Donchenko,DEC,1,Welterweight Bout,900,900.0,3.0,11.0,-8.0,1.0,0.6363636363636364,0.36363636363636365,0.6666666666666666,0.36363636363636365,0.303030303030303,0.6666666666666666,0.36363636363636365,0.303030303030303,0.0,0.0,0.0,0.0,0.09090909090909091,-0.09090909090909091,0.0,0.09090909090909091,-0.09090909090909091,2.3047375160051216,0.8446738620366026,1.460063653968519,0.0,0.14077897700610043,-0.14077897700610043,8.066581306017927,4.598779915532614,3.467801390485313,2.804097311139565,3.43500703894885,-0.6309097278092852,0.6231454005934718,0.56,0.06314540059347173,0.7032520325203252,0.4748923959827833,0.22835963653754188,12.099871959026888,32.0976067573909,-19.99773479836401,0.0,1.1262318160488034,-1.1262318160488034,0.5761843790012804,1.8301267010793054,-1.253942322078025,1.7285531370038412,3.801032379164711,-2.0724792421608695,0.3333333333333333,0.48148148148148145,-0.14814814814814814,0.75,0.4878048780487805,0.2621951219512195,0.0,0.14077897700610043,-0.14077897700610043,0.0,0.985452839042703,-0.985452839042703,132.5224071702945,275.50445800093854,-142.98205083064403,45.51856594110115,156.54622243078367,-111.02765648968253,,0.8400000000000001,,1.0,0.8,0.19999999999999996,0.6666666666666666,0.2,0.4666666666666666,5.2624839948783615,2.6882048156049985,2.574279179273363,2.3047375160051216,0.27430661383724475,2.030430902167877,0.5761843790012804,3.291679366046937,-2.7154949870456564,0.0,0.27430661383724475,-0.27430661383724475,70.0,196.0,25.087441905035696,33.785772466238186,-8.69833056120249,71.0,71.0,0.0,71.0,72.0,-1.0,0.0,1.0,0.0,0.0,0.0,0.0,2.629196105775904,25.727132729399735,0.0,0.2951188282689485,0.17285931936198626,1.3145980528879522,,0.8400000000000001,1.3862943611198906,2.4849066497880004,KO,DEC,1,0.45856636047969557,0.07121431063411231,0.4702193288861921
2026-09-05|Delphine Benouaich vs. Sofia Montenegro,UFC Fight Night: Hooker vs. Parnasse,2026-09-05T00:00:00+00:00,Delphine Benouaich vs. Sofia Montenegro,Delphine Benouaich,Sofia Montenegro,Delphine Benouaich,SUB,1,Women's Strawweight Bout,900,562.0,0.0,0.0,0.0,,,,,,,,,,,,,,,,,,,,,,,,,,,,,,,,,,,,,,,,,,,,,,,,,,,,,,,,,,,,,,,,,,,,,,,,,,,,,,,,,,,,,,,,,,31.46128941730494,27.217533556472755,4.243755860832184,,66.0,,,67.0,,0.0,0.0,0.0,0.0,1.0,0.0,,,,,,,,,0.0,0.0,DEC,SUB,0,0.30756036937972947,0.35240801901251767,0.34003161160775286
2026-09-05|Fares Ziam vs. Axel Sola,UFC Fight Night: Hooker vs. Parnasse,2026-09-05T00:00:00+00:00,Fares Ziam vs. Axel Sola,Fares Ziam,Axel Sola,Axel Sola,KO,0,Lightweight Bout,900,100.0,3.0,11.0,-8.0,0.6666666666666666,0.7272727272727273,-0.06060606060606066,0.6666666666666666,0.18181818181818182,0.4848484848484848,0.3333333333333333,0.18181818181818182,0.1515151515151515,0.3333333333333333,0.0,0.3333333333333333,0.0,0.0,0.0,0.0,0.09090909090909091,-0.09090909090909091,0.944386149003148,0.20668274199104375,0.7377034070121042,0.0,0.0,0.0,4.501573976915005,2.679986221150534,1.8215877557644715,4.53305351521511,1.584567688598002,2.9484858266171083,0.5035211267605634,0.5242587601078167,-0.020737633347253315,0.6149732620320856,0.6377952755905512,-0.02282201355846558,4.721930745015739,7.13055459869101,-2.4086238536752704,0.472193074501574,3.823630726834309,-3.3514376523327347,1.888772298006296,1.8601446779193938,0.028627620086902228,5.194123819517314,4.3403375818119185,0.8537862377053953,0.36363636363636365,0.42857142857142855,-0.0649350649350649,0.6666666666666667,0.7083333333333333,-0.04166666666666652,0.472193074501574,0.5167068549776094,-0.04451378047603538,0.0,0.3100241129865656,-0.3100241129865656,211.07030430220357,244.9190492593868,-33.84874495718324,60.44071353620147,303.41026524285223,-242.96955170665075,1.690529641639644,0.7284218689414501,0.9621077726981939,0.6666666666666666,0.8,-0.13333333333333341,0.6666666666666666,0.4,0.2666666666666666,-0.031479538300104935,1.4124570868072586,-1.4439366251073635,0.944386149003148,0.4413928396272683,0.5029933093758797,1.888772298006296,2.8690534575772437,-0.9802811595709477,0.472193074501574,1.1034820990681706,-0.6312890245665966,42.0,91.0,28.96705613393841,29.459879395196342,-0.4928232612579322,74.0,73.0,1.0,74.0,75.0,-1.0,1.0,0.0,0.0,0.0,0.0,0.0,0.944386149003148,22.77685023164154,0.6185843135823238,0.5508919202518364,0.31358539615457326,5.013249310786431,1.690529641639644,0.7284218689414501,1.3862943611198906,2.4849066497880004,DEC,KO,0,0.30797401889923187,0.22499573016243476,0.4670302509383334
2026-09-05|Kurtis Campbell vs. Trevor Peek,UFC Fight Night: Hooker vs. Parnasse,2026-09-05T00:00:00+00:00,Kurtis Campbell vs. Trevor Peek,Kurtis Campbell,Trevor Peek,Kurtis Campbell,SUB,1,Featherweight Bout,900,787.0,1.0,5.0,-4.0,0.0,0.4,-0.4,0.0,0.2,-0.2,0.0,0.2,-0.2,0.0,0.0,0.0,1.0,0.0,1.0,0.0,0.0,0.0,0.0,0.4616568350859194,-0.4616568350859194,5.438066465256798,0.0,5.438066465256798,3.081570996978852,4.0779687099256225,-0.9963977129467705,2.900302114803625,3.3393177737881508,-0.43901565898452555,0.4146341463414634,0.517578125,-0.1029439786585366,0.5,0.46287128712871284,0.03712871287128716,0.0,3.2315978456014363,-3.2315978456014363,2.719033232628399,3.6932546806873554,-0.9742214480589566,5.438066465256798,1.3849705052577586,4.053095959999039,13.595166163141995,2.769941010515517,10.825225152626478,0.4,0.5,-0.09999999999999998,0.0,0.5319148936170213,-0.5319148936170213,0.0,0.0,0.0,0.0,0.4616568350859194,-0.4616568350859194,315.4078549848943,146.34521672223647,169.06263826265783,176.7371601208459,305.8476532444216,-129.1104931235757,,0.5650992063492064,,0.0,0.4,-0.4,0.0,0.2,-0.2,0.18126888217522658,0.7386509361374712,-0.5573820539622447,0.0,0.4616568350859194,-0.4616568350859194,5.438066465256798,1.3849705052577586,4.053095959999039,0.0,0.0,0.0,168.0,728.0,24.10453328952682,31.655680814801126,-7.551147525274306,69.0,69.0,0.0,72.0,70.0,2.0,0.0,0.0,0.0,0.0,0.0,1.0,0.0,0.0,0.0,2.5454779199074373,0.4695479280844341,8.157099697885197,,0.5650992063492064,0.6931471805599453,1.791759469228055,DEC,SUB,1,0.1708318443252747,0.1948881272440257,0.6342800284306995
2026-09-05|Losene Keita vs. Muhammad Naimov,UFC Fight Night: Hooker vs. Parnasse,2026-09-05T00:00:00+00:00,Losene Keita vs. Muhammad Naimov,Losene Keita,Muhammad Naimov,Losene Keita,KO,1,Featherweight Bout,900,174.0,1.0,7.0,-6.0,0.0,0.7142857142857143,-0.7142857142857143,0.0,0.2857142857142857,-0.2857142857142857,0.0,0.2857142857142857,-0.2857142857142857,0.0,0.0,0.0,0.0,0.14285714285714285,-0.14285714285714285,0.0,0.14285714285714285,-0.14285714285714285,0.0,0.19915910599690198,-0.19915910599690198,0.0,0.19915910599690198,-0.19915910599690198,3.4666666666666663,2.3235229032971896,1.1431437633694768,4.466666666666666,2.8546138526222617,1.6120528140444041,0.4369747899159664,0.4050925925925926,0.03188219732337377,0.6235955056179776,0.4473007712082262,0.1762947344097514,0.0,4.779818543925647,-4.779818543925647,0.0,1.9915910599690196,-1.9915910599690196,0.0,1.7924319539721179,-1.7924319539721179,0.0,5.178136755919451,-5.178136755919451,,0.34615384615384615,,1.0,0.7352941176470589,0.2647058823529411,0.0,0.19915910599690198,-0.19915910599690198,0.0,0.19915910599690198,-0.19915910599690198,0.0,240.38504093826066,-240.38504093826066,0.0,191.5910599690197,-191.5910599690197,,0.8415480102227091,,0.0,0.6,-0.6,0.0,0.2,-0.2,-1.0,-0.5159235668789809,-0.4840764331210191,0.0,0.0,0.0,0.0,1.4331210191082804,-1.4331210191082804,0.0,0.28662420382165604,-0.28662420382165604,168.0,273.0,28.682313805211606,32.080056400884345,-3.3977425956727387,68.0,69.0,-1.0,72.0,70.0,2.0,0.0,0.0,0.0,0.0,0.0,1.0,0.0,0.0,0.0,0.0,0.0,,,0.8415480102227091,0.6931471805599453,2.0794415416798357,DEC,KO,1,0.4465383219819164,0.06719584436181808,0.4862658336562655
2026-09-05|Mario Pinto vs. Ryan Spann,UFC Fight Night: Hooker vs. Parnasse,2026-09-05T00:00:00+00:00,Mario Pinto vs. Ryan Spann,Mario Pinto,Ryan Spann,Mario Pinto,KO,1,Heavyweight Bout,900,355.0,3.0,16.0,-13.0,1.0,0.625,0.375,0.6666666666666666,0.5,0.16666666666666663,0.6666666666666666,0.25,0.41666666666666663,0.0,0.25,-0.25,0.0,0.1875,-0.1875,0.0,0.125,-0.125,0.5030743432084964,0.9113924050632912,-0.4083180618547948,0.5030743432084964,0.6075949367088608,-0.10452059350036436,2.5489100055897147,3.078481012658228,-0.5295710070685131,1.8110676355505868,3.848101265822785,-2.037033630272198,0.6666666666666666,0.3948051948051948,0.2718614718614718,0.578125,0.43620178041543023,0.14192321958456977,14.086081609837898,9.569620253164556,4.516461356673341,0.0,9.873417721518988,-9.873417721518988,2.5153717160424818,1.2151898734177216,1.3001818426247602,9.558412520961431,3.4936708860759493,6.064741634885482,0.2631578947368421,0.34782608695652173,-0.08466819221967964,1.0,0.5806451612903225,0.4193548387096775,1.0061486864169928,1.518987341772152,-0.5128386553551592,0.0,0.759493670886076,-0.759493670886076,423.0855226383454,211.74683544303798,211.33868719530744,31.190609278926775,143.39240506329116,-112.20179578436439,,1.6142857142857143,,1.0,0.6,0.4,0.6666666666666666,0.6,0.06666666666666665,0.737842370039128,-1.587837837837838,2.325680207876966,0.5030743432084964,0.5067567567567568,-0.003682413548260377,2.5153717160424818,1.0135135135135136,1.5018582025289682,1.0061486864169928,2.027027027027027,-1.0208783406100344,168.0,133.0,28.479708686694455,35.03425806142494,-6.554549374730488,77.0,77.0,0.0,79.0,79.0,0.0,0.0,0.0,0.0,1.0,0.0,1.0,0.8087397669301145,153.1638494031741,1.770312245721038,1.0548333002758796,0.5449928654482503,17.741330635175583,,1.6142857142857143,1.3862943611198906,2.833213344056216,KO,KO,1,0.6109202623976432,0.06717011950147286,0.3219096181008839
2026-09-05|Matthieu Duclos vs. Luis Felipe Dias,UFC Fight Night: Hooker vs. Parnasse,2026-09-05T00:00:00+00:00,Matthieu Duclos vs. Luis Felipe Dias,Matthieu Duclos,Luis Felipe Dias,Matthieu Duclos,KO,1,Middleweight Bout,900,275.0,0.0,1.0,-1.0,,1.0,,,1.0,,,1.0,,,0.0,,,0.0,,,0.0,,,4.090909090909091,,,0.0,,,5.7272727272727275,,,2.7272727272727275,,,0.525,,,0.6,,,12.272727272727272,,,0.0,,,0.0,,,0.0,,,,,,,,,0.0,,,0.0,,,12.272727272727272,,,0.0,,,,,,1.0,,,1.0,,,3.0,,,4.090909090909091,,,0.0,,,0.0,,,98.0,31.422958719207102,31.633777558745216,-0.21081883953811342,75.0,,,77.0,,,0.0,0.0,0.0,0.0,0.0,0.0,,,,,,,,,0.0,0.6931471805599453,KO,KO,0,0.5354959197777562,0.12103901595555984,0.34346506426668405
2026-09-05|Michael Aljarouj vs. Fabia Sintes,UFC Fight Night: Hooker vs. Parnasse,2026-09-05T00:00:00+00:00,Michael Aljarouj vs. Fabia Sintes,Michael Aljarouj,Fabia Sintes,Fabia Sintes,DEC,0,Flyweight Bout,900,900.0,0.0,0.0,0.0,,,,,,,,,,,,,,,,,,,,,,,,,,,,,,,,,,,,,,,,,,,,,,,,,,,,,,,,,,,,,,,,,,,,,,,,,,,,,,,,,,,,,,,,,,32.11017337796122,29.0409796231271,3.0691937548341173,,,,,,,0.0,0.0,0.0,0.0,0.0,1.0,,,,,,,,,0.0,0.0,DEC,DEC,0,0.3339555179801649,0.15241871793746203,0.5136257640823731
2026-09-05|Michael Page vs. Nursulton Ruziboev,UFC Fight Night: Hooker vs. Parnasse,2026-09-05T00:00:00+00:00,Michael Page vs. Nursulton Ruziboev,Michael Page,Nursulton Ruziboev,Michael Page,DEC,1,Middleweight Bout,900,900.0,5.0,6.0,-1.0,0.8,0.8333333333333334,-0.033333333333333326,0.0,0.6666666666666666,-0.6666666666666666,0.0,0.5,-0.5,0.0,0.16666666666666666,-0.16666666666666666,0.0,0.0,0.0,0.0,0.0,0.0,0.0,1.0204081632653061,-1.0204081632653061,0.0,0.3401360544217687,-0.3401360544217687,2.1466666666666665,2.380952380952381,-0.23428571428571443,1.5733333333333335,2.675736961451247,-1.1024036281179137,0.5649122807017544,0.4646017699115044,0.10031051079024994,0.6168831168831168,0.49356223175965663,0.12332088512346018,0.6,7.482993197278911,-6.882993197278911,3.6,24.489795918367346,-20.889795918367344,0.0,1.3605442176870748,-1.3605442176870748,1.0,1.7006802721088436,-0.7006802721088436,0.0,0.8,-0.8,0.6842105263157895,0.33333333333333337,0.3508771929824561,0.0,0.3401360544217687,-0.3401360544217687,0.6,0.6802721088435374,-0.08027210884353742,55.0,144.21768707482994,-89.21768707482994,282.4,218.02721088435374,64.37278911564624,1.1249999999999998,1.2227884615384612,-0.09778846153846144,0.8,0.8,0.0,0.0,0.6,-0.6,0.5733333333333333,-0.37368625924484233,0.9470195925781756,0.0,1.050992604126119,-1.050992604126119,0.0,1.050992604126119,-1.050992604126119,0.0,0.35033086804203967,-0.35033086804203967,168.0,70.0,39.41490927260656,32.794650129708344,6.620259142898213,75.0,77.0,-2.0,79.0,76.0,3.0,0.0,0.0,0.0,0.0,0.0,0.0,0.0,15.293877551020406,0.0,0.0,0.07591542789955488,1.3401360544217686,1.1249999999999998,1.2227884615384612,1.791759469228055,1.9459101490553132,DEC,DEC,1,0.3648768630144882,0.10314178056412347,0.5319813564213883
2026-09-05|Morgan Charriere vs. Felipe Lima,UFC Fight Night: Hooker vs. Parnasse,2026-09-05T00:00:00+00:00,Morgan Charriere vs. Felipe Lima,Morgan Charriere,Felipe Lima,Felipe Lima,DEC,0,Featherweight Bout,900,900.0,3.0,6.0,-3.0,0.6666666666666666,0.5,0.16666666666666663,0.3333333333333333,0.5,-0.16666666666666669,0.0,0.5,-0.5,0.3333333333333333,0.0,0.3333333333333333,0.0,0.16666666666666666,-0.16666666666666666,0.0,0.0,0.0,0.0,0.8826413860738803,-0.8826413860738803,0.0,0.5884275907159202,-0.5884275907159202,2.860606060606061,4.020921869892121,-1.1603158092860606,2.909090909090909,4.511278195488721,-1.602187286397812,0.45038167938931295,0.5,-0.04961832061068705,0.6470588235294117,0.5390781563126252,0.10798066721678645,0.7272727272727273,2.9421379535796013,-2.214865226306874,8.0,4.707420725727362,3.2925792742726383,2.1818181818181817,2.059496567505721,0.1223216143124608,8.0,4.413206930369402,3.5867930696305983,0.2727272727272727,0.4666666666666667,-0.19393939393939397,0.8571428571428572,0.8333333333333334,0.023809523809523836,0.7272727272727273,0.2942137953579601,0.4330589319147672,0.0,0.2942137953579601,-0.2942137953579601,161.45454545454544,183.5894083033671,-22.134862848821655,196.36363636363635,108.56489048708728,87.79874587654906,0.6060606060606061,0.8931419457735248,-0.2870813397129187,0.6666666666666666,0.4,0.2666666666666666,0.3333333333333333,0.4,-0.06666666666666671,-0.048484848484848485,-0.891089108910891,0.8426042604260425,0.0,0.6364922206506365,-0.6364922206506365,2.1818181818181817,2.227722772277228,-0.04590459045904627,0.7272727272727273,0.31824611032531824,0.40902661694740905,434.0,266.0,28.331861708317078,30.861687782774457,-2.529826074457379,66.0,68.0,-2.0,68.0,69.0,-1.0,0.0,0.0,0.0,0.0,0.0,1.0,0.0,4.150851436892626,0.9412463966239709,0.36363636363636354,0.20103380982099517,7.529971172991767,0.6060606060606061,0.8931419457735248,1.3862943611198906,1.9459101490553132,DEC,DEC,1,0.22084079464773376,0.21266093138296974,0.5664982739692965
2026-09-05|Nathaniel Wood vs. Pavel Andrusca,UFC Fight Night: Hooker vs. Parnasse,2026-09-05T00:00:00+00:00,Nathaniel Wood vs. Pavel Andrusca,Nathaniel Wood,Pavel Andrusca,Pavel Andrusca,DEC,0,Featherweight Bout,900,900.0,0.0,14.0,-14.0,,0.7857142857142857,,,0.21428571428571427,,,0.0,,,0.21428571428571427,,,0.07142857142857142,,,0.0,,,0.3957087583538516,,,0.23742525501231096,,,5.6401688357368975,,,4.252550123109391,,,0.5112386417981827,,,0.5448898927159797,,,6.489623637003166,,,4.431938093563137,,,1.3454097784030952,,,2.769961308476961,,,0.4857142857142857,,,0.7333333333333334,,,0.4748505100246219,,,0.07914175167077031,,,133.98698557861414,,,127.25993668659865,,,1.2123744369818412,,,0.8,,,0.0,,,0.6133333333333334,,,0.6,,,0.8,,,0.4,,,168.0,24.32904166409988,33.3285419960711,-8.999500331971223,,66.0,,,69.0,,0.0,0.0,0.0,0.0,0.0,1.0,,,,,,,,1.2123744369818412,0.0,2.70805020110221,DEC,DEC,0,0.44577444826608476,0.1917348429724437,0.3624907087614716
2026-09-05|Nora Cornolle vs. Klaudia Sygula,UFC Fight Night: Hooker vs. Parnasse,2026-09-05T00:00:00+00:00,Nora Cornolle vs. Klaudia Sygula,Nora Cornolle,Klaudia Sygula,Nora Cornolle,DEC,1,Women's Bantamweight Bout,900,900.0,6.0,3.0,3.0,0.5,0.6666666666666666,-0.16666666666666663,0.3333333333333333,0.0,0.3333333333333333,0.16666666666666666,0.0,0.16666666666666666,0.16666666666666666,0.0,0.16666666666666666,0.0,0.3333333333333333,-0.3333333333333333,0.16666666666666666,0.0,0.16666666666666666,0.22156573116691286,0.0,0.22156573116691286,0.0,0.0,0.0,2.7326440177252582,7.2660550458715605,-4.533411028146302,2.0384047267355982,5.5045871559633035,-3.4661824292277053,0.5505952380952381,0.48175182481751827,0.06884341327771987,0.5619047619047619,0.562363238512035,-0.0004584766072730506,0.4431314623338257,1.2385321100917432,-0.7954006477579175,5.982274741506647,11.972477064220184,-5.990202322713538,0.22156573116691286,0.41284403669724773,-0.19127830553033487,1.9940915805022157,3.302752293577982,-1.3086607130757661,0.1111111111111111,0.125,-0.013888888888888895,0.47619047619047616,0.4,0.07619047619047614,0.22156573116691286,0.0,0.22156573116691286,0.8862629246676514,0.0,0.8862629246676514,113.6632200886263,82.1559633027523,31.507256785874006,472.5997045790251,117.66055045871559,354.9391541203095,0.9361702127659574,0.8414634146341464,0.09470679813181093,0.4,0.6666666666666666,-0.2666666666666666,0.4,0.0,0.4,0.47438330170777987,1.761467889908257,-1.287084588200477,0.2846299810246679,0.0,0.2846299810246679,0.2846299810246679,0.41284403669724773,-0.12821405567257982,0.2846299810246679,0.0,0.2846299810246679,196.0,210.0,36.74818784779975,27.6829777476608,9.065210100138948,67.0,68.0,-1.0,67.0,69.0,-2.0,0.0,0.0,0.0,0.0,1.0,1.0,0.22156573116691286,5.748512731559905,0.22156573116691286,0.1329394387001477,0.1428031791633353,1.7725258493353027,0.9361702127659574,0.8414634146341464,1.9459101490553132,1.3862943611198906,DEC,DEC,0,0.1763972439399936,0.18576395169738733,0.6378388043626191
2026-09-05|Oumar Sy vs. Modestas Bukauskas,UFC Fight Night: Hooker vs. Parnasse,2026-09-05T00:00:00+00:00,Oumar Sy vs. Modestas Bukauskas,Oumar Sy,Modestas Bukauskas,Modestas Bukauskas,KO,0,Light Heavyweight Bout,900,537.0,13.0,5.0,8.0,0.6153846153846154,0.6,0.015384615384615441,0.3076923076923077,0.4,-0.09230769230769231,0.23076923076923078,0.2,0.03076923076923077,0.07692307692307693,0.2,-0.12307692307692308,0.3076923076923077,0.0,0.3076923076923077,0.0,0.2,-0.2,0.11457670273711013,0.0,0.11457670273711013,0.5728835136855506,0.0,0.5728835136855506,3.1394016549968176,3.409887115609186,-0.27048546061236856,3.8574156588160404,1.8684312962242118,1.9889843625918286,0.43036649214659684,0.48344370860927155,-0.053077216462674714,0.5053868756121449,0.6680497925311204,-0.1626629169189755,2.1769573520050924,4.554301284546516,-2.3773439325414234,1.031190324633991,1.050992604126119,-0.019802279492127983,0.22915340547422025,2.4523160762942777,-2.2231626708200576,0.3437301082113304,7.006617360840794,-6.662887252629464,0.6666666666666666,0.35,0.31666666666666665,0.8214285714285714,0.6666666666666667,0.15476190476190466,0.11457670273711013,0.35033086804203967,-0.23575416530492954,0.0,0.35033086804203967,-0.35033086804203967,98.65054105665182,305.1381860646166,-206.48764500796477,134.7422024188415,55.702608018684316,79.03959440015717,1.0578236164828343,1.3839617486338798,-0.3261381321510455,0.8,0.6,0.20000000000000007,0.4,0.4,0.0,-0.44103547459252157,1.5414558193849748,-1.9824912939774963,0.28763183125599234,0.0,0.28763183125599234,0.0,2.4523160762942777,-2.4523160762942777,0.0,0.35033086804203967,-0.35033086804203967,112.0,175.0,32.5674038481283,30.790502200592755,1.7769016475355457,75.0,76.0,-1.0,76.0,83.0,-7.0,0.0,0.0,0.0,0.0,0.0,0.0,0.11457670273711013,4.464923428460424,0.15471645846439666,0.07638446849140673,0.11639577700036598,0.15471645846439666,1.0578236164828343,1.3839617486338798,2.639057329615259,1.791759469228055,KO,KO,0,0.4396300671014483,0.1130647125730276,0.4473052203255241
2026-09-19|Alonzo Menifield vs. Iwo Baraniewski,UFC 331: Van vs. Pantoja 2,2026-09-19T00:00:00+00:00,Alonzo Menifield vs. Iwo Baraniewski,Alonzo Menifield,Iwo Baraniewski,Alonzo Menifield,DEC,1,Light Heavyweight Bout,900,900.0,17.0,3.0,14.0,0.6470588235294118,1.0,-0.3529411764705882,0.4117647058823529,1.0,-0.5882352941176471,0.29411764705882354,1.0,-0.7058823529411764,0.11764705882352941,0.0,0.11764705882352941,0.23529411764705882,0.0,0.23529411764705882,0.0,0.0,0.0,0.5563798219584569,17.821782178217823,-17.265402356259365,0.5563798219584569,4.455445544554456,-3.899065722595999,3.8353115727002964,11.287128712871286,-7.45181714017099,4.102373887240356,8.91089108910891,-4.808517201868554,0.5227502527805864,0.5671641791044776,-0.044413926323891184,0.5119152691968226,0.5384615384615384,-0.026546269264715816,5.3412462908011875,89.10891089108911,-83.76766460028793,1.3353115727002969,0.0,1.3353115727002969,0.5563798219584569,0.0,0.5563798219584569,1.5578635014836795,8.910891089108912,-7.353027587625232,0.35714285714285715,0.0,0.35714285714285715,0.8837209302325582,1.0,-0.11627906976744184,0.22255192878338279,0.0,0.22255192878338279,0.0,0.0,0.0,206.973293768546,142.5742574257426,64.39903634280341,130.19287833827894,26.73267326732673,103.46020507095221,1.229979797979798,,,0.6,1.0,-0.4,0.2,1.0,-0.8,-0.75,2.376237623762376,-3.126237623762376,0.6818181818181818,17.821782178217823,-17.13996399639964,0.0,0.0,0.0,0.0,0.0,0.0,112.0,105.0,38.922086011348625,27.83082472603818,11.091261285310445,72.0,72.0,0.0,76.0,73.0,3.0,0.0,0.0,0.0,0.0,0.0,1.0,3.035299820783265,5.3412462908011875,0.22255192878338279,0.0,0.23680112818403504,1.0014836795252224,1.229979797979798,,2.8903717578961645,1.3862943611198906,KO,DEC,0,0.4615837833708943,0.09237737423389086,0.44603884239521485
2026-09-19|Arman Tsarukyan vs. Mauricio Ruffy,UFC 331: Van vs. Pantoja 2,2026-09-19T00:00:00+00:00,Arman Tsarukyan vs. Mauricio Ruffy,Arman Tsarukyan,Mauricio Ruffy,Arman Tsarukyan,KO,1,Lightweight Bout,1500,296.0,12.0,6.0,6.0,0.8333333333333334,0.8333333333333334,0.0,0.4166666666666667,0.6666666666666666,-0.24999999999999994,0.3333333333333333,0.6666666666666666,-0.3333333333333333,0.08333333333333333,0.0,0.08333333333333333,0.0,0.0,0.0,0.0,0.16666666666666666,-0.16666666666666666,0.30581039755351686,2.0579268292682924,-1.7521164317147755,0.0,0.0,0.0,3.853211009174312,4.001524390243903,-0.1483133810695909,1.8008834522595991,3.75,-1.9491165477404009,0.500441306266549,0.5700325732899023,-0.06959126702335328,0.5485519591141397,0.5950617283950617,-0.046509769280921986,17.940876656472987,7.888719512195123,10.052157144277864,2.2426095820591234,1.7149390243902438,0.5276705576688796,3.261977573904179,0.0,3.261977573904179,8.664627930682977,0.3429878048780488,8.321640125804928,0.3764705882352941,0.0,0.3764705882352941,0.75,0.85,-0.09999999999999998,0.1019367991845056,0.0,0.1019367991845056,0.6116207951070337,0.3429878048780488,0.2686329902289849,381.14169215086645,39.443597560975604,341.69809458989084,98.1651376146789,122.78963414634147,-24.624496531662572,1.3131844570110216,,,1.0,0.8,0.19999999999999996,0.6,0.6,0.0,2.3185673892554197,0.0,2.3185673892554197,0.2827521206409048,1.9214346712211785,-1.6386825505802736,4.241281809613572,0.0,4.241281809613572,0.2827521206409048,0.0,0.2827521206409048,301.0,97.0,29.93901312141933,30.256610334229997,-0.3175972128106679,67.0,71.0,-4.0,72.0,75.0,-3.0,0.0,0.0,1.0,0.0,0.0,1.0,0.30581039755351686,48.70838616643047,0.13689987817309365,0.48929663608562696,0.48126885416407683,5.402650356778798,1.3131844570110216,,2.5649493574615367,1.9459101490553132,SUB,KO,1,0.38107474056046003,0.20632567783670835,0.4125995816028316
2026-09-19|Casey O'Neill vs. Eduarda Moura,UFC 331: Van vs. Pantoja 2,2026-09-19T00:00:00+00:00,Casey O'Neill vs. Eduarda Moura,Casey O'Neill,Eduarda Moura,Casey O'Neill,SUB,1,Women's Flyweight Bout,900,202.0,8.0,5.0,3.0,0.75,0.6,0.15000000000000002,0.5,0.2,0.3,0.375,0.2,0.175,0.125,0.0,0.125,0.0,0.0,0.0,0.125,0.0,0.125,0.17472335468841002,0.0,0.17472335468841002,0.0,0.22310361923648983,-0.22310361923648983,7.885847408270239,2.63262270699058,5.25322470127966,5.532906231799651,2.647496281606346,2.885409950193305,0.5219737856592136,0.3773987206823028,0.1445750649769108,0.5758928571428572,0.5850815850815851,-0.009188727938727936,16.77344205008736,12.716906296479921,4.05653575360744,5.06697728596389,3.3465542885473476,1.7204229974165428,1.3977868375072802,3.5696579077838373,-2.1718710702765573,4.01863715783343,10.708973723351512,-6.690336565518082,0.34782608695652173,0.3333333333333333,0.014492753623188415,0.7,0.8,-0.10000000000000009,0.6988934187536401,0.22310361923648983,0.4757897995171503,0.17472335468841002,0.8924144769459593,-0.7176911222575493,225.3931275480489,373.475458601884,-148.08233105383508,105.35818287711125,88.34903321764997,17.009149659461272,1.3095381894264577,0.8047945205479452,0.5047436688785125,0.6,0.6,0.0,0.2,0.2,0.0,2.3309880697460996,-0.014873574615765987,2.3458616443618654,0.27531355154481496,0.0,0.27531355154481496,0.0,3.5696579077838373,-3.5696579077838373,0.27531355154481496,0.22310361923648983,0.05220993230832513,175.0,224.0,28.95062869189648,32.55645222010035,-3.6058235282038673,66.0,66.0,0.0,69.0,67.0,2.0,0.0,0.0,0.0,0.0,1.0,1.0,0.21370476748453524,72.90667647650763,1.322596023491643,0.279557367501456,0.2750210860568106,3.205571512268028,1.3095381894264577,0.8047945205479452,2.1972245773362196,1.791759469228055,DEC,SUB,1,0.24929535346028658,0.0912070468685713,0.6594975996711421
2026-09-19|Edmen Shahbazyan vs. Brunno Ferreira,UFC 331: Van vs. Pantoja 2,2026-09-19T00:00:00+00:00,Edmen Shahbazyan vs. Brunno Ferreira,Edmen Shahbazyan,Brunno Ferreira,Edmen Shahbazyan,DEC,1,Middleweight Bout,900,900.0,15.0,10.0,5.0,0.6,0.6,0.0,0.4666666666666667,0.5,-0.033333333333333326,0.4,0.3,0.10000000000000003,0.06666666666666667,0.2,-0.13333333333333336,0.2,0.2,0.0,0.06666666666666667,0.1,-0.03333333333333334,0.8360982083609821,0.6137758581495795,0.22232235021140268,0.0,0.2045919527165265,-0.2045919527165265,3.925680159256802,3.1234371448056377,0.8022430144511641,3.854014598540146,3.696294612411912,0.15771998612823435,0.48619329388560156,0.4831223628691983,0.0030709310164032666,0.5025693730729701,0.5195035460992907,-0.01693417302632061,9.31652289316523,1.8413275744487383,7.475195318716492,15.885865958858659,3.273471243464424,12.612394715394235,1.4333112143331121,1.0229597635826324,0.41035145075047974,3.941605839416059,4.501022959763583,-0.5594171203475242,0.36363636363636365,0.22727272727272727,0.13636363636363638,0.6666666666666667,0.4782608695652174,0.18840579710144933,0.35832780358327804,0.6137758581495795,-0.25544805456630143,1.0749834107498342,0.818367810866106,0.2566155998837282,151.4532183145322,55.649011138895204,95.80420717563699,180.11944260119444,189.65674016822007,-9.537297567025632,0.6211194894468917,0.7988368044889516,-0.1777173150420599,0.6,0.6,0.0,0.4,0.4,0.0,1.3770491803278688,-1.2272220156191893,2.6042711959470584,0.9836065573770492,0.0,0.9836065573770492,0.0,1.3387876534027519,-1.3387876534027519,0.0,0.6693938267013759,-0.6693938267013759,105.0,84.0,28.830160783588983,33.873385490461814,-5.043224706872831,74.0,70.0,4.0,75.0,72.0,3.0,0.0,0.0,0.0,0.0,0.0,1.0,1.0071571734723448,39.813892673019595,0.6515717437741854,0.7478145466085803,0.2037432347612332,4.04782531108521,0.6211194894468917,0.7988368044889516,2.772588722239781,2.3978952727983707,DEC,DEC,1,0.34759580095764075,0.17550524582208535,0.47689895322027387
2026-09-19|Gable Steveson vs. Sean Sharaf,UFC 331: Van vs. Pantoja 2,2026-09-19T00:00:00+00:00,Gable Steveson vs. Sean Sharaf,Gable Steveson,Sean Sharaf,Sean Sharaf,KO,0,Heavyweight Bout,900,12.0,2.0,1.0,1.0,0.0,1.0,-1.0,0.0,1.0,-1.0,0.0,1.0,-1.0,0.0,0.0,0.0,1.0,0.0,1.0,0.0,0.0,0.0,0.0,5.960264900662252,-5.960264900662252,0.0,0.0,0.0,7.406639004149378,16.29139072847682,-8.884751724327442,15.0,5.1655629139072845,9.834437086092716,0.43911439114391143,0.7192982456140351,-0.28018385447012367,0.42619047619047623,0.6060606060606061,-0.17987012987012985,7.468879668049793,5.960264900662252,1.5086147673875407,0.0,0.0,0.0,0.9336099585062241,0.0,0.9336099585062241,8.402489626556017,5.960264900662252,2.442224725893765,0.1111111111111111,0.0,0.1111111111111111,,,,0.0,0.0,0.0,0.0,0.0,0.0,42.946058091286304,59.60264900662252,-16.656590915336217,4.66804979253112,0.0,4.66804979253112,,,,0.0,1.0,-1.0,0.0,1.0,-1.0,-7.593360995850622,11.125827814569536,-18.719188810420157,0.0,5.960264900662252,-5.960264900662252,0.9336099585062241,0.0,0.9336099585062241,0.0,0.0,0.0,280.0,70.0,33.191646645721676,26.303072616138593,6.888574029583083,75.0,,,77.0,,,0.0,0.0,0.0,1.0,0.0,0.0,0.0,7.468879668049793,0.0,,0.04771784232365145,7.468879668049793,,,1.0986122886681096,0.6931471805599453,KO,KO,0,0.6221263034416992,0.22876724611451263,0.14910645044378823
2026-09-19|Giga Chikadze vs. Joanderson Brito,UFC 331: Van vs. Pantoja 2,2026-09-19T00:00:00+00:00,Giga Chikadze vs. Joanderson Brito,Giga Chikadze,Joanderson Brito,Joanderson Brito,KO,0,Featherweight Bout,900,117.0,10.0,12.0,-2.0,0.7,0.6666666666666666,0.033333333333333326,0.6,0.25,0.35,0.3,0.25,0.04999999999999999,0.3,0.0,0.3,0.0,0.08333333333333333,-0.08333333333333333,0.0,0.0,0.0,0.17159199237368922,0.5877870904539023,-0.4161950980802131,0.0,0.19592903015130075,-0.19592903015130075,2.1506196377502382,3.8467399586372046,-1.6961203208869664,2.3222116301239275,3.467943833678023,-1.1457322035540956,0.4895833333333333,0.42191977077363896,0.06766356255969436,0.43137254901960786,0.6107038123167156,-0.1793312632971077,6.177311725452812,4.506367693479917,1.670944031972895,6.177311725452812,2.8409709371938607,3.3363407882589513,3.088655862726406,0.19592903015130075,2.8927268325751054,4.6329837940896095,0.4898225753782519,4.143161218711358,0.6666666666666666,0.4,0.2666666666666666,0.5769230769230769,0.6875,-0.11057692307692313,1.3727359389895137,0.19592903015130075,1.176806908838213,0.6863679694947569,0.09796451507565038,0.5884034544191065,325.5100095328885,18.61325786437357,306.8967516685149,361.20114394661584,107.95689561336671,253.24424833324912,1.1884920634920635,1.256702125760794,-0.0682100622687305,0.6,0.2,0.39999999999999997,0.4,0.0,0.4,-0.32815198618307423,-0.6537371976465461,0.3255852114634719,0.0,0.0,0.0,3.1088082901554404,0.0,3.1088082901554404,1.5544041450777202,0.0,1.5544041450777202,105.0,280.0,31.603660581668343,38.06785902516821,-6.464198443499868,68.0,72.0,-4.0,72.0,74.0,-2.0,0.0,0.0,0.0,0.0,0.0,1.0,0.20521184502119555,23.72687480745111,1.5072153495795388,0.9652049571020018,0.40506180086400945,1.8469066051907603,1.1884920634920635,1.256702125760794,2.3978952727983707,2.5649493574615367,DEC,KO,1,0.31182115029320434,0.2135377535824183,0.4746410961243773
2026-09-19|Joshua Van vs. Alexandre Pantoja,UFC 331: Van vs. Pantoja 2,2026-09-19T00:00:00+00:00,Joshua Van vs. Alexandre Pantoja,Joshua Van,Alexandre Pantoja,Joshua Van,DEC,1,UFC Flyweight Title Bout,1500,1500.0,11.0,18.0,-7.0,0.9090909090909091,0.7777777777777778,0.13131313131313127,0.36363636363636365,0.4444444444444444,-0.08080808080808077,0.36363636363636365,0.1111111111111111,0.25252525252525254,0.0,0.3333333333333333,-0.3333333333333333,0.09090909090909091,0.05555555555555555,0.03535353535353536,0.0,0.0,0.0,0.7200000000000001,0.2793512842399317,0.44064871576006837,0.10285714285714286,0.06983782105998293,0.033019321797159926,8.434285714285714,4.381159307829596,4.053126406456118,5.821714285714285,3.8783269961977185,1.9433872895165667,0.5736940298507462,0.5032085561497326,0.07048547370101366,0.5825958702064897,0.49849488260084285,0.08410098760564688,6.788571428571428,5.796539147978582,0.9920322805928459,1.0285714285714287,3.980755800419027,-2.952184371847598,0.8228571428571428,2.793512842399317,-1.9706556995421742,1.3371428571428572,5.866376969038566,-4.5292341118957085,0.6153846153846154,0.47619047619047616,0.13919413919413925,0.7567567567567568,0.6923076923076923,0.06444906444906451,0.2057142857142857,0.9777294948397609,-0.7720152091254752,0.10285714285714286,0.0,0.10285714285714286,65.82857142857144,290.385659967409,-224.5570885388376,138.23999999999998,99.3792193683557,38.860780631644275,2.109399265847805,0.8112453965454638,1.2981538693023411,1.0,0.8,0.19999999999999996,0.6,0.4,0.19999999999999996,2.0762818893660016,0.3024483917426788,1.7738334976233228,1.3639808032331397,0.0,1.3639808032331397,0.22733013387218998,4.968795007201152,-4.741464873328962,0.45466026774437995,0.8641382621219394,-0.4094779943775595,133.0,287.0,24.942332833665304,36.42785272798209,-11.485519894316788,65.0,65.0,0.0,65.0,67.0,-2.0,0.0,0.0,1.0,0.0,0.0,1.0,0.7702832311631878,33.812216519416026,0.2057142857142857,0.2531868131868132,0.08121939052644415,1.0171180259175912,2.109399265847805,0.8112453965454638,2.4849066497880004,2.9444389791664403,DEC,DEC,1,0.4690859046935999,0.07881233794846097,0.4521017573579391
2026-09-19|Marlon Vera vs. Charles Jourdain,UFC 331: Van vs. Pantoja 2,2026-09-19T00:00:00+00:00,Marlon Vera vs. Charles Jourdain,Marlon Vera,Charles Jourdain,Marlon Vera,KO,1,Bantamweight Bout,900,722.0,26.0,16.0,10.0,0.5769230769230769,0.5625,0.014423076923076872,0.4230769230769231,0.375,0.04807692307692307,0.2692307692307692,0.125,0.14423076923076922,0.15384615384615385,0.25,-0.09615384615384615,0.0,0.0625,-0.0625,0.0,0.0625,-0.0625,0.5513406531266198,0.5804846586197364,-0.029144005493116576,0.04241081947127845,0.2487791394084585,-0.20636831993718005,4.184534187832806,5.556067446788907,-1.3715332589561005,5.343763253381084,4.196074818022667,1.1476884353584174,0.4758842443729904,0.4972785749628897,-0.021394330589899313,0.5010559662090813,0.5637931034482759,-0.06273713723919461,6.4040337401630465,5.721920206394545,0.6821135337685016,7.167428490646058,2.487791394084585,4.679637096561473,0.466519014184063,0.41463189901409747,0.051887115169965525,1.1875029451957966,1.9073067354648485,-0.719803790269052,0.39285714285714285,0.21739130434782608,0.17546583850931677,0.7173913043478262,0.4067796610169492,0.310611643330877,0.7633947504830121,0.41463189901409747,0.3487628514689146,0.0,0.41463189901409747,-0.41463189901409747,77.99349700768107,98.93117110476365,-20.937674097082578,166.5048772442392,173.81369206670965,-7.3088148224704526,1.9704020798709747,1.8054127268861313,0.1649893529848434,0.2,0.6,-0.39999999999999997,0.0,0.4,-0.4,-1.8823529411764706,0.45674740484429066,-2.339100346020761,0.1764705882352941,0.31141868512110726,-0.13494809688581316,0.0,1.245674740484429,-1.245674740484429,0.0,0.9342560553633219,-0.9342560553633219,203.0,154.0,33.79672409426614,30.812405456648666,2.9843186376174735,68.0,69.0,-1.0,70.0,69.0,1.0,0.0,0.0,0.0,0.0,0.0,1.0,0.6885027063323577,22.33593376636799,1.0799225655731763,0.27674856773630857,0.1033956604679159,1.0199268674857778,1.9704020798709747,1.8054127268861313,3.295836866004329,2.833213344056216,DEC,KO,0,0.21253329490173692,0.1444259111038776,0.6430407939943855
2026-09-19|Michael Aswell Jr. vs. JooSang Yoo,UFC 331: Van vs. Pantoja 2,2026-09-19T00:00:00+00:00,Michael Aswell Jr. vs. JooSang Yoo,Michael Aswell Jr.,JooSang Yoo,Michael Aswell Jr.,DEC,1,Featherweight Bout,900,900.0,4.0,2.0,2.0,0.25,0.5,-0.25,0.25,0.5,-0.25,0.25,0.5,-0.25,0.0,0.0,0.0,0.0,0.5,-0.5,0.0,0.0,0.0,0.6423982869379015,2.5787965616045843,-1.9363982746666828,0.0,2.5787965616045843,-2.5787965616045843,6.723768736616702,6.361031518624642,0.36273721799206005,7.109207708779444,4.98567335243553,2.1235343563439137,0.3949685534591195,0.5873015873015873,-0.1923330338424678,0.521613832853026,0.5606060606060606,-0.03899222775303457,3.5331905781584583,2.5787965616045843,0.954394016553874,0.0,23.20916905444126,-23.20916905444126,0.32119914346895073,0.0,0.32119914346895073,1.284796573875803,0.0,1.284796573875803,0.25,,,0.5,0.5,0.0,0.0,0.0,0.0,0.0,0.0,0.0,80.29978586723769,0.0,80.29978586723769,7.0663811563169165,214.04011461318052,-206.9737334568636,0.8373002754820936,,,0.25,0.5,-0.25,0.25,0.5,-0.25,-0.3854389721627409,1.3753581661891117,-1.7607971383518526,0.6423982869379015,2.5787965616045843,-1.9363982746666828,0.32119914346895073,0.0,0.32119914346895073,0.0,0.0,0.0,91.0,350.0,,32.660492686365906,,,67.0,,,71.0,,0.0,0.0,0.0,0.0,0.0,0.0,2.299012780474037,85.53560800819717,0.0,0.16059957173447537,0.11044096623574237,0.9635974304068522,0.8373002754820936,,1.6094379124341003,1.0986122886681096,KO,DEC,1,0.594740222357037,0.11762475419536757,0.2876350234475954
2026-09-19|Patricio Pitbull vs. Dooho Choi,UFC 331: Van vs. Pantoja 2,2026-09-19T00:00:00+00:00,Patricio Pitbull vs. Dooho Choi,Patricio Pitbull,Dooho Choi,Patricio Pitbull,KO,1,Featherweight Bout,900,208.0,1.0,9.0,-8.0,0.0,0.6666666666666666,-0.6666666666666666,0.0,0.6666666666666666,-0.6666666666666666,0.0,0.6666666666666666,-0.6666666666666666,0.0,0.0,0.0,0.0,0.2222222222222222,-0.2222222222222222,0.0,0.0,0.0,0.0,1.1005135730007336,-1.1005135730007336,0.0,0.6603081438004402,-0.6603081438004402,3.2666666666666666,5.37050623624358,-2.1038395695769134,6.666666666666666,5.1063829787234045,1.5602836879432616,0.5568181818181818,0.5462686567164179,0.01054952510176388,0.4475138121546961,0.5639097744360902,-0.11639596228139415,0.0,7.043286867204696,-7.043286867204696,4.0,4.402054292002934,-0.4020542920029344,0.0,1.540719002201027,-1.540719002201027,0.0,2.8613352898019078,-2.8613352898019078,,0.5384615384615384,,0.5384615384615384,0.6470588235294117,-0.10859728506787325,0.0,0.6603081438004402,-0.6603081438004402,0.0,0.0,0.0,0.0,152.09097578870137,-152.09097578870137,205.0,128.980190755686,76.01980924431399,,0.6822843674353422,,0.0,0.6,-0.6,0.0,0.6,-0.6,-3.4,0.6172839506172839,-4.0172839506172835,0.0,0.6172839506172839,-0.6172839506172839,0.0,1.851851851851852,-1.851851851851852,0.0,0.925925925925926,-0.925925925925926,161.0,126.0,,35.444944112473216,,,70.0,,,70.0,,0.0,0.0,0.0,0.0,0.0,0.0,0.0,0.0,0.0,0.0,0.0,,,0.6822843674353422,0.6931471805599453,2.302585092994046,DEC,KO,0,0.6174369957785683,0.11983117099942112,0.26273183322201066
2026-09-19|Ryan Gandra vs. Ozzy Diaz,UFC 331: Van vs. Pantoja 2,2026-09-19T00:00:00+00:00,Ryan Gandra vs. Ozzy Diaz,Ryan Gandra,Ozzy Diaz,Ryan Gandra,KO,1,Middleweight Bout,900,124.0,2.0,3.0,-1.0,1.0,0.3333333333333333,0.6666666666666667,1.0,0.0,1.0,1.0,0.0,1.0,0.0,0.0,0.0,0.0,0.6666666666666666,-0.6666666666666666,0.0,0.0,0.0,15.517241379310345,0.0,15.517241379310345,0.0,1.2720848056537102,-1.2720848056537102,12.413793103448276,6.360424028268551,6.053369075179725,2.586206896551724,7.250883392226148,-4.664676495674424,0.4897959183673469,0.5119453924914675,-0.022149474124120605,0.6153846153846154,0.6290672451193058,-0.013682629734690366,46.55172413793103,0.0,46.55172413793103,0.0,3.1802120141342756,-3.1802120141342756,0.0,0.0,0.0,0.0,1.9081272084805652,-1.9081272084805652,,0.0,,,0.6666666666666667,,0.0,0.0,0.0,0.0,0.0,0.0,38.793103448275865,40.07067137809187,-1.2775679298160085,0.0,19.71731448763251,-19.71731448763251,,,,1.0,0.3333333333333333,0.6666666666666667,1.0,0.0,1.0,9.827586206896552,-0.8904593639575972,10.718045570854148,15.517241379310345,0.0,15.517241379310345,0.0,0.0,0.0,0.0,0.0,0.0,70.0,133.0,31.36820057906733,35.825513186444624,-4.457312607377293,73.0,76.0,-3.0,74.0,79.0,-5.0,0.0,0.0,0.0,0.0,0.0,1.0,35.25648836359206,194.59607652004382,0.0,0.0,0.044047764103813815,,,,1.0986122886681096,1.3862943611198906,KO,KO,1,0.5545877277347511,0.031797088566691785,0.4136151836985572
2026-09-19|Tai Tuivasa vs. Robelis Despaigne,UFC 331: Van vs. Pantoja 2,2026-09-19T00:00:00+00:00,Tai Tuivasa vs. Robelis Despaigne,Tai Tuivasa,Robelis Despaigne,Robelis Despaigne,DEC,0,Heavyweight Bout,900,900.0,3.0,18.0,-15.0,0.3333333333333333,0.4444444444444444,-0.1111111111111111,0.3333333333333333,0.3888888888888889,-0.05555555555555558,0.3333333333333333,0.3888888888888889,-0.05555555555555558,0.0,0.0,0.0,0.0,0.16666666666666666,-0.16666666666666666,0.0,0.16666666666666666,-0.16666666666666666,0.49504950495049505,0.8237986270022883,-0.3287491220517933,0.0,0.6178489702517163,-0.6178489702517163,2.112211221122112,3.3707093821510297,-1.2584981610289177,2.541254125412541,4.606407322654462,-2.065153197241921,0.5981308411214953,0.4861386138613861,0.11199222726010916,0.4652777777777778,0.42942176870748294,0.03585600907029485,0.9900990099009901,2.471395881006865,-1.481296871105875,21.287128712871286,11.842105263157894,9.445023449713393,0.0,0.0,0.0,0.0,0.30892448512585813,-0.30892448512585813,,0.0,,0.5,0.5869565217391304,-0.08695652173913038,0.0,0.0,0.0,0.49504950495049505,0.30892448512585813,0.18612501982463692,10.396039603960395,111.93363844393592,-101.53759883997553,557.9207920792079,220.675057208238,337.2457348709699,1.7430769230769234,0.9531167484890566,0.7899601745878668,0.3333333333333333,0.0,0.3333333333333333,0.3333333333333333,0.0,0.3333333333333333,-0.4290429042904291,-2.519148936170213,2.0901060318797837,0.49504950495049505,0.0,0.49504950495049505,0.0,0.0,0.0,0.0,0.0,0.0,700.0,140.0,38.026790420063385,33.51198176553933,4.514808654524053,79.0,74.0,5.0,84.0,75.0,9.0,0.0,1.0,0.0,1.0,0.0,0.0,0.8009153318077803,12.714955706096925,0.0,0.0,0.01438343491099682,,1.7430769230769234,0.9531167484890566,1.3862943611198906,2.9444389791664403,KO,DEC,1,0.5686116845031721,0.14629074347196735,0.2850975720248605
