fight_key,event,event_date,bout,fighter_a,fighter_b,winner,method,winner_is_a,weight_class,scheduled_seconds,duration_seconds,winner_prior_bouts,opponent_prior_bouts,diff_prior_bouts,winner_win_rate,opponent_win_rate,diff_win_rate,winner_finish_win_rate,opponent_finish_win_rate,diff_finish_win_rate,winner_ko_win_rate,opponent_ko_win_rate,diff_ko_win_rate,winner_sub_win_rate,opponent_sub_win_rate,diff_sub_win_rate,winner_ko_loss_rate,opponent_ko_loss_rate,diff_ko_loss_rate,winner_sub_loss_rate,opponent_sub_loss_rate,diff_sub_loss_rate,winner_kd_for_per15,opponent_kd_for_per15,diff_kd_for_per15,winner_kd_against_per15,opponent_kd_against_per15,diff_kd_against_per15,winner_sig_landed_per_min,opponent_sig_landed_per_min,diff_sig_landed_per_min,winner_sig_absorbed_per_min,opponent_sig_absorbed_per_min,diff_sig_absorbed_per_min,winner_sig_accuracy,opponent_sig_accuracy,diff_sig_accuracy,winner_sig_defense,opponent_sig_defense,diff_sig_defense,winner_ground_for_per15,opponent_ground_for_per15,diff_ground_for_per15,winner_ground_against_per15,opponent_ground_against_per15,diff_ground_against_per15,winner_td_landed_per15,opponent_td_landed_per15,diff_td_landed_per15,winner_td_attempts_per15,opponent_td_attempts_per15,diff_td_attempts_per15,winner_td_accuracy,opponent_td_accuracy,diff_td_accuracy,winner_td_defense,opponent_td_defense,diff_td_defense,winner_sub_att_per15,opponent_sub_att_per15,diff_sub_att_per15,winner_sub_att_against_per15,opponent_sub_att_against_per15,diff_sub_att_against_per15,winner_ctrl_for_per15,opponent_ctrl_for_per15,diff_ctrl_for_per15,winner_ctrl_against_per15,opponent_ctrl_against_per15,diff_ctrl_against_per15,winner_r3_retention,opponent_r3_retention,diff_r3_retention,winner_recent5_win_rate,opponent_recent5_win_rate,diff_recent5_win_rate,winner_recent5_finish_rate,opponent_recent5_finish_rate,diff_recent5_finish_rate,winner_recent5_sig_diff_per_min,opponent_recent5_sig_diff_per_min,diff_recent5_sig_diff_per_min,winner_recent5_kd_for_per15,opponent_recent5_kd_for_per15,diff_recent5_kd_for_per15,winner_recent5_td_landed_per15,opponent_recent5_td_landed_per15,diff_recent5_td_landed_per15,winner_recent5_sub_att_per15,opponent_recent5_sub_att_per15,diff_recent5_sub_att_per15,winner_days_since_last,opponent_days_since_last,winner_age_years,opponent_age_years,diff_age_years,winner_height_inches,opponent_height_inches,diff_height_inches,winner_reach_inches,opponent_reach_inches,diff_reach_inches,winner_southpaw,opponent_southpaw,scheduled_five_round,is_heavyweight,is_womens,same_stance,knockdown_interaction,ground_strike_interaction,submission_attempt_interaction,td_access_interaction,control_interaction,offensive_wrestling_exposure_interaction,winner_round3_retention,opponent_round3_retention,winner_log_ufc_bouts,opponent_log_ufc_bouts,clean_displayed_method,clean_actual_method,clean_winner_correct,base_KO,base_SUB,base_DEC
2026-08-08|Amanda Lemos vs. Alexia Thainara,UFC Fight Night: Gamrot vs. Salkilld,2026-08-08T00:00:00+00:00,Amanda Lemos vs. Alexia Thainara,Amanda Lemos,Alexia Thainara,Alexia Thainara,DEC,0,Women's Strawweight Bout,900,900.0,3.0,15.0,-12.0,1.0,0.6,0.4,0.3333333333333333,0.3333333333333333,0.0,0.0,0.2,-0.2,0.3333333333333333,0.13333333333333333,0.19999999999999998,0.0,0.06666666666666667,-0.06666666666666667,0.0,0.13333333333333333,-0.13333333333333333,0.0,0.5571030640668524,-0.5571030640668524,0.0,0.09285051067780872,-0.09285051067780872,3.7065637065637067,2.7545651501083253,0.9519985564553815,2.200772200772201,3.01454658000619,-0.8137743792339891,0.460431654676259,0.5534825870646766,-0.09305093238841755,0.4492753623188406,0.4534231200897868,-0.0041477577709462254,10.85907335907336,7.3351903435468895,3.5238830155264704,2.171814671814672,10.21355617455896,-8.041741502744287,5.212355212355212,1.021355617455896,4.190999594899316,9.99034749034749,1.5784586815227484,8.411888808824742,0.5217391304347826,0.6470588235294118,-0.1253196930946292,1.0,0.6304347826086957,0.3695652173913043,2.171814671814672,0.7428040854224698,1.429010586392202,0.0,0.46425255338904364,-0.46425255338904364,599.4208494208494,155.71030640668522,443.7105430141642,4.777992277992277,369.63788300835654,-364.85989073036427,0.5449999999999999,0.7594183087451426,-0.21441830874514267,1.0,0.4,0.6,0.3333333333333333,0.0,0.3333333333333333,1.5057915057915057,0.8739255014326647,0.631866004358841,0.0,0.2148997134670487,-0.2148997134670487,5.212355212355212,1.2893982808022921,3.9229569315529202,2.171814671814672,0.6446991404011461,1.5271155314135259,133.0,147.0,30.71657871140407,39.2150420610964,-8.49846334969233,64.0,64.0,0.0,67.0,65.0,2.0,0.0,1.0,0.0,0.0,1.0,0.0,0.0,121.76882911562578,3.180085178692421,1.9263051871747523,0.939564713937973,8.327104462201955,0.5449999999999999,0.7594183087451426,1.3862943611198906,2.772588722239781,DEC,DEC,1,0.08899929176771218,0.24827396924081488,0.6627267389914729
2026-08-08|Billy Ray Goff vs. Ty Miller,UFC Fight Night: Gamrot vs. Salkilld,2026-08-08T00:00:00+00:00,Billy Ray Goff vs. Ty Miller,Billy Ray Goff,Ty Miller,Ty Miller,KO,0,Welterweight Bout,900,615.0,1.0,3.0,-2.0,1.0,0.3333333333333333,0.6666666666666667,1.0,0.3333333333333333,0.6666666666666667,1.0,0.3333333333333333,0.6666666666666667,0.0,0.0,0.0,0.0,0.0,0.0,0.0,0.3333333333333333,-0.3333333333333333,3.0100334448160533,0.6792452830188679,2.3307881617971855,0.0,0.0,0.0,11.839464882943144,7.109433962264151,4.730030920678993,7.224080267558529,5.162264150943397,2.061816116615132,0.48760330578512395,0.4658753709198813,0.02172793486524266,0.5068493150684932,0.5913978494623655,-0.08454853439387233,3.0100334448160533,1.3584905660377358,1.6515428787783175,0.0,0.0,0.0,0.0,0.6792452830188679,-0.6792452830188679,0.0,9.509433962264152,-9.509433962264152,,0.07142857142857142,,1.0,0.5,0.5,0.0,0.0,0.0,0.0,1.3584905660377358,-1.3584905660377358,9.03010033444816,210.56603773584905,-201.5359374014009,0.0,69.28301886792453,-69.28301886792453,,,,1.0,0.3333333333333333,0.6666666666666667,1.0,0.3333333333333333,0.6666666666666667,4.615384615384616,1.947169811320755,2.6682148040638607,3.0100334448160533,0.6792452830188679,2.3307881617971855,0.0,0.6792452830188679,-0.6792452830188679,0.0,0.0,0.0,196.0,434.0,26.17712889381712,28.14020821782788,-1.96307932401076,74.0,70.0,4.0,77.0,72.0,5.0,0.0,0.0,0.0,0.0,0.0,0.0,3.0100334448160533,3.0100334448160533,0.0,0.0,0.010805830756610084,,,,0.6931471805599453,1.3862943611198906,KO,KO,1,0.642218584021527,0.04368276195374708,0.3140986540247259
2026-08-08|Darren Elkins vs. Yadier del Valle,UFC Fight Night: Gamrot vs. Salkilld,2026-08-08T00:00:00+00:00,Darren Elkins vs. Yadier del Valle,Darren Elkins,Yadier del Valle,Yadier del Valle,KO,0,Featherweight Bout,900,35.0,3.0,30.0,-27.0,0.6666666666666666,0.6333333333333333,0.033333333333333326,0.6666666666666666,0.23333333333333334,0.4333333333333333,0.0,0.13333333333333333,-0.13333333333333333,0.6666666666666666,0.1,0.5666666666666667,0.0,0.13333333333333333,-0.13333333333333333,0.0,0.03333333333333333,-0.03333333333333333,0.0,0.08559608160159779,-0.08559608160159779,0.0,0.25678824480479334,-0.25678824480479334,1.0656370656370655,3.395311236863379,-2.329674171226314,0.9266409266409267,3.3353939797422605,-2.408753053101334,0.41818181818181815,0.38436692506459946,0.03381489311721869,0.6428571428571428,0.5118997912317328,0.13095735162541,5.559845559845559,11.25588473061011,-5.69603917076455,3.474903474903475,7.960435588948595,-4.48553211404512,0.6949806949806949,2.867468733653526,-2.172488038672831,0.6949806949806949,8.431214037757382,-7.736233342776687,1.0,0.3401015228426396,0.6598984771573604,0.5555555555555556,0.5614035087719298,-0.005847953216374213,2.7799227799227797,1.0699510200199724,1.7099717599028073,0.0,0.8559608160159778,-0.8559608160159778,273.82239382239385,331.34243187978507,-57.52003805739122,342.6254826254826,138.06647962337723,204.55900300210538,,1.3936453655677528,,0.6666666666666666,0.6,0.06666666666666665,0.6666666666666666,0.2,0.4666666666666666,0.138996138996139,-1.3142239048134128,1.4532200438095517,0.0,0.0,0.0,0.6949806949806949,3.8939967550027044,-3.1990160600220094,2.7799227799227797,0.730124391563007,2.049798388359773,168.0,483.0,30.02662614564296,42.22947767579074,-12.202851530147779,69.0,70.0,-1.0,69.0,71.0,-2.0,1.0,0.0,0.0,0.0,0.0,0.0,0.0,49.818638023497975,5.159427751086888,0.3048160942897785,0.35092080049044244,0.0,,1.3936453655677528,1.3862943611198906,3.4339872044851463,DEC,KO,1,0.27524127131338966,0.34238650182388414,0.3823722268627262
2026-08-08|Diego Ferreira vs. Billy Quarantillo,UFC Fight Night: Gamrot vs. Salkilld,2026-08-08T00:00:00+00:00,Diego Ferreira vs. Billy Quarantillo,Diego Ferreira,Billy Quarantillo,Diego Ferreira,DEC,1,Lightweight Bout,900,900.0,17.0,11.0,6.0,0.5882352941176471,0.5454545454545454,0.042780748663101664,0.4117647058823529,0.36363636363636365,0.048128342245989275,0.29411764705882354,0.2727272727272727,0.021390374331550832,0.11764705882352941,0.09090909090909091,0.0267379679144385,0.23529411764705882,0.18181818181818182,0.053475935828877,0.0,0.09090909090909091,-0.09090909090909091,0.2725345715150903,0.24463169339494428,0.027902878120146024,0.3633794286867871,0.3669475400924164,-0.0035681114056293484,4.699707277682447,7.037238379994564,-2.3375311023121172,3.458160896335924,5.871160641478663,-2.4129997451427387,0.39774474628395695,0.5220810647307925,-0.12433631844683557,0.5590733590733591,0.430379746835443,0.1286936122379161,11.2647622892904,17.368850231041044,-6.1040879417506435,9.629554860199859,6.2381081815710795,3.391446678628779,0.817603714545271,1.5901060070671378,-0.7725022925218668,2.7253457151509037,6.2381081815710795,-3.5127624664201758,0.3,0.2549019607843137,0.04509803921568628,0.5789473684210527,0.6136363636363636,-0.03468899521531099,0.5450691430301806,1.1008426202772494,-0.5557734772470688,0.0,0.48926338678988857,-0.48926338678988857,105.65256889068336,243.1639032345746,-137.51133434389124,217.0283637831836,239.24979614025548,-22.221432357071876,1.4427336669349478,1.2632718075922278,0.17946185934271996,0.4,0.4,0.0,0.4,0.2,0.2,1.0763996288277142,0.9879253567508233,0.08847427207689096,0.2783792143519951,0.0,0.2783792143519951,0.8351376430559851,1.646542261251372,-0.8114046181953869,0.0,0.3293084522502744,-0.3293084522502744,329.0,602.0,41.55321464506458,37.665386695140896,3.8878279499236825,69.0,70.0,-1.0,74.0,70.0,4.0,0.0,0.0,0.0,0.0,0.0,1.0,0.3725404621226934,81.53556808956621,0.811751517983789,0.31589234425612744,0.14859835502519175,4.007865703365298,1.4427336669349478,1.2632718075922278,2.8903717578961645,2.4849066497880004,KO,DEC,0,0.4117987709115251,0.17481918446654784,0.41338204462192707
2026-08-08|Diyar Nurgozhay vs. Bruno Lopes,UFC Fight Night: Gamrot vs. Salkilld,2026-08-08T00:00:00+00:00,Diyar Nurgozhay vs. Bruno Lopes,Diyar Nurgozhay,Bruno Lopes,Diyar Nurgozhay,KO,1,Light Heavyweight Bout,900,299.0,3.0,3.0,0.0,0.3333333333333333,0.3333333333333333,0.0,0.0,0.0,0.0,0.0,0.0,0.0,0.0,0.0,0.0,0.0,0.6666666666666666,-0.6666666666666666,0.6666666666666666,0.0,0.6666666666666666,0.0,0.0,0.0,1.2388162422573985,1.157556270096463,0.0812599721609355,4.872677219545767,2.469453376205788,2.403223843339979,2.8492773571920162,4.282958199356914,-1.4336808421648977,0.6113989637305699,0.4507042253521127,0.1606947383784572,0.5892857142857143,0.48372093023255813,0.10556478405315617,4.955264969029594,1.7363344051446945,3.2189305638848995,5.574673090158294,10.418006430868166,-4.843333340709872,1.8582243633860978,2.8938906752411575,-1.0356663118550598,2.477632484514797,12.733118971061094,-10.255486486546296,0.75,0.22727272727272727,0.5227272727272727,0.7777777777777778,1.0,-0.2222222222222222,0.0,0.0,0.0,2.477632484514797,0.0,2.477632484514797,96.00825877494837,358.2636655948553,-262.2554068199069,145.56090846524432,78.13504823151126,67.42586023373306,,,,0.3333333333333333,0.3333333333333333,0.0,0.0,0.0,0.0,2.0233998623537506,-1.8135048231511255,3.836904685504876,0.0,0.0,0.0,1.8582243633860978,2.8938906752411575,-1.0356663118550598,0.0,0.0,0.0,154.0,133.0,29.29560497477703,33.290211297973265,-3.9946063231962334,74.0,74.0,0.0,74.0,74.0,0.0,1.0,0.0,0.0,0.0,0.0,0.0,0.0,56.57924728303565,0.0,0.0,0.11593708991044141,0.6194081211286993,,,1.3862943611198906,1.3862943611198906,KO,KO,1,0.580547267155616,0.09176723675224895,0.32768549609213504
2026-08-08|Gigi Canuto vs. Carol Foro,UFC Fight Night: Gamrot vs. Salkilld,2026-08-08T00:00:00+00:00,Gigi Canuto vs. Carol Foro,Gigi Canuto,Carol Foro,Carol Foro,DEC,0,Women's Strawweight Bout,900,900.0,0.0,0.0,0.0,,,,,,,,,,,,,,,,,,,,,,,,,,,,,,,,,,,,,,,,,,,,,,,,,,,,,,,,,,,,,,,,,,,,,,,,,,,,,,,,,,,,,,,,,,29.383217999000664,23.726702122562408,5.656515876438256,62.0,,,61.0,,,0.0,0.0,0.0,0.0,1.0,1.0,,,,,,,,,0.0,0.0,DEC,DEC,0,0.09705820213886907,0.08315819637847208,0.8197836014826588
2026-08-08|Juliana Miller vs. Ravena Oliveira,UFC Fight Night: Gamrot vs. Salkilld,2026-08-08T00:00:00+00:00,Juliana Miller vs. Ravena Oliveira,Juliana Miller,Ravena Oliveira,Juliana Miller,SUB,1,Women's Flyweight Bout,900,398.0,5.0,3.0,2.0,0.4,0.0,0.4,0.2,0.0,0.2,0.2,0.0,0.2,0.0,0.0,0.0,0.2,0.3333333333333333,-0.1333333333333333,0.0,0.3333333333333333,-0.3333333333333333,0.0,0.0,0.0,0.0,0.0,0.0,2.650345928685471,1.905227161700049,0.745118766985422,4.135178286322512,3.7225207620908645,0.4126575242316477,0.39903846153846156,0.3037383177570093,0.09530014378145224,0.44658119658119655,0.4641350210970464,-0.01755382451584986,7.424161788185205,0.0,7.424161788185205,6.4662054284193715,6.595017098192477,-0.1288116697731052,2.155401809473124,0.8793356130923302,1.2760661963807938,7.424161788185205,1.7586712261846604,5.665490562000544,0.2903225806451613,0.5,-0.2096774193548387,0.4444444444444444,0.46153846153846156,-0.017094017094017144,1.197445449707291,0.0,1.197445449707291,0.0,0.4396678065461651,-0.4396678065461651,334.3267695582757,146.84904738641916,187.47772217185656,189.6753592336349,273.4733756717147,-83.79801643807977,1.1344158040727965,0.6047032474804032,0.5297125565923934,0.4,0.0,0.4,0.2,0.0,0.2,-1.484832357637041,-1.8172936003908158,0.33246124275377475,0.0,0.0,0.0,2.155401809473124,0.8793356130923302,1.2760661963807938,1.197445449707291,0.0,1.197445449707291,168.0,140.0,30.25387242722301,29.46261730220333,0.7912551250196778,67.0,65.0,2.0,66.0,65.0,1.0,0.0,0.0,0.0,0.0,1.0,1.0,0.0,56.38663572101387,1.7239236640387818,1.160600974331682,0.48435007759378923,5.268759978712081,1.1344158040727965,0.6047032474804032,1.791759469228055,1.3862943611198906,DEC,SUB,1,0.13013853640415923,0.27943452999947266,0.5904269335963681
2026-08-08|Louie Sutherland vs. Jose Montanha,UFC Fight Night: Gamrot vs. Salkilld,2026-08-08T00:00:00+00:00,Louie Sutherland vs. Jose Montanha,Louie Sutherland,Jose Montanha,Jose Montanha,SUB,0,Heavyweight Bout,900,110.0,0.0,3.0,-3.0,,0.3333333333333333,,,0.0,,,0.0,,,0.0,,,0.3333333333333333,,,0.3333333333333333,,,0.0,,,0.0,,,1.8131868131868132,,,2.032967032967033,,,0.6875,,,0.30188679245283023,,,8.241758241758243,,,9.065934065934066,,,4.945054945054945,,,11.538461538461538,,,0.42857142857142855,,,0.0,,,0.0,,,0.8241758241758241,,,614.0109890109891,,,75.82417582417582,,,,,,0.3333333333333333,,,0.0,,,-0.21978021978021978,,,0.0,,,4.945054945054945,,,0.0,,,98.0,29.952702656454274,32.496218265946595,-2.543515609492321,,75.0,,,76.0,,0.0,0.0,0.0,1.0,0.0,0.0,,,,,,,,,0.0,1.3862943611198906,KO,SUB,0,0.4468819080269703,0.2828809825427083,0.2702371094303215
2026-08-08|Manoel Sousa vs. Richie Miranda,UFC Fight Night: Gamrot vs. Salkilld,2026-08-08T00:00:00+00:00,Manoel Sousa vs. Richie Miranda,Manoel Sousa,Richie Miranda,Manoel Sousa,DEC,1,Lightweight Bout,900,900.0,1.0,0.0,1.0,1.0,,,1.0,,,1.0,,,0.0,,,0.0,,,0.0,,,2.112676056338028,,,0.0,,,5.0,,,5.915492957746478,,,0.39664804469273746,,,0.5058823529411764,,,1.056338028169014,,,5.28169014084507,,,0.0,,,3.1690140845070425,,,0.0,,,0.5,,,1.056338028169014,,,0.0,,,72.88732394366197,,,214.43661971830986,,,,,,1.0,,,1.0,,,-0.9154929577464789,,,2.112676056338028,,,0.0,,,1.056338028169014,,,147.0,,29.177874973476527,31.98970546965372,-2.811830496177194,69.0,,,70.0,,,0.0,1.0,0.0,0.0,0.0,0.0,,,,,,,,,0.6931471805599453,0.0,KO,DEC,1,0.4969416829873323,0.08910105852342819,0.4139572584892395
2026-08-08|Mateusz Gamrot vs. Quillan Salkilld,UFC Fight Night: Gamrot vs. Salkilld,2026-08-08T00:00:00+00:00,Mateusz Gamrot vs. Quillan Salkilld,Mateusz Gamrot,Quillan Salkilld,Quillan Salkilld,SUB,0,Lightweight Bout,1500,265.0,5.0,13.0,-8.0,1.0,0.6923076923076923,0.3076923076923077,0.8,0.38461538461538464,0.4153846153846154,0.6,0.23076923076923078,0.3692307692307692,0.2,0.15384615384615385,0.046153846153846156,0.0,0.0,0.0,0.0,0.07692307692307693,-0.07692307692307693,1.8493150684931505,0.09674298613350532,1.7525720823596451,0.0,0.4837149306675266,-0.4837149306675266,4.767123287671233,3.2118671396323766,1.5552561480388567,2.2602739726027394,2.805546597871654,-0.5452726252689146,0.5979381443298969,0.515527950310559,0.08241019401933791,0.47619047619047616,0.6009174311926606,-0.12472695500218445,10.479452054794521,8.803611738148984,1.6758403166455373,3.0821917808219177,3.289261528539181,-0.20706974771726339,6.164383561643835,5.224121251209287,0.940262310434548,19.726027397260275,13.544018058690744,6.1820093385695305,0.3125,0.38571428571428573,-0.07321428571428573,0.75,0.8333333333333334,-0.08333333333333337,0.6164383561643836,0.19348597226701064,0.42295238389737294,0.0,0.09674298613350532,-0.09674298613350532,317.4657534246576,291.19638826185104,26.269365162806537,218.21917808219177,48.951950983553694,169.26722709863807,,1.549027895181741,,1.0,0.6,0.4,0.8,0.2,0.6000000000000001,2.5068493150684934,1.3200965924335928,1.1867527226349006,1.8493150684931505,0.0,1.8493150684931505,6.164383561643835,6.519989267507379,-0.35560570586354334,0.6164383561643836,0.24148108398175475,0.37495727218262886,98.0,119.0,26.612456107928292,35.658500859018325,-9.046044751090033,72.0,70.0,2.0,75.0,70.0,5.0,0.0,1.0,1.0,0.0,0.0,0.0,2.743856378631727,44.94911053880101,0.6760744435069554,1.0273972602739723,0.3719256124478921,16.185631678689596,,1.549027895181741,1.791759469228055,2.639057329615259,KO,SUB,1,0.5206657763441588,0.2655363761141024,0.2137978475417388
2026-08-08|Miles Johns vs. Gianni Vazquez,UFC Fight Night: Gamrot vs. Salkilld,2026-08-08T00:00:00+00:00,Miles Johns vs. Gianni Vazquez,Miles Johns,Gianni Vazquez,Miles Johns,KO,1,Featherweight Bout,900,189.0,11.0,1.0,10.0,0.5454545454545454,0.0,0.5454545454545454,0.18181818181818182,0.0,0.18181818181818182,0.18181818181818182,0.0,0.18181818181818182,0.0,0.0,0.0,0.09090909090909091,0.0,0.09090909090909091,0.18181818181818182,0.0,0.18181818181818182,0.21154072158890586,0.0,0.21154072158890586,0.21154072158890586,1.0,-0.7884592784110942,3.2506757550828533,1.6,1.6506757550828532,2.9756728170172755,3.9333333333333336,-0.9576605163160581,0.4308411214953271,0.2222222222222222,0.2086188992731049,0.674884437596302,0.3917525773195877,0.28313186027671433,0.5288518039722646,0.0,0.5288518039722646,1.3750146903278881,14.0,-12.624985309672113,0.9519332471500763,0.0,0.9519332471500763,4.548125514161476,0.0,4.548125514161476,0.20930232558139536,,,0.7878787878787878,0.625,0.16287878787878785,0.0,2.0,-2.0,0.5288518039722646,0.0,0.5288518039722646,133.2706546010107,25.0,108.2706546010107,129.78023269479377,338.0,-208.21976730520623,1.4925373134328361,,,0.4,0.0,0.4,0.0,0.0,0.0,-0.20177756425654575,-2.3333333333333335,2.1315557690767877,0.0,0.0,0.0,1.513331731924093,0.0,1.513331731924093,0.0,2.0,-2.0,273.0,182.0,32.35932291559717,32.060891051835426,0.298431863761742,67.0,,,68.0,,,0.0,0.0,0.0,0.0,0.0,1.0,0.4230814431778117,7.9327770595839695,0.0,0.3569749676812786,0.20369021036549537,10.788576801034198,1.4925373134328361,,2.4849066497880004,0.6931471805599453,DEC,KO,1,0.16580686689111804,0.02573627709210809,0.8084568560167739
2026-08-08|Steven Asplund vs. Guilherme Pat,UFC Fight Night: Gamrot vs. Salkilld,2026-08-08T00:00:00+00:00,Steven Asplund vs. Guilherme Pat,Steven Asplund,Guilherme Pat,Steven Asplund,DEC,1,Heavyweight Bout,900,900.0,2.0,2.0,0.0,0.5,0.5,0.0,0.5,0.0,0.5,0.5,0.0,0.5,0.0,0.0,0.0,0.0,0.0,0.0,0.0,0.0,0.0,0.6298110566829951,0.0,0.6298110566829951,0.0,0.5,-0.5,9.699090272918125,2.6999999999999997,6.999090272918126,6.634009797060881,2.0333333333333337,4.600676463727547,0.5133333333333333,0.6183206106870229,-0.10498727735368962,0.4968152866242038,0.5196850393700787,-0.022869752745874883,1.2596221133659902,0.0,1.2596221133659902,0.0,7.0,-7.0,0.0,0.0,0.0,0.0,0.0,0.0,,,,1.0,1.0,0.0,0.0,0.0,0.0,0.0,0.0,0.0,9.447165850244927,22.0,-12.552834149755073,48.49545136459062,495.5,-447.0045486354094,,0.9062499999999999,,0.5,0.5,0.0,0.5,0.0,0.5,3.065080475857243,0.6666666666666667,2.3984138091905765,0.6298110566829951,0.0,0.6298110566829951,0.0,0.0,0.0,0.0,0.0,0.0,147.0,126.0,28.0635468216322,,,77.0,,,78.0,,,0.0,0.0,0.0,1.0,0.0,0.0,0.9447165850244926,10.076976906927921,0.0,0.0,0.016275950548168883,,,0.9062499999999999,1.0986122886681096,1.0986122886681096,KO,DEC,1,0.7277379048517856,0.020607642892365913,0.2516544522558485
2026-08-15|Charles Johnson vs. Eduardo Chapolin,UFC 330: Makhachev vs. Machado Garry,2026-08-15T00:00:00+00:00,Charles Johnson vs. Eduardo Chapolin,Charles Johnson,Eduardo Chapolin,Charles Johnson,SUB,1,Catch Weight Bout,900,696.0,15.0,0.0,15.0,0.5333333333333333,,,0.2,,,0.2,,,0.0,,,0.06666666666666667,,,0.06666666666666667,,,0.31367081990067086,,,0.2352531149255032,,,4.53777119456304,,,3.87906247277163,,,0.4979919678714859,,,0.5532811559301625,,,3.0582904940315414,,,1.8820249194040255,,,0.4705062298510064,,,2.823037379106038,,,0.16666666666666666,,,0.6666666666666667,,,0.3920885248758386,,,0.4705062298510064,,,55.36289971246842,,,258.22950248322735,,,1.6353232291988866,,,0.4,,,0.2,,,-0.5319148936170213,,,0.26595744680851063,,,0.26595744680851063,,,0.26595744680851063,,,49.0,,35.595528997857585,30.727530339432022,4.867998658425563,69.0,67.0,2.0,70.0,67.0,3.0,0.0,0.0,0.0,0.0,0.0,0.0,,,,,,,1.6353232291988866,,2.772588722239781,0.0,DEC,SUB,1,0.3320890607364809,0.16307437166297678,0.5048365676005423
2026-08-15|Chidi Njokuani vs. Joel Alvarez,UFC 330: Makhachev vs. Machado Garry,2026-08-15T00:00:00+00:00,Chidi Njokuani vs. Joel Alvarez,Chidi Njokuani,Joel Alvarez,Chidi Njokuani,DEC,1,Welterweight Bout,900,900.0,10.0,11.0,-1.0,0.5,0.7272727272727273,-0.2272727272727273,0.3,0.6363636363636364,-0.33636363636363636,0.3,0.36363636363636365,-0.06363636363636366,0.0,0.2727272727272727,-0.2727272727272727,0.2,0.09090909090909091,0.1090909090909091,0.1,0.09090909090909091,0.009090909090909094,0.5341246290801187,0.1768867924528302,0.3572378366272885,0.17804154302670622,0.0,0.17804154302670622,5.673590504451038,4.528301886792453,1.1452886176585855,3.905044510385757,3.030660377358491,0.8743841330272661,0.5997490589711418,0.5454545454545454,0.05429451351659642,0.5721716514954487,0.5385996409335727,0.033572010561875976,6.587537091988131,9.55188679245283,-2.964349700464699,7.655786350148369,6.898584905660377,0.7572014444879915,0.0,0.1768867924528302,-0.1768867924528302,1.0682492581602374,0.5306603773584906,0.5375888808017468,0.0,0.3333333333333333,-0.3333333333333333,0.75,0.4642857142857143,0.2857142857142857,0.17804154302670622,1.0613207547169812,-0.883279211690275,0.35608308605341243,0.1768867924528302,0.17919629360058223,140.29673590504453,97.2877358490566,43.009000055987926,248.90207715133533,224.11556603773585,24.786511113599488,1.2603301886792453,0.8620766488413549,0.39825353983789036,0.6,0.8,-0.20000000000000007,0.2,0.6,-0.39999999999999997,2.899002493765586,2.890541976620616,0.00846051714496987,0.2805486284289277,0.3188097768331562,-0.03826114840422851,0.0,0.3188097768331562,-0.3188097768331562,0.0,0.9564293304994685,-0.9564293304994685,175.0,98.0,37.62158018302908,33.454485718392576,4.167094464636506,75.0,75.0,0.0,80.0,77.0,3.0,0.0,0.0,0.0,0.0,0.0,1.0,0.5341246290801187,52.03222104025531,0.20953474049605283,0.0,0.19470338851252575,2.2020043670567158,1.2603301886792453,0.8620766488413549,2.3978952727983707,2.4849066497880004,SUB,DEC,0,0.42554749283394633,0.09062198914806686,0.4838305180179869
2026-08-15|Donte Johnson vs. Eric McConico,UFC 330: Makhachev vs. Machado Garry,2026-08-15T00:00:00+00:00,Donte Johnson vs. Eric McConico,Donte Johnson,Eric McConico,Donte Johnson,KO,1,Middleweight Bout,900,98.0,2.0,4.0,-2.0,1.0,0.5,0.5,0.5,0.0,0.5,0.0,0.0,0.0,0.5,0.0,0.5,0.0,0.5,-0.5,0.0,0.0,0.0,0.0,0.0,0.0,0.0,1.2716354645001766,-1.2716354645001766,2.568093385214008,2.924761568350406,-0.35666818313639803,1.6809338521400778,3.051925114800424,-1.3709912626603462,0.4435483870967742,0.46938775510204084,-0.02583936800526665,0.6363636363636364,0.45660377358490567,0.17975986277873068,7.704280155642024,0.0,7.704280155642024,0.0,0.31790886612504415,-0.31790886612504415,2.1011673151750974,0.6358177322500883,1.465349582925009,2.1011673151750974,0.6358177322500883,1.465349582925009,1.0,1.0,0.0,0.75,0.6896551724137931,0.06034482758620685,0.7003891050583658,0.0,0.7003891050583658,0.0,0.31790886612504415,-0.31790886612504415,277.3540856031129,120.80536912751678,156.5487164755961,269.6498054474708,299.1522430236666,-29.502437576195803,,2.2595169873106835,,1.0,0.5,0.5,0.5,0.0,0.5,0.8871595330739299,-0.12716354645001765,1.0143230795239475,0.0,0.0,0.0,2.1011673151750974,0.6358177322500883,1.465349582925009,0.7003891050583658,0.0,0.7003891050583658,161.0,112.0,27.554296118332342,36.26905412157676,-8.714758003244416,68.0,72.0,-4.0,74.0,77.0,-3.0,1.0,1.0,0.0,0.0,0.0,1.0,0.0,10.153539124231859,0.9230490112938053,0.6520864081577887,0.4106046590898158,0.0,,2.2595169873106835,1.0986122886681096,1.6094379124341003,DEC,KO,1,0.3881431653945289,0.17284200465769523,0.43901482994777585
2026-08-15|Edson Barboza vs. Esteban Ribovics,UFC 330: Makhachev vs. Machado Garry,2026-08-15T00:00:00+00:00,Edson Barboza vs. Esteban Ribovics,Edson Barboza,Esteban Ribovics,Esteban Ribovics,KO,0,Lightweight Bout,900,392.0,7.0,32.0,-25.0,0.5714285714285714,0.5625,0.008928571428571397,0.14285714285714285,0.28125,-0.13839285714285715,0.14285714285714285,0.28125,-0.13839285714285715,0.0,0.0,0.0,0.0,0.15625,-0.15625,0.14285714285714285,0.0625,0.08035714285714285,0.35321821036106754,0.6263320429733374,-0.2731138326122699,0.17660910518053377,0.3523117741725023,-0.17570266899196854,7.240973312401884,4.139010917315471,3.101962395086413,5.8045525902668755,4.676612587534253,1.1279400027326227,0.43218552354181305,0.4466347507744297,-0.014449227232616657,0.5413953488372093,0.5568743818001978,-0.01547903296298847,4.4152276295133435,2.348745161150015,2.0664824683633283,2.8257456828885403,10.608498977860902,-7.782753294972363,0.35321821036106754,0.4306032795441695,-0.07738506918310195,0.5298273155416012,0.861206559088339,-0.33137924354673776,0.6666666666666666,0.5,0.16666666666666663,0.6607142857142857,0.7307692307692308,-0.07005494505494514,0.17660910518053377,0.07829150537166718,0.09831759980886659,0.35321821036106754,0.27402026880083513,0.07919794156023241,30.20015698587127,57.89656822234788,-27.69641123647661,231.88775510204079,157.09190552825018,74.7958495737906,2.7146777777777777,0.8694845436582457,1.845193234119532,0.6,0.4,0.19999999999999996,0.2,0.2,0.0,0.6735436893203883,-2.342299452511307,3.015843141831695,0.27305825242718446,0.42846941204475125,-0.1554111596175668,0.0,0.6427041180671269,-0.6427041180671269,0.0,0.0,0.0,126.0,252.0,30.300416846341815,40.564830215541726,-10.26441336919991,70.0,71.0,-1.0,69.0,75.0,-6.0,0.0,0.0,0.0,0.0,0.0,1.0,0.4776611447234114,51.254165424228866,0.2250035796547786,0.09509721048182586,0.039412767278329576,0.19043609788746088,2.7146777777777777,0.8694845436582457,2.0794415416798357,3.4965075614664802,DEC,KO,1,0.3306651991123263,0.06797382497143764,0.6013609759162362
2026-08-15|Islam Makhachev vs. Ian Machado Garry,UFC 330: Makhachev vs. Machado Garry,2026-08-15T00:00:00+00:00,Islam Makhachev vs. Ian Machado Garry,Islam Makhachev,Ian Machado Garry,Islam Makhachev,DEC,1,UFC Welterweight Title Bout,1500,1500.0,18.0,11.0,7.0,0.9444444444444444,0.9090909090909091,0.03535353535353536,0.6111111111111112,0.2727272727272727,0.33838383838383845,0.16666666666666666,0.2727272727272727,-0.10606060606060605,0.4444444444444444,0.0,0.4444444444444444,0.05555555555555555,0.0,0.05555555555555555,0.0,0.0,0.0,0.3026227303295225,0.3696857670979667,-0.06706303676844416,0.15131136516476126,0.09242144177449167,0.05888992339026959,2.4462004034969738,4.775107825015404,-2.32890742151843,1.4475453934095495,2.8589032655576094,-1.41135787214806,0.5843373493975904,0.5408234473133287,0.04351390208426176,0.6198675496688741,0.5289340101522843,0.09093353951658989,8.927370544720914,3.0499075785582255,5.877462966162688,1.4374579690652318,2.4953789279112755,-1.0579209588460436,3.101882985877606,0.9242144177449169,2.177668568132689,5.522864828513786,2.9574861367837335,2.5653786917300523,0.5616438356164384,0.3125,0.24914383561643838,0.9130434782608696,0.8,0.11304347826086958,0.9835238735709483,0.3696857670979667,0.6138381064729816,0.3026227303295225,0.0,0.3026227303295225,460.5917955615333,104.43622920517561,356.15556635635767,69.45191661062542,169.03881700554527,-99.58690039491985,1.0957334848329623,1.7086937316182715,-0.6129602467853092,1.0,0.8,0.19999999999999996,0.6,0.0,0.6,0.3755476736907991,1.0842105263157893,-0.7086628526249902,0.18777383684539956,0.0,0.18777383684539956,2.6288337158355937,1.105263157894737,1.5235705579408567,0.5633215105361986,0.631578947368421,-0.0682574368322224,273.0,266.0,34.80153596583092,28.74254775936535,6.058988206465571,70.0,75.0,-5.0,70.0,74.0,-4.0,1.0,0.0,1.0,0.0,0.0,0.0,0.3305915593803102,31.204542883673287,0.9835238735709483,0.6203765971755211,0.6078895163574833,3.315984372261385,1.0957334848329623,1.7086937316182715,2.9444389791664403,2.4849066497880004,DEC,DEC,1,0.2696648671611391,0.3005353776548029,0.429799755184058
2026-08-15|Jalin Turner vs. Kaue Fernandes,UFC 330: Makhachev vs. Machado Garry,2026-08-15T00:00:00+00:00,Jalin Turner vs. Kaue Fernandes,Jalin Turner,Kaue Fernandes,Jalin Turner,KO,1,Lightweight Bout,900,39.0,14.0,4.0,10.0,0.5714285714285714,0.75,-0.1785714285714286,0.5714285714285714,0.5,0.0714285714285714,0.35714285714285715,0.5,-0.14285714285714285,0.21428571428571427,0.0,0.21428571428571427,0.14285714285714285,0.0,0.14285714285714285,0.07142857142857142,0.0,0.07142857142857142,1.4283195203667785,1.5748031496062993,-0.14648362923952085,0.31740433785928407,0.0,0.31740433785928407,5.406453888203139,4.278215223097113,1.1282386651060268,4.348439428672192,1.4173228346456692,2.9311165940265225,0.48344370860927155,0.5544217687074829,-0.07097806009821139,0.4077809798270894,0.625,-0.21721902017291062,13.648386527949215,7.874015748031496,5.774370779917719,9.522130135778523,1.5748031496062993,7.947326986172224,0.6348086757185681,1.1811023622047243,-0.5462936864861562,1.2696173514371363,1.1811023622047243,0.08851498923241197,0.5,1.0,-0.5,0.75,0.7692307692307692,-0.019230769230769162,1.1109151825074943,0.0,1.1109151825074943,0.6348086757185681,0.0,0.6348086757185681,128.86616117086933,83.46456692913385,45.40159424173548,221.70692999470992,205.90551181102362,15.801418183686309,0.6308809780654442,0.5838709677419355,0.04701001032350871,0.4,0.75,-0.35,0.4,0.5,-0.09999999999999998,-0.03136434918975431,2.8608923884514432,-2.8922567376411976,1.8818609513852587,1.5748031496062993,0.30705780177895936,0.47046523784631467,1.1811023622047243,-0.7106371243584096,0.0,0.0,0.0,252.0,343.0,31.24499476375285,31.414744998186137,-0.16975023443328752,75.0,69.0,6.0,77.0,73.0,4.0,1.0,0.0,0.0,0.0,0.0,0.0,1.4283195203667785,35.14190861920782,1.1109151825074943,0.1464943097812081,0.1759429604009779,0.6348086757185681,0.6308809780654442,0.5838709677419355,2.70805020110221,1.6094379124341003,KO,KO,0,0.36988419516985005,0.2306303138085661,0.3994854910215838
2026-08-15|Jeremiah Wells vs. Myktybek Orolbai,UFC 330: Makhachev vs. Machado Garry,2026-08-15T00:00:00+00:00,Jeremiah Wells vs. Myktybek Orolbai,Jeremiah Wells,Myktybek Orolbai,Jeremiah Wells,SUB,1,Welterweight Bout,900,684.0,7.0,6.0,1.0,0.7142857142857143,0.8333333333333334,-0.11904761904761907,0.42857142857142855,0.5,-0.07142857142857145,0.2857142857142857,0.16666666666666666,0.11904761904761904,0.14285714285714285,0.3333333333333333,-0.19047619047619047,0.0,0.0,0.0,0.14285714285714285,0.0,0.14285714285714285,0.4377431906614786,0.48740861088545895,-0.04966542022398035,0.4377431906614786,0.24370430544272947,0.19403888521874912,2.3492217898832686,2.778229082047116,-0.42900729216384725,1.284046692607004,2.6969943135662064,-1.4129476209592025,0.46,0.5,-0.03999999999999998,0.48235294117647054,0.5103244837758112,-0.02797154259934065,15.539883268482491,12.428919577579203,3.1109636909032883,1.9698443579766538,6.092607636068237,-4.1227632780915835,3.0642023346303504,8.773354995938261,-5.709152661307911,6.566147859922179,14.8659626320065,-8.299814772084321,0.4666666666666667,0.5901639344262295,-0.12349726775956282,0.5,0.4,0.09999999999999998,1.3132295719844358,0.48740861088545895,0.8258209610989768,0.4377431906614786,0.0,0.4377431906614786,477.57782101167317,482.2908204711616,-4.712999459488458,123.88132295719845,82.6157595450853,41.26556341211315,0.9267326732673267,0.752125,0.17460767326732662,0.6,0.8,-0.20000000000000007,0.2,0.4,-0.2,0.9075342465753424,0.21012416427889208,0.6974100822964504,0.2568493150684931,0.5730659025787965,-0.3162165875103034,3.3390410958904106,8.30945558739255,-4.97041449150214,1.2842465753424657,0.28653295128939826,0.9977136240530674,287.0,154.0,39.79274043957097,28.50982566377133,11.28291477579964,69.0,70.0,-1.0,74.0,74.0,0.0,0.0,0.0,0.0,0.0,0.0,0.0,0.5444230909039185,110.21829473364795,1.3132295719844358,1.8385214007782102,0.5793524609077432,5.208823929170868,0.9267326732673267,0.752125,2.0794415416798357,1.9459101490553132,DEC,SUB,0,0.243300225249978,0.16810353276306753,0.5885962419869545
2026-08-15|Mackenzie Dern vs. Gillian Robertson,UFC 330: Makhachev vs. Machado Garry,2026-08-15T00:00:00+00:00,Mackenzie Dern vs. Gillian Robertson,Mackenzie Dern,Gillian Robertson,Mackenzie Dern,DEC,1,UFC Women's Strawweight Title Bout,1500,1500.0,16.0,20.0,-4.0,0.6875,0.7,-0.012499999999999956,0.3125,0.5,-0.1875,0.0,0.15,-0.15,0.3125,0.35,-0.03749999999999998,0.0625,0.05,0.012499999999999997,0.0,0.05,-0.05,0.1322945759223872,0.0,0.1322945759223872,0.3968837277671616,0.0,0.3968837277671616,3.466117889166544,2.711864406779661,0.7542534823868832,3.933558724092312,2.8571428571428568,1.0764158669494552,0.41609317098994175,0.48484848484848486,-0.06875531385854311,0.5196553581044696,0.5603576751117735,-0.04070231700730387,8.863736586799941,18.813559322033896,-9.949822735233955,2.57974423048655,9.297820823244553,-6.718076592758003,0.9260620314567103,2.7602905569007263,-1.834228525444016,5.027193885050712,6.75544794188862,-1.7282540568379074,0.18421052631578946,0.40860215053763443,-0.22439162422184497,0.3793103448275862,0.38888888888888884,-0.009578544061302652,1.0583566073790975,0.8716707021791767,0.1866859051999208,0.1322945759223872,0.3631961259079903,-0.23090154998560308,252.7487872997207,447.1670702179177,-194.41828291819698,168.67558430104367,131.1138014527845,37.561782848259185,1.0033338643775538,1.1713099895048185,-0.16797612512726467,0.6,1.0,-0.4,0.2,0.4,-0.2,0.03837134939245363,0.978170765404808,-0.9397994160123543,0.0,0.0,0.0,1.151140481773609,3.481624758220503,-2.330484276446894,0.19185674696226818,0.7460624481901078,-0.5542057012278396,294.0,154.0,33.394251764238824,31.247732670759838,2.146519093478986,64.0,65.0,-1.0,63.0,63.0,0.0,0.0,0.0,1.0,0.0,1.0,1.0,0.1322945759223872,91.27717119530304,1.4427476270083097,0.565926797001323,0.3217441517101189,7.675968336145675,1.0033338643775538,1.1713099895048185,2.833213344056216,3.044522437723423,DEC,DEC,0,0.12653819411623327,0.2611446769829782,0.6123171289007885
2026-08-15|Mansur Abdul-Malik vs. Dustin Stoltzfus,UFC 330: Makhachev vs. Machado Garry,2026-08-15T00:00:00+00:00,Mansur Abdul-Malik vs. Dustin Stoltzfus,Mansur Abdul-Malik,Dustin Stoltzfus,Dustin Stoltzfus,SUB,0,Middleweight Bout,900,565.0,10.0,4.0,6.0,0.3,0.75,-0.45,0.2,0.75,-0.55,0.1,0.5,-0.4,0.1,0.25,-0.15,0.2,0.25,-0.04999999999999999,0.2,0.0,0.2,0.28938906752411575,0.5784061696658097,-0.28901710214169396,0.4340836012861736,1.1568123393316194,-0.7227287380454458,3.279742765273312,2.9305912596401025,0.3491515056332095,3.2508038585209,4.93573264781491,-1.68492878929401,0.44328552803129073,0.44970414201183434,-0.006418613980543608,0.47670807453416153,0.39906103286384975,0.07764704167031178,4.340836012861737,19.665809768637533,-15.324973755775797,3.472668810289389,1.1568123393316194,2.31585647095777,2.02572347266881,2.892030848329049,-0.8663073756602389,5.643086816720257,6.940874035989717,-1.29778721926946,0.358974358974359,0.4166666666666667,-0.05769230769230771,0.5,0.9,-0.4,1.012861736334405,0.5784061696658097,0.4344555666685953,0.7234726688102894,0.0,0.7234726688102894,249.16398713826365,168.31619537275063,80.84779176551302,156.41479099678457,140.55269922879177,15.862091767992808,0.6853278089203023,,,0.4,0.75,-0.35,0.4,0.75,-0.35,0.536266758336198,-2.005141388174807,2.5414081465110048,0.6187693365417669,0.5784061696658097,0.0403631668759572,2.4750773461670676,2.892030848329049,-0.41695350216198124,1.8563080096253006,0.5784061696658097,1.2779018399594908,336.0,140.0,34.749515732698136,28.854801946651882,5.894713786046253,72.0,74.0,-2.0,75.0,80.0,-5.0,0.0,0.0,0.0,0.0,0.0,1.0,0.624157911703684,9.362368675555262,1.012861736334405,0.20257234726688095,0.320084270823862,5.709668620173748,0.6853278089203023,,2.3978952727983707,1.6094379124341003,KO,SUB,0,0.41125767718615464,0.14851194738616896,0.4402303754276764
2026-08-15|Neil Magny vs. Ramiz Brahimaj,UFC 330: Makhachev vs. Machado Garry,2026-08-15T00:00:00+00:00,Neil Magny vs. Ramiz Brahimaj,Neil Magny,Ramiz Brahimaj,Neil Magny,KO,1,Welterweight Bout,900,500.0,37.0,9.0,28.0,0.6486486486486487,0.5555555555555556,0.0930930930930931,0.2702702702702703,0.5555555555555556,-0.2852852852852853,0.1891891891891892,0.1111111111111111,0.0780780780780781,0.08108108108108109,0.4444444444444444,-0.36336336336336333,0.10810810810810811,0.1111111111111111,-0.003003003003002991,0.16216216216216217,0.0,0.16216216216216217,0.06774812751703112,0.19942388654996676,-0.13167575903293566,0.3726147013436712,0.19942388654996676,0.17319081479370443,3.4009560013549622,2.286727232439619,1.1142287689153432,2.4389325906131205,3.2705517394194548,-0.8316191488063343,0.4688667496886675,0.48725212464589235,-0.018385374957224865,0.5178571428571428,0.47096774193548385,0.04688940092165894,11.957544506755994,1.3959672058497674,10.561577300906226,6.910309006737175,1.595391092399734,5.314917914337441,2.1679400805449958,1.9942388654996674,0.17370121504532832,5.453724265121006,5.783292709949037,-0.3295684448280305,0.39751552795031053,0.3448275862068966,0.05268794174341396,0.5535714285714286,0.4482758620689655,0.10529556650246308,0.27099251006812447,1.595391092399734,-1.3243985823316096,0.4064887651021868,0.19942388654996676,0.20706487855222003,192.33693402085137,171.90339020607135,20.433543814780023,288.33603071248444,371.7261245291381,-83.39009381665363,2.050077687593802,0.46104433201207395,1.5890333555817278,0.4,0.6,-0.19999999999999996,0.4,0.6,-0.19999999999999996,0.0,-0.5277246653919695,0.5277246653919695,0.0,0.3441682600382409,-0.3441682600382409,2.112676056338028,2.0650095602294454,0.047666496108582646,0.4225352112676056,1.0325047801147227,-0.6099695688471171,245.0,175.0,39.03434019863515,33.741965954126364,5.292374244508785,75.0,70.0,5.0,80.0,72.0,8.0,0.0,0.0,0.0,0.0,0.0,1.0,0.08125872241296021,31.03450449980788,0.32503488965184085,1.1961048720248253,0.30197518976068377,8.527895004196502,2.050077687593802,0.46104433201207395,3.6375861597263857,2.302585092994046,DEC,KO,1,0.35708746986090806,0.17144298095179913,0.4714695491872928
2026-08-15|Rafael Tobias vs. Lucas Fernando,UFC 330: Makhachev vs. Machado Garry,2026-08-15T00:00:00+00:00,Rafael Tobias vs. Lucas Fernando,Rafael Tobias,Lucas Fernando,Lucas Fernando,KO,0,Light Heavyweight Bout,900,670.0,0.0,1.0,-1.0,,0.0,,,0.0,,,0.0,,,0.0,,,0.0,,,0.0,,,0.0,,,0.0,,,2.6,,,6.2666666666666675,,,0.38613861386138615,,,0.3426573426573427,,,9.0,,,8.0,,,2.0,,,8.0,,,0.25,,,1.0,,,1.0,,,0.0,,,151.0,,,88.0,,,,,,0.0,,,0.0,,,-3.6666666666666665,,,0.0,,,2.0,,,1.0,,,161.0,29.594036838538777,23.40636700274475,6.187669835794026,75.0,74.0,1.0,80.0,74.0,6.0,0.0,0.0,0.0,0.0,0.0,0.0,,,,,,,,,0.0,0.6931471805599453,DEC,KO,1,0.4276686393648754,0.1465897726876915,0.4257415879474331
2026-08-15|Vicente Luque vs. Tresean Gore,UFC 330: Makhachev vs. Machado Garry,2026-08-15T00:00:00+00:00,Vicente Luque vs. Tresean Gore,Vicente Luque,Tresean Gore,Tresean Gore,DEC,0,Middleweight Bout,900,900.0,7.0,25.0,-18.0,0.42857142857142855,0.68,-0.2514285714285715,0.42857142857142855,0.6,-0.17142857142857143,0.0,0.32,-0.32,0.42857142857142855,0.28,0.14857142857142852,0.2857142857142857,0.08,0.20571428571428568,0.0,0.04,-0.04,0.0,0.69713400464756,-0.69713400464756,0.9561752988047808,0.2535032744172946,0.7026720243874862,3.410358565737052,4.795436941060489,-1.3850783753234368,6.99601593625498,5.243292725864376,1.752723210390604,0.49767441860465117,0.5089686098654709,-0.011294191260819708,0.4067567567567567,0.515990639625585,-0.10923388286882829,2.6294820717131477,4.436307302302654,-1.8068252305895065,4.063745019920319,6.527709316245335,-2.463964296325016,1.9123505976095616,0.887261460460531,1.0250891371490307,2.6294820717131477,1.8378987395253856,0.7915833321877621,0.7272727272727273,0.4827586206896552,0.2445141065830721,0.8387096774193549,0.5967741935483871,0.24193548387096775,0.9561752988047808,0.69713400464756,0.25904129415722077,0.0,0.3168790930216182,-0.3168790930216182,130.0398406374502,129.98380395746779,0.05603667998241235,163.5059760956175,174.66375607351594,-11.157779977898429,1.2590792107520732,1.0159710148243046,0.24310819592776856,0.6,0.4,0.19999999999999996,0.6,0.4,0.19999999999999996,-3.7115749525616697,-3.1747572815533984,-0.5368176710082713,0.0,0.4368932038834951,-0.4368932038834951,2.049335863377609,0.0,2.049335863377609,1.0246679316888045,0.8737864077669902,0.1508815239218143,133.0,126.0,32.15124198306604,34.716660848614275,-2.5654188655482315,72.0,71.0,1.0,75.0,75.0,0.0,0.0,0.0,0.0,0.0,0.0,0.0,0.0,19.793976688135146,1.2591672602597144,0.7711091119393393,0.17252975750449834,1.2170682105042263,1.2590792107520732,1.0159710148243046,2.0794415416798357,3.258096538021482,KO,DEC,0,0.3555020798367378,0.2951415735983411,0.3493563465649211
2026-08-22|Anthony Hernandez vs. Gregory Rodrigues,UFC Fight Night: Hernandez vs. Rodrigues,2026-08-22T00:00:00+00:00,Anthony Hernandez vs. Gregory Rodrigues,Anthony Hernandez,Gregory Rodrigues,Gregory Rodrigues,DEC,0,Middleweight Bout,1500,1500.0,13.0,12.0,1.0,0.7692307692307693,0.75,0.019230769230769273,0.5384615384615384,0.5833333333333334,-0.044871794871794934,0.5384615384615384,0.16666666666666666,0.3717948717948718,0.0,0.4166666666666667,-0.4166666666666667,0.15384615384615385,0.16666666666666666,-0.012820512820512803,0.0,0.08333333333333333,-0.08333333333333333,1.0318142734307825,0.0,1.0318142734307825,0.38693035253654345,0.2188449848024316,0.16808536773411184,5.520206362854686,4.522796352583586,0.9974100102710999,4.72055030094583,3.1003039513677813,1.620246349578049,0.5148356054530874,0.6066536203522505,-0.09181801489916308,0.5085049239033124,0.5092378752886836,-0.0007329513853712166,4.772141014617369,26.370820668693007,-21.59867965407564,1.289767841788478,2.1884498480243164,-0.8986820062358385,1.934651762682717,5.908814589665653,-3.9741628269829357,5.417024935511607,12.25531914893617,-6.838294213424563,0.35714285714285715,0.48214285714285715,-0.125,0.75,0.6818181818181819,0.06818181818181812,0.38693035253654345,1.641337386018237,-1.2544070334816935,0.0,0.5471124620060791,-0.5471124620060791,168.18572656921754,471.063829787234,-302.87810321801646,62.553740326741185,102.85714285714285,-40.30340253040166,1.1749839228295822,1.3355914522147059,-0.16060752938512368,0.8,0.8,0.0,0.4,0.6,-0.19999999999999996,0.7186791842020072,1.8844717768504282,-1.1657925926484212,1.165425704111363,0.0,1.165425704111363,1.165425704111363,5.139468482319351,-3.9740427782079877,0.29135642602784073,0.5930155941137711,-0.3016591680859304,168.0,182.0,34.51131782309014,32.843932455834135,1.6673853672560028,75.0,72.0,3.0,75.0,75.0,0.0,0.0,0.0,1.0,0.0,0.0,1.0,1.257621652418674,15.215732292807358,0.5986247703376918,0.6155710153990462,0.20822994718093601,9.198122453459895,1.1749839228295822,1.3355914522147059,2.639057329615259,2.5649493574615367,SUB,DEC,0,0.6296679311820153,0.07726391919454134,0.2930681496234434
2026-08-22|Anthony Wint vs. Terrance Chatman,UFC Fight Night: Hernandez vs. Rodrigues,2026-08-22T00:00:00+00:00,Anthony Wint vs. Terrance Chatman,Anthony Wint,Terrance Chatman,Anthony Wint,SUB,1,Heavyweight Bout,900,269.0,0.0,0.0,0.0,,,,,,,,,,,,,,,,,,,,,,,,,,,,,,,,,,,,,,,,,,,,,,,,,,,,,,,,,,,,,,,,,,,,,,,,,,,,,,,,,,,,,,,,,,30.938349178970135,,,,,,,,,0.0,0.0,0.0,1.0,0.0,1.0,,,,,,,,,0.0,0.0,KO,SUB,0,0.5055789902203858,0.13771230553082953,0.35670870424878476
2026-08-22|Carli Judice vs. Jeisla Chaves,UFC Fight Night: Hernandez vs. Rodrigues,2026-08-22T00:00:00+00:00,Carli Judice vs. Jeisla Chaves,Carli Judice,Jeisla Chaves,Carli Judice,KO,1,Women's Flyweight Bout,900,99.0,4.0,1.0,3.0,0.75,1.0,-0.25,0.5,0.0,0.5,0.5,0.0,0.5,0.0,0.0,0.0,0.0,0.0,0.0,0.0,0.0,0.0,0.6949806949806949,0.0,0.6949806949806949,0.0,0.0,0.0,8.664092664092664,4.266666666666667,4.397425997425997,4.656370656370656,4.133333333333333,0.5230373230373235,0.48195876288659795,0.6464646464646465,-0.16450588357804857,0.5963855421686747,0.4464285714285714,0.14995697074010328,2.0849420849420848,13.0,-10.915057915057915,0.0,10.0,-10.0,0.6949806949806949,3.0,-2.305019305019305,1.3899613899613898,6.0,-4.61003861003861,0.5,0.5,0.0,0.8275862068965517,0.5,0.3275862068965517,0.0,1.0,-1.0,0.34749034749034746,0.0,0.34749034749034746,73.32046332046333,269.0,-195.67953667953668,152.20077220077218,198.0,-45.79922779922782,1.3746803069053708,,,0.75,1.0,-0.25,0.5,0.0,0.5,4.007722007722007,0.13333333333333333,3.874388674388674,0.6949806949806949,0.0,0.6949806949806949,0.6949806949806949,3.0,-2.305019305019305,0.0,1.0,-1.0,182.0,77.0,27.474896815129675,29.550230326426963,-2.0753335112972877,67.0,66.0,1.0,68.0,68.0,0.0,1.0,0.0,0.0,0.0,1.0,0.0,0.6949806949806949,22.934362934362934,0.0,0.34749034749034746,0.0993899613899614,1.3899613899613898,1.3746803069053708,,1.6094379124341003,0.6931471805599453,DEC,KO,1,0.29147328517189064,0.060312657219206166,0.6482140576089032
2026-08-22|Chris Padilla vs. Nasrat Haqparast,UFC Fight Night: Hernandez vs. Rodrigues,2026-08-22T00:00:00+00:00,Chris Padilla vs. Nasrat Haqparast,Chris Padilla,Nasrat Haqparast,Chris Padilla,SUB,1,Lightweight Bout,900,899.0,4.0,15.0,-11.0,1.0,0.6666666666666666,0.33333333333333337,0.75,0.13333333333333333,0.6166666666666667,0.5,0.13333333333333333,0.3666666666666667,0.25,0.0,0.25,0.0,0.13333333333333333,-0.13333333333333333,0.0,0.0,0.0,0.0,0.5965909090909092,-0.5965909090909092,0.0,0.17045454545454544,-0.17045454545454544,4.78014801915542,6.363636363636364,-1.5834883444809442,3.8659120592076626,6.0,-2.1340879407923374,0.5414201183431953,0.4565837749694252,0.08483634337377005,0.5568862275449102,0.6339688041594453,-0.0770825766145351,6.269046582498912,4.6022727272727275,1.6667738552261842,0.0,1.6193181818181819,-1.6193181818181819,1.1754462342185459,0.3409090909090909,0.834537143309455,3.91815411406182,1.7045454545454546,2.2136086595163653,0.3,0.2,0.09999999999999998,0.75,0.86,-0.10999999999999999,0.391815411406182,0.0,0.391815411406182,0.0,0.08522727272727272,-0.08522727272727272,196.69133652590335,35.284090909090914,161.40724561681245,10.970831519373094,98.69318181818183,-87.72235029880873,,1.7437339841366686,,1.0,0.8,0.19999999999999996,0.75,0.2,0.55,0.9142359599477579,0.4062288422477996,0.5080071176999583,0.0,0.6093432633716994,-0.6093432633716994,1.1754462342185459,0.3046716316858497,0.8707746025326961,0.391815411406182,0.0,0.391815411406182,287.0,301.0,30.938349178970135,31.001321040130872,-0.06297186116073661,69.0,70.0,-1.0,74.0,72.0,2.0,0.0,1.0,0.0,0.0,0.0,0.0,0.0,16.420627696204534,0.4252087703328452,0.16456247279059644,0.2425114774211422,2.7427078798432736,,1.7437339841366686,1.6094379124341003,2.772588722239781,DEC,SUB,0,0.3633443260798782,0.1190021601538887,0.517653513766233
2026-08-22|Gauge Young vs. Stan Dorsainvil,UFC Fight Night: Hernandez vs. Rodrigues,2026-08-22T00:00:00+00:00,Gauge Young vs. Stan Dorsainvil,Gauge Young,Stan Dorsainvil,Stan Dorsainvil,DEC,0,Lightweight Bout,900,900.0,0.0,3.0,-3.0,,0.6666666666666666,,,0.0,,,0.0,,,0.0,,,0.0,,,0.0,,,0.3333333333333333,,,0.0,,,7.0,,,5.022222222222222,,,0.5172413793103449,,,0.5097613882863341,,,2.3333333333333335,,,0.3333333333333333,,,1.0,,,2.3333333333333335,,,0.42857142857142855,,,0.92,,,0.0,,,0.0,,,100.0,,,60.33333333333333,,,2.3114754098360653,,,0.6666666666666666,,,0.0,,,1.9777777777777779,,,0.3333333333333333,,,1.0,,,0.0,,,126.0,26.278431453075697,26.10594331163542,0.1724881414402759,,69.0,,,70.0,,0.0,0.0,0.0,0.0,0.0,0.0,,,,,,,,2.3114754098360653,0.0,1.3862943611198906,DEC,DEC,0,0.41198042186981554,0.23344455897840777,0.3545750191517767
2026-08-22|Jamall Emmers vs. Lerryan Douglas,UFC Fight Night: Hernandez vs. Rodrigues,2026-08-22T00:00:00+00:00,Jamall Emmers vs. Lerryan Douglas,Jamall Emmers,Lerryan Douglas,Jamall Emmers,KO,1,Featherweight Bout,900,218.0,9.0,1.0,8.0,0.5555555555555556,1.0,-0.4444444444444444,0.2222222222222222,1.0,-0.7777777777777778,0.2222222222222222,1.0,-0.7777777777777778,0.0,0.0,0.0,0.1111111111111111,0.0,0.1111111111111111,0.1111111111111111,0.0,0.1111111111111111,0.5201309959545367,8.450704225352112,-7.9305732293975755,0.17337699865151224,0.0,0.17337699865151224,4.877672895395878,8.169014084507042,-3.291341189111164,3.571566172221152,4.788732394366197,-1.2171662221450452,0.4746906636670416,0.6041666666666666,-0.12947600299962503,0.5928853754940712,0.6304347826086957,-0.03754940711462451,6.414948950105952,8.450704225352112,-2.03575527524616,2.253900982469659,0.0,2.253900982469659,2.774031978424196,0.0,2.774031978424196,5.201309959545367,0.0,5.201309959545367,0.5333333333333333,,,0.8,,,0.3467539973030245,0.0,0.3467539973030245,0.5201309959545367,0.0,0.5201309959545367,282.6045078019649,21.12676056338028,261.47774723858464,39.52995569254479,12.67605633802817,26.85389935451662,0.458882005899705,,,0.6,1.0,-0.4,0.4,1.0,-0.6,0.7317073170731707,3.380281690140845,-2.6485743730676745,1.135407905803196,8.450704225352112,-7.315296319548916,3.027754415475189,0.0,3.027754415475189,0.37846930193439865,0.0,0.37846930193439865,287.0,147.0,37.07947459564536,31.321656159948528,5.75781843569683,70.0,69.0,1.0,74.0,72.0,2.0,0.0,0.0,0.0,0.0,0.0,1.0,0.5201309959545367,6.414948950105952,0.3467539973030245,,0.3184276144247492,2.427277981121171,0.458882005899705,,2.302585092994046,0.6931471805599453,KO,KO,0,0.2877100648479416,0.1372490503473201,0.5750408848047384
2026-08-22|Kennedy Nzechukwu vs. Shamil Gaziev,UFC Fight Night: Hernandez vs. Rodrigues,2026-08-22T00:00:00+00:00,Kennedy Nzechukwu vs. Shamil Gaziev,Kennedy Nzechukwu,Shamil Gaziev,Shamil Gaziev,KO,0,Heavyweight Bout,900,80.0,6.0,14.0,-8.0,0.5,0.5714285714285714,-0.0714285714285714,0.3333333333333333,0.5,-0.16666666666666669,0.3333333333333333,0.42857142857142855,-0.09523809523809523,0.0,0.07142857142857142,-0.07142857142857142,0.5,0.14285714285714285,0.35714285714285715,0.0,0.14285714285714285,-0.14285714285714285,0.27658266748617083,0.37996059667886295,-0.10337792919269212,0.8297480024585125,0.37996059667886295,0.4497874057796496,3.005531653349723,5.066141289051506,-2.060609635701783,5.162876459741856,4.863495637489446,0.29938082225241036,0.45403899721448465,0.49627791563275436,-0.04223891841826971,0.452054794520548,0.5163727959697733,-0.06431800144922528,3.8721573448063924,7.852518998029834,-3.9803616532234414,0.27658266748617083,0.6332676611314382,-0.35668499364526735,1.1063306699446833,0.6332676611314382,0.47306300881324514,3.31899200983405,1.3931888544891642,1.925803155344886,0.3333333333333333,0.45454545454545453,-0.12121212121212122,0.8333333333333334,0.8153846153846154,0.017948717948717996,0.0,0.2533070644525753,-0.2533070644525753,0.0,0.37996059667886295,-0.37996059667886295,372.0036877688998,155.02392344497608,216.97976432392372,10.233558696988322,156.6704193639178,-146.43686066692948,0.1772852233676976,1.8976985425946957,-1.7204133192269981,0.4,0.4,0.0,0.2,0.4,-0.2,-3.271221532091097,-0.41405269761606023,-2.857168834475037,0.31055900621118016,0.5646173149309912,-0.25405830871981105,1.2422360248447206,0.0,1.2422360248447206,0.0,0.0,0.0,112.0,406.0,36.52915528724067,34.19098270327248,2.3381725839681877,76.0,77.0,-1.0,78.0,83.0,-5.0,0.0,1.0,0.0,1.0,0.0,0.0,0.3816731828552478,6.324269370084856,0.0,0.20424566214363385,0.48529048488850285,2.7731440885244445,0.1772852233676976,1.8976985425946957,1.9459101490553132,2.70805020110221,KO,KO,0,0.533367707613096,0.0726236748113869,0.3940086175755171
2026-08-22|MarQuel Mederos vs. Mason Jones,UFC Fight Night: Hernandez vs. Rodrigues,2026-08-22T00:00:00+00:00,MarQuel Mederos vs. Mason Jones,MarQuel Mederos,Mason Jones,MarQuel Mederos,KO,1,Lightweight Bout,900,427.0,3.0,6.0,-3.0,1.0,0.6666666666666666,0.33333333333333337,0.0,0.16666666666666666,-0.16666666666666666,0.0,0.16666666666666666,-0.16666666666666666,0.0,0.0,0.0,0.0,0.0,0.0,0.0,0.0,0.0,0.3333333333333333,0.18007202881152462,0.1532613045218087,0.0,0.36014405762304924,-0.36014405762304924,4.7555555555555555,5.942376950780313,-1.186821395224757,3.088888888888889,4.717887154861945,-1.6289982659730557,0.5646437994722955,0.4202037351443124,0.14444006432798306,0.5762195121951219,0.5019011406844107,0.07431837151071119,4.666666666666667,8.283313325330132,-3.6166466586634654,1.0,3.6014405762304924,-2.6014405762304924,0.0,3.4213685474189677,-3.4213685474189677,2.0,6.302521008403361,-4.302521008403361,0.0,0.5428571428571428,-0.5428571428571428,0.782608695652174,0.6842105263157895,0.09839816933638446,0.0,0.18007202881152462,-0.18007202881152462,0.3333333333333333,0.0,0.3333333333333333,128.0,237.33493397358944,-109.33493397358944,285.6666666666667,113.98559423769508,171.68107242897162,1.0454545454545452,1.0307692307692309,0.01468531468531431,1.0,0.8,0.19999999999999996,0.0,0.2,-0.2,1.6666666666666665,1.361639824304539,0.3050268423621276,0.3333333333333333,0.21961932650073207,0.11371400683260124,0.0,3.953147877013177,-3.953147877013177,0.0,0.21961932650073207,-0.21961932650073207,441.0,154.0,29.725456374874227,31.324394066955517,-1.5989376920812894,70.0,70.0,0.0,69.0,74.0,-5.0,0.0,0.0,0.0,0.0,0.0,1.0,0.4533813525410164,21.473389355742302,0.0,0.0,0.16023476057089503,2.3601440576230495,1.0454545454545452,1.0307692307692309,1.3862943611198906,1.9459101490553132,DEC,KO,0,0.25412931445310055,0.09320610909848517,0.6526645764484142
2026-08-22|Marcio Barbosa vs. Ryan Kuse,UFC Fight Night: Hernandez vs. Rodrigues,2026-08-22T00:00:00+00:00,Marcio Barbosa vs. Ryan Kuse,Marcio Barbosa,Ryan Kuse,Marcio Barbosa,KO,1,Featherweight Bout,900,167.0,1.0,0.0,1.0,1.0,,,1.0,,,1.0,,,0.0,,,0.0,,,0.0,,,11.25,,,0.0,,,3.0,,,3.75,,,0.5,,,0.6153846153846154,,,0.0,,,0.0,,,0.0,,,0.0,,,,,,,,,0.0,,,0.0,,,0.0,,,0.0,,,,,,1.0,,,1.0,,,-0.75,,,11.25,,,0.0,,,0.0,,,126.0,,28.25246240511441,32.162193611094,-3.909731205979586,66.0,,,70.0,,,0.0,0.0,0.0,0.0,0.0,0.0,,,,,,,,,0.6931471805599453,0.0,KO,KO,1,0.4146051740699981,0.10202169083897338,0.4833731350910285
2026-08-22|Reinier de Ridder vs. Roman Dolidze,UFC Fight Night: Hernandez vs. Rodrigues,2026-08-22T00:00:00+00:00,Reinier de Ridder vs. Roman Dolidze,Reinier de Ridder,Roman Dolidze,Reinier de Ridder,KO,1,Light Heavyweight Bout,900,241.0,6.0,14.0,-8.0,0.6666666666666666,0.6428571428571429,0.023809523809523725,0.5,0.35714285714285715,0.14285714285714285,0.16666666666666666,0.35714285714285715,-0.1904761904761905,0.3333333333333333,0.0,0.3333333333333333,0.16666666666666666,0.0,0.16666666666666666,0.0,0.07142857142857142,-0.07142857142857142,0.3652597402597403,0.3306392358559882,0.034620504403752084,0.18262987012987014,0.08265980896399705,0.09997006116587309,2.471590909090909,3.1851579720793533,-0.7135670629884441,2.3620129870129873,3.7141807494489347,-1.3521677624359474,0.48564593301435405,0.41612670986321093,0.06951922315114312,0.46849315068493147,0.4847094801223242,-0.016216329437392707,3.2873376623376624,6.1994856722997795,-2.912148009962117,8.583603896103895,6.1994856722997795,2.3841182238041156,2.556818181818182,1.157237325495959,1.3995808563222232,8.766233766233766,2.6451138868479056,6.12111987938586,0.2916666666666667,0.4375,-0.14583333333333331,0.4,0.31999999999999995,0.08000000000000007,0.5478896103896104,0.7439382806759736,-0.1960486702863632,0.18262987012987014,0.24797942689199118,-0.06534955676212104,306.8181818181818,234.25789860396767,72.56028321421414,223.53896103896105,90.92578986039678,132.61317117856427,0.7897434651637354,1.0167907907907907,-0.22704732562705532,0.6,0.6,0.0,0.4,0.2,0.2,0.014204545454545456,-0.24437299035369775,0.2585775358082432,0.21306818181818182,0.0,0.21306818181818182,1.9176136363636362,0.9646302250803859,0.9529834112832504,0.42613636363636365,0.0,0.42613636363636365,168.0,154.0,35.95693272278007,38.10345181625906,-2.146519093478993,76.0,74.0,2.0,78.0,76.0,2.0,1.0,0.0,0.0,0.0,0.0,0.0,0.39545204061184963,23.66714040001145,0.6837549619741023,1.738636363636364,0.375350677977423,10.828837538288308,0.7897434651637354,1.0167907907907907,1.9459101490553132,2.70805020110221,DEC,KO,1,0.27975278712064056,0.24987834491845173,0.4703688679609077
2026-08-22|Serghei Spivac vs. Vitor Petrino,UFC Fight Night: Hernandez vs. Rodrigues,2026-08-22T00:00:00+00:00,Serghei Spivac vs. Vitor Petrino,Serghei Spivac,Vitor Petrino,Vitor Petrino,DEC,0,Heavyweight Bout,900,900.0,9.0,15.0,-6.0,0.7777777777777778,0.6,0.1777777777777778,0.4444444444444444,0.4,0.0444444444444444,0.2222222222222222,0.2,0.0222222222222222,0.2222222222222222,0.2,0.0222222222222222,0.1111111111111111,0.26666666666666666,-0.15555555555555556,0.1111111111111111,0.0,0.1111111111111111,0.4727718438101909,0.0,0.4727718438101909,0.3151812292067939,0.2390438247011952,0.07613740450559872,3.08877604622658,3.5697211155378485,-0.48094506931126846,2.763088776046226,4.231075697211155,-1.467986921164929,0.48756218905472637,0.47761194029850745,0.009950248756218916,0.5093283582089552,0.5224820143884892,-0.013153656179534012,6.618805813342672,18.64541832669323,-12.026612513350557,1.4183155314305727,5.856573705179283,-4.438258173748711,2.8366310628611453,3.824701195219123,-0.9880701323579779,6.146033969532481,6.454183266932271,-0.30814929739979036,0.46153846153846156,0.5925925925925926,-0.131054131054131,0.8076923076923077,0.6363636363636364,0.17132867132867136,0.7879530730169848,0.4780876494023904,0.3098654236145944,0.15759061460339696,0.1195219123505976,0.03806870225279936,291.85781824549116,295.57768924302786,-3.7198709975367024,73.43722640518297,110.3187250996016,-36.881498694418624,1.3494339820870431,1.386206896551724,-0.036772914464680895,0.6,0.4,0.19999999999999996,0.4,0.2,0.2,0.8804108584005869,-3.50606394707828,4.3864748054788665,0.6603081438004402,0.0,0.6603081438004402,0.9904622157006603,1.6538037486218302,-0.6633415329211699,0.6603081438004402,0.3307607497243661,0.32954739407607414,161.0,182.0,28.98348357598034,31.57628151159846,-2.592797935618119,74.0,75.0,-1.0,77.0,78.0,-1.0,0.0,0.0,0.0,1.0,0.0,1.0,0.585785033565615,45.38232989945315,0.8821307311465049,1.03150220467678,0.3640363195557233,4.891587563247273,1.3494339820870431,1.386206896551724,2.302585092994046,2.772588722239781,KO,DEC,1,0.40291851192034744,0.09276603625516718,0.5043154518244853
2026-08-22|Shanelle Dyer vs. Elise Reed,UFC Fight Night: Hernandez vs. Rodrigues,2026-08-22T00:00:00+00:00,Shanelle Dyer vs. Elise Reed,Shanelle Dyer,Elise Reed,Shanelle Dyer,KO,1,Women's Strawweight Bout,900,702.0,1.0,9.0,-8.0,1.0,0.4444444444444444,0.5555555555555556,1.0,0.0,1.0,1.0,0.0,1.0,0.0,0.0,0.0,0.0,0.3333333333333333,-0.3333333333333333,0.0,0.2222222222222222,-0.2222222222222222,0.0,0.1537672988211174,-0.1537672988211174,0.0,0.3075345976422348,-0.3075345976422348,7.79840848806366,3.413634033828806,4.384774454234854,4.137931034482759,3.2598667350076886,0.8780642994750703,0.6282051282051282,0.5319488817891374,0.09625624641599084,0.675,0.5174506828528073,0.15754931714719278,14.323607427055704,2.152742183495643,12.17086524356006,0.0,10.763710917478216,-10.763710917478216,2.3872679045092835,0.4613018964633521,1.9259660080459313,2.3872679045092835,0.768836494105587,1.6184314104036965,1.0,0.6,0.4,1.0,0.5306122448979591,0.4693877551020409,0.0,0.0,0.0,0.0,1.0763710917478215,-1.0763710917478215,81.16710875331565,76.42234751409534,4.74476123922031,28.647214854111407,377.03741670937984,-348.39020185526846,,2.1882371198013657,,1.0,0.4,0.6,1.0,0.0,1.0,3.660477453580902,1.0628342245989306,2.5976432289819713,0.0,0.0,0.0,2.3872679045092835,0.0,2.3872679045092835,0.0,0.0,0.0,154.0,462.0,25.33111562865767,33.71184897704949,-8.380733348391821,66.0,63.0,3.0,65.0,63.0,2.0,0.0,0.0,0.0,0.0,1.0,1.0,0.0,168.49877706732724,0.0,1.1205543225247658,0.1279672035606216,0.0,,2.1882371198013657,0.6931471805599453,2.302585092994046,KO,KO,1,0.4510276693906357,0.08183743222449263,0.46713489838487166
2026-08-22|Wes Schultz vs. Jackson McVey,UFC Fight Night: Hernandez vs. Rodrigues,2026-08-22T00:00:00+00:00,Wes Schultz vs. Jackson McVey,Wes Schultz,Jackson McVey,Jackson McVey,KO,0,Middleweight Bout,900,253.0,3.0,2.0,1.0,0.3333333333333333,0.5,-0.16666666666666669,0.3333333333333333,0.5,-0.16666666666666669,0.0,0.0,0.0,0.3333333333333333,0.5,-0.16666666666666669,0.0,0.5,-0.5,0.6666666666666666,0.0,0.6666666666666666,1.2048192771084336,1.0465116279069768,0.1583076492014568,0.0,2.0930232558139537,-2.0930232558139537,6.506024096385542,1.0465116279069768,5.459512468478565,3.373493975903614,1.8837209302325584,1.4897730456710558,0.6923076923076923,0.5,0.1923076923076923,0.23636363636363633,0.3076923076923077,-0.07132867132867138,16.867469879518072,0.0,16.867469879518072,2.4096385542168672,16.74418604651163,-14.334547492294762,0.0,0.0,0.0,1.2048192771084336,9.418604651162791,-8.213785374054357,0.0,0.0,0.0,0.0,0.0,0.0,1.2048192771084336,5.232558139534883,-4.02773886242645,2.4096385542168672,0.0,2.4096385542168672,330.12048192771084,130.8139534883721,199.30652843933873,256.6265060240964,633.139534883721,-376.5130288596246,,,,0.3333333333333333,0.5,-0.16666666666666669,0.3333333333333333,0.5,-0.16666666666666669,3.1325301204819276,-0.8372093023255813,3.9697394228075087,1.2048192771084336,1.0465116279069768,0.1583076492014568,0.0,0.0,0.0,1.2048192771084336,5.232558139534883,-4.02773886242645,119.0,112.0,27.41192495396894,30.03483986666393,-2.6229149126949913,76.0,74.0,2.0,77.0,77.0,0.0,1.0,0.0,0.0,0.0,0.0,0.0,3.7265340431493414,299.2995236760998,1.2048192771084336,0.0,0.6248404470595561,7.509106192210702,,,1.3862943611198906,1.0986122886681096,KO,KO,1,0.44132411013586487,0.33682725926540497,0.22184863059873017
2026-08-29|Alex Perez vs. Sumudaerji,UFC Fight Night: Nurmagomedov vs. Song,2026-08-29T00:00:00+00:00,Alex Perez vs. Sumudaerji,Alex Perez,Sumudaerji,Sumudaerji,DEC,0,Flyweight Bout,900,900.0,10.0,14.0,-4.0,0.6,0.5714285714285714,0.02857142857142858,0.1,0.42857142857142855,-0.3285714285714285,0.1,0.2857142857142857,-0.1857142857142857,0.0,0.14285714285714285,-0.14285714285714285,0.0,0.14285714285714285,-0.14285714285714285,0.3,0.21428571428571427,0.08571428571428572,0.2695821476711098,0.9092439804680922,-0.6396618327969824,0.1347910738355549,0.0,0.1347910738355549,4.4301332933952375,4.404781949823202,0.02535134357203539,2.345364684738655,3.1924566425324126,-0.8470919577937575,0.5056410256410256,0.4678111587982833,0.037829866842742366,0.622286541244573,0.5964240102171137,0.02586253102745939,7.278717987119963,9.39552113150362,-2.116803144383656,8.491837651639958,6.970870516922041,1.5209671347179174,0.6739553691777744,2.273109951170231,-1.5991545819924564,1.8870750336977684,4.69776056575181,-2.810685532054041,0.35714285714285715,0.4838709677419355,-0.12672811059907835,0.72,0.7428571428571429,-0.02285714285714291,0.5391642953422195,0.6061626536453948,-0.06699835830317524,0.5391642953422195,0.4546219902340461,0.08454230510817345,80.87464430133294,253.07290789695236,-172.19826359561944,202.590983974839,88.80282875905034,113.78815521578865,1.551911111111111,0.34939013548593584,1.2025209756251751,0.6,0.4,0.19999999999999996,0.0,0.4,-0.4,2.092660072878709,0.7747816179263197,1.317878454952389,0.0,1.0254462590201292,-1.0254462590201292,0.9370119729307652,1.3672616786935055,-0.43024970576274024,0.4685059864653826,0.0,0.4685059864653826,175.0,217.0,30.607062431124525,34.44013224090844,-3.8330698097839146,68.0,66.0,2.0,72.0,65.0,7.0,1.0,0.0,0.0,0.0,0.0,0.0,0.2695821476711098,58.01771860452465,0.7842802403538364,0.17330280921714197,0.09872725562967903,1.9484674995548443,1.551911111111111,0.34939013548593584,2.3978952727983707,2.70805020110221,DEC,DEC,1,0.33679745276717493,0.1610797947674938,0.5021227524653313
2026-08-29|Aoriqileng vs. Kai Asakura,UFC Fight Night: Nurmagomedov vs. Song,2026-08-29T00:00:00+00:00,Aoriqileng vs. Kai Asakura,Aoriqileng,Kai Asakura,Kai Asakura,KO,0,Bantamweight Bout,900,334.0,3.0,9.0,-6.0,0.3333333333333333,0.4444444444444444,-0.1111111111111111,0.3333333333333333,0.2222222222222222,0.1111111111111111,0.3333333333333333,0.2222222222222222,0.1111111111111111,0.0,0.0,0.0,0.0,0.2222222222222222,-0.2222222222222222,0.6666666666666666,0.0,0.6666666666666666,0.8078994614003591,0.5208333333333333,0.2870661280670258,0.0,0.6944444444444444,-0.6944444444444444,2.531418312387792,4.305555555555555,-1.7741372431677633,3.3393177737881508,5.277777777777778,-1.938460003989627,0.34306569343065696,0.5027027027027027,-0.15963700927204572,0.523076923076923,0.4812286689419796,0.04184825413494342,0.8078994614003591,7.986111111111111,-7.178211649710752,0.8078994614003591,11.805555555555555,-10.997656094155197,0.0,1.2152777777777777,-1.2152777777777777,0.0,2.6041666666666665,-2.6041666666666665,,0.4666666666666667,,0.5,0.5952380952380952,-0.09523809523809523,0.0,0.1736111111111111,-0.1736111111111111,2.423698384201077,0.5208333333333333,1.9028650508677438,22.621184919210055,110.41666666666667,-87.79548174745662,226.21184919210052,314.0625,-87.85065080789948,,1.6094506172839507,,0.3333333333333333,0.4,-0.06666666666666671,0.3333333333333333,0.2,0.1333333333333333,-0.8078994614003591,-0.8031088082901554,-0.004790653110203658,0.8078994614003591,0.7772020725388601,0.030697388861498975,0.0,0.7772020725388601,-0.7772020725388601,0.0,0.38860103626943004,-0.38860103626943004,91.0,91.0,32.827505013792205,33.177957110686734,-0.3504520968945286,68.0,67.0,1.0,69.0,69.0,0.0,0.0,0.0,0.0,0.0,0.0,1.0,1.3689407540394973,10.345601436265708,0.0,0.0,0.033905595451825254,,,1.6094506172839507,1.3862943611198906,2.302585092994046,KO,KO,1,0.3915785379042288,0.06999945986109536,0.5384220022346758
2026-08-29|Bilal Hasan vs. Nilson Rojas,UFC Fight Night: Nurmagomedov vs. Song,2026-08-29T00:00:00+00:00,Bilal Hasan vs. Nilson Rojas,Bilal Hasan,Nilson Rojas,Bilal Hasan,KO,1,Flyweight Bout,900,448.0,0.0,0.0,0.0,,,,,,,,,,,,,,,,,,,,,,,,,,,,,,,,,,,,,,,,,,,,,,,,,,,,,,,,,,,,,,,,,,,,,,,,,,,,,,,,,,,,,,,,,,25.120296789119557,27.357166813829167,-2.23687002470961,,,,,,,0.0,0.0,0.0,0.0,0.0,1.0,,,,,,,,,0.0,0.0,KO,KO,1,0.2651843348434769,0.188576212355696,0.5462394528008272
2026-08-29|Ding Meng vs. Cam Nelson,UFC Fight Night: Nurmagomedov vs. Song,2026-08-29T00:00:00+00:00,Ding Meng vs. Cam Nelson,Ding Meng,Cam Nelson,Cam Nelson,DEC,0,Welterweight Bout,900,900.0,0.0,1.0,-1.0,,0.0,,,0.0,,,0.0,,,0.0,,,0.0,,,0.0,,,0.0,,,0.0,,,4.2,,,4.8,,,0.4315068493150685,,,0.5294117647058824,,,0.0,,,0.0,,,0.0,,,0.0,,,,,,,,,0.0,,,0.0,,,0.0,,,0.0,,,,,,0.0,,,0.0,,,-0.6,,,0.0,,,0.0,,,0.0,,,91.0,,31.92125779447901,,,74.0,,,73.0,,0.0,0.0,0.0,0.0,0.0,0.0,,,,,,,,,0.0,0.6931471805599453,DEC,DEC,0,0.39635480847966736,0.20167385360327822,0.4019713379170544
2026-08-29|Jack Jenkins vs. Sean Woodson,UFC Fight Night: Nurmagomedov vs. Song,2026-08-29T00:00:00+00:00,Jack Jenkins vs. Sean Woodson,Jack Jenkins,Sean Woodson,Sean Woodson,DEC,0,Featherweight Bout,900,900.0,9.0,6.0,3.0,0.7777777777777778,0.6666666666666666,0.11111111111111116,0.2222222222222222,0.16666666666666666,0.05555555555555555,0.2222222222222222,0.16666666666666666,0.05555555555555555,0.0,0.0,0.0,0.1111111111111111,0.16666666666666666,-0.05555555555555555,0.1111111111111111,0.16666666666666666,-0.05555555555555555,0.4151291512915129,0.5904220424229171,-0.17529289113140417,0.0,0.0,0.0,5.977859778597786,4.644653400393615,1.3332063782041708,4.105166051660516,3.293242947736715,0.8119231039238013,0.46618705035971225,0.596964586846543,-0.13077753648683071,0.6065428824049514,0.5795644891122278,0.026978393292723557,0.9686346863468634,9.053137983818063,-8.0845032974712,0.6918819188191881,6.101027771703476,-5.409145852884288,0.6918819188191881,1.5744587797944458,-0.8825768609752577,1.2453874538745386,2.7553028646402797,-1.509915410765741,0.5555555555555556,0.5714285714285714,-0.015873015873015817,0.8695652173913043,0.7,0.16956521739130437,0.2767527675276753,0.19680734747430573,0.07994542005336958,0.2767527675276753,0.7872293898972229,-0.5104766223695476,76.93726937269372,181.84998906625847,-104.91271969356475,146.26383763837637,226.5252569429259,-80.26141930454952,0.9168202764976958,0.4736458586349283,0.4431744178627675,0.8,0.6,0.20000000000000007,0.2,0.2,0.0,1.4877384196185286,1.1598148652327798,0.3279235543857488,0.2452316076294278,0.7350939286686632,-0.4898623210392354,1.2261580381471389,0.9801252382248843,0.24603279992225457,0.0,0.24503130955622107,-0.24503130955622107,504.0,336.0,34.22657549436333,32.81929129277124,1.4072842015920912,74.0,67.0,7.0,78.0,68.0,10.0,0.0,0.0,0.0,0.0,0.0,0.0,0.4151291512915129,6.8783018083843634,0.4946206798608551,0.20756457564575648,0.10700219401056901,0.6624394912219403,0.9168202764976958,0.4736458586349283,2.302585092994046,1.9459101490553132,DEC,DEC,1,0.4686306893716514,0.14300492182049626,0.3883643888078523
2026-08-29|Lawrence Lui vs. Hector Santiago,UFC Fight Night: Nurmagomedov vs. Song,2026-08-29T00:00:00+00:00,Lawrence Lui vs. Hector Santiago,Lawrence Lui,Hector Santiago,Hector Santiago,KO,0,Bantamweight Bout,900,353.0,0.0,1.0,-1.0,,1.0,,,0.0,,,0.0,,,0.0,,,0.0,,,0.0,,,0.0,,,0.0,,,3.4666666666666663,,,3.7333333333333334,,,0.3466666666666667,,,0.552,,,7.0,,,0.0,,,7.0,,,15.0,,,0.4666666666666667,,,,,,0.0,,,0.0,,,299.0,,,14.0,,,,,,1.0,,,0.0,,,-0.26666666666666666,,,0.0,,,7.0,,,0.0,,,210.0,,30.06769475074779,,,67.0,,,72.0,,0.0,0.0,0.0,0.0,0.0,0.0,,,,,,,,,0.0,0.6931471805599453,DEC,KO,0,0.47365714146691645,0.2186911817858215,0.307651676747262
2026-08-29|Liu Ce vs. Levi Rodrigues Jr.,UFC Fight Night: Nurmagomedov vs. Song,2026-08-29T00:00:00+00:00,Liu Ce vs. Levi Rodrigues Jr.,Liu Ce,Levi Rodrigues Jr.,Liu Ce,KO,1,Light Heavyweight Bout,900,266.0,0.0,1.0,-1.0,,0.0,,,0.0,,,0.0,,,0.0,,,1.0,,,0.0,,,0.0,,,0.0,,,1.65,,,5.8500000000000005,,,0.34375,,,0.3035714285714286,,,0.0,,,60.75000000000001,,,0.0,,,0.0,,,,,,0.5,,,0.0,,,0.0,,,0.0,,,519.75,,,,,,0.0,,,0.0,,,-4.2,,,0.0,,,0.0,,,0.0,,,42.0,29.982819633531147,,,,,,,,,0.0,0.0,0.0,0.0,0.0,0.0,,,,,,,,,0.0,0.6931471805599453,KO,KO,1,0.5657671351051666,0.17981480925439697,0.2544180556404364
2026-08-29|Namsrai Batbayar vs. Andre Lima,UFC Fight Night: Nurmagomedov vs. Song,2026-08-29T00:00:00+00:00,Namsrai Batbayar vs. Andre Lima,Namsrai Batbayar,Andre Lima,Andre Lima,SUB,0,Flyweight Bout,900,783.0,4.0,0.0,4.0,0.75,,,0.25,,,0.0,,,0.25,,,0.0,,,0.0,,,0.0,,,0.0,,,3.925394548063128,,,2.6513629842180775,,,0.5560975609756098,,,0.5803814713896458,,,0.5164992826398852,,,0.0,,,1.0329985652797704,,,1.8077474892395982,,,0.5714285714285714,,,0.875,,,0.7747489239598279,,,0.0,,,242.75466284074605,,,19.368723098995698,,,0.5059319541131483,,,0.75,,,0.25,,,1.2740315638450501,,,0.0,,,1.0329985652797704,,,0.7747489239598279,,,70.0,,27.565247746360296,25.66514028351027,1.900107462850027,67.0,64.0,3.0,67.0,68.0,-1.0,0.0,0.0,0.0,0.0,0.0,1.0,,,,,,,0.5059319541131483,,1.6094379124341003,0.0,DEC,SUB,1,0.17949033101618966,0.15601698182744198,0.6644926871563683
2026-08-29|Rei Tsuruya vs. Kevin Borjas,UFC Fight Night: Nurmagomedov vs. Song,2026-08-29T00:00:00+00:00,Rei Tsuruya vs. Kevin Borjas,Rei Tsuruya,Kevin Borjas,Rei Tsuruya,SUB,1,Flyweight Bout,900,254.0,3.0,6.0,-3.0,0.6666666666666666,0.3333333333333333,0.3333333333333333,0.3333333333333333,0.0,0.3333333333333333,0.0,0.0,0.0,0.3333333333333333,0.0,0.3333333333333333,0.0,0.3333333333333333,-0.3333333333333333,0.0,0.0,0.0,0.0,0.5926251097453906,-0.5926251097453906,0.0,0.39508340649692714,-0.39508340649692714,1.980990495247624,3.4899034240561897,-1.5089129288085656,2.281140570285143,5.741878841088674,-3.4607382708035312,0.46153846153846156,0.4233226837060703,0.03821577783239127,0.41984732824427484,0.49537037037037035,-0.07552304212609551,12.156078039019508,0.5926251097453906,11.563452929274117,2.2511255627813904,6.7164179104477615,-4.465292347666371,3.601800900450225,0.0,3.601800900450225,14.4072036018009,2.1729587357330993,12.234244866067801,0.25,0.0,0.25,0.5,0.8095238095238095,-0.30952380952380953,0.4502251125562781,0.0,0.4502251125562781,0.0,0.0,0.0,335.4177088544272,47.410008779631255,288.00770007479593,143.62181090545272,97.585601404741,46.03620950071172,0.9055333333333333,1.4829545454545452,-0.5774212121212119,0.6666666666666666,0.4,0.2666666666666666,0.3333333333333333,0.0,0.3333333333333333,-0.3001500750375187,-1.4770240700218817,1.176873994984363,0.0,0.7385120350109409,-0.7385120350109409,3.601800900450225,0.0,3.601800900450225,0.4502251125562781,0.0,0.4502251125562781,91.0,70.0,24.186670499736476,28.72885822433041,-4.5421877245939335,66.0,65.0,1.0,68.0,68.0,0.0,0.0,0.0,0.0,0.0,0.0,1.0,0.0,93.80137830109084,0.4502251125562781,0.6860573143714713,0.41309614420906676,10.805402701350674,0.9055333333333333,1.4829545454545452,1.3862943611198906,1.9459101490553132,DEC,SUB,1,0.1213576437900129,0.21163302681552187,0.6670093293944652
2026-08-29|Umar Nurmagomedov vs. Song Yadong,UFC Fight Night: Nurmagomedov vs. Song,2026-08-29T00:00:00+00:00,Umar Nurmagomedov vs. Song Yadong,Umar Nurmagomedov,Song Yadong,Song Yadong,KO,0,Bantamweight Bout,1500,408.0,16.0,9.0,7.0,0.75,0.8888888888888888,-0.13888888888888884,0.4375,0.3333333333333333,0.10416666666666669,0.3125,0.1111111111111111,0.2013888888888889,0.125,0.2222222222222222,-0.09722222222222221,0.0625,0.0,0.0625,0.0,0.0,0.0,0.5100388601036269,0.11851461680273902,0.39152424330088786,0.0,0.23702923360547803,-0.23702923360547803,4.507772020725389,3.8635765077692916,0.644195512956097,3.8908678756476682,1.8646299710297605,2.0262379046179078,0.44423168980373384,0.5646651270207852,-0.12043343721705135,0.5564784053156147,0.611842105263158,-0.05536369994754331,5.46470207253886,15.52541480115881,-10.06071272861995,1.675841968911917,0.23702923360547803,1.438812735306439,0.8743523316062176,4.029496971293126,-3.1551446396869083,2.113018134715026,8.651567026599949,-6.538548891884923,0.41379310344827586,0.4657534246575342,-0.051960321209258364,0.7735849056603774,0.7941176470588236,-0.020532741398446186,0.2185880829015544,0.23702923360547803,-0.01844115070392363,0.0,0.11851461680273902,-0.11851461680273902,124.66806994818653,349.02554648406635,-224.3574765358798,55.229922279792746,25.480642612588888,29.749279667203858,1.5185459119496858,1.2217153284671534,0.29683058348253244,0.6,0.8,-0.20000000000000007,0.2,0.0,0.2,-0.037641154328732745,1.2947368421052632,-1.332377996433996,0.0,0.0,0.0,1.317440401505646,3.9473684210526314,-2.6299280195469854,0.18820577164366373,0.0,0.18820577164366373,91.0,217.0,28.739809852358363,30.65360685024333,-1.913796997884969,68.0,68.0,0.0,67.0,69.0,-2.0,0.0,0.0,1.0,0.0,0.0,1.0,0.6309329802230011,6.759996216675013,0.24449396578427748,0.1800137153306918,0.14244183393693682,1.5322658091130033,1.5185459119496858,1.2217153284671534,2.833213344056216,2.302585092994046,DEC,KO,0,0.396501408378178,0.12546590475636726,0.47803268686545475
2026-08-29|Xiao Long vs. Francesco Nuzzi,UFC Fight Night: Nurmagomedov vs. Song,2026-08-29T00:00:00+00:00,Xiao Long vs. Francesco Nuzzi,Xiao Long,Francesco Nuzzi,Francesco Nuzzi,KO,0,Bantamweight Bout,900,60.0,0.0,4.0,-4.0,,0.25,,,0.25,,,0.25,,,0.0,,,0.0,,,0.0,,,0.26564344746162927,,,0.0,,,4.994096812278631,,,4.144037780401416,,,0.45705024311183146,,,0.4657534246575342,,,1.859504132231405,,,0.0,,,0.7969303423848878,,,2.656434474616293,,,0.3,,,0.88,,,0.0,,,0.0,,,125.38370720188901,,,46.48760330578513,,,1.1623351181925035,,,0.25,,,0.25,,,0.8500590318772137,,,0.26564344746162927,,,0.7969303423848878,,,0.0,,,175.0,30.001984982580066,28.37840612743588,1.623578855144185,,68.0,,,70.0,,0.0,0.0,0.0,0.0,0.0,0.0,,,,,,,,1.1623351181925035,0.0,1.6094379124341003,DEC,KO,0,0.40834490206761087,0.2002138251008395,0.3914412728315496
2026-08-29|Xiong Jingnan vs. Julia Polastri,UFC Fight Night: Nurmagomedov vs. Song,2026-08-29T00:00:00+00:00,Xiong Jingnan vs. Julia Polastri,Xiong Jingnan,Julia Polastri,Julia Polastri,KO,0,Women's Strawweight Bout,900,186.0,5.0,1.0,4.0,0.4,0.0,0.4,0.2,0.0,0.2,0.2,0.0,0.2,0.0,0.0,0.0,0.0,0.0,0.0,0.0,0.0,0.0,0.0,0.0,0.0,0.0,0.0,0.0,6.224862888482632,4.533333333333333,1.691529555149299,5.210237659963437,8.133333333333335,-2.9230956733698976,0.5805626598465473,0.3434343434343434,0.2371283164122039,0.580110497237569,0.3807106598984772,0.19939983733909183,5.141681901279707,0.0,5.141681901279707,2.056672760511883,0.0,2.056672760511883,0.6170018281535649,0.0,0.6170018281535649,0.8226691042047531,0.0,0.8226691042047531,0.75,,,0.6153846153846154,0.75,-0.13461538461538458,0.20566727605118829,0.0,0.20566727605118829,0.0,1.0,-1.0,110.23765996343693,7.0,103.23765996343693,203.8162705667276,126.00000000000001,77.8162705667276,1.1641365202411715,,,0.4,0.0,0.4,0.2,0.0,0.2,1.0146252285191957,-3.5999999999999996,4.614625228519195,0.0,0.0,0.0,0.6170018281535649,0.0,0.6170018281535649,0.20566727605118829,0.0,0.20566727605118829,126.0,91.0,28.48518450070843,38.62912996160085,-10.143945460892422,62.0,,,63.0,,,0.0,0.0,0.0,0.0,1.0,0.0,0.0,5.141681901279707,0.41133455210237657,0.15425045703839121,0.1396343692870201,0.20566727605118829,1.1641365202411715,,1.791759469228055,0.6931471805599453,DEC,KO,1,0.1510720323044945,0.025174367684431608,0.8237536000110739
2026-08-29|Yan Xiaonan vs. Denise Gomes,UFC Fight Night: Nurmagomedov vs. Song,2026-08-29T00:00:00+00:00,Yan Xiaonan vs. Denise Gomes,Yan Xiaonan,Denise Gomes,Denise Gomes,KO,0,Women's Strawweight Bout,900,289.0,8.0,13.0,-5.0,0.75,0.6923076923076923,0.05769230769230771,0.375,0.07692307692307693,0.2980769230769231,0.375,0.07692307692307693,0.2980769230769231,0.0,0.0,0.0,0.0,0.07692307692307693,-0.07692307692307693,0.0,0.0,0.0,0.5082831325301205,0.15360983102918588,0.35467330150093457,0.0,0.0,0.0,4.021084337349397,4.690220174091142,-0.6691358367417441,3.072289156626506,3.2309267793138763,-0.15863762268737025,0.5144508670520231,0.45123152709359604,0.0632193399584271,0.45708582834331335,0.6026448362720402,-0.1455590079287269,8.471385542168676,4.147465437788019,4.323920104380657,5.082831325301205,8.832565284178187,-3.7497339588769822,1.694277108433735,0.8448540706605223,0.8494230377732126,4.913403614457832,1.152073732718894,3.761329881738938,0.3448275862068966,0.7333333333333333,-0.3885057471264367,0.6590909090909092,0.6491228070175439,0.009968102073365293,0.8471385542168675,0.0,0.8471385542168675,0.0,0.6912442396313364,-0.6912442396313364,272.609186746988,73.04147465437788,199.5677120926101,249.56701807228913,264.7465437788018,-15.179525706512692,0.7427737226277372,1.34014598540146,-0.5973722627737227,0.8,0.6,0.20000000000000007,0.2,0.2,0.0,0.8702290076335878,0.8744939271255061,-0.0042649194919183175,0.22900763358778625,0.3643724696356275,-0.13536483604784127,1.6030534351145038,0.5465587044534413,1.0564947306610626,0.4580152671755725,0.0,0.4580152671755725,294.0,504.0,26.664476341061075,37.20268041095984,-10.538204069898768,62.0,65.0,-3.0,63.0,63.0,0.0,0.0,0.0,0.0,0.0,1.0,1.0,0.5082831325301205,83.29545139081674,1.4327181999888956,0.5944831959416613,0.39200075069864715,3.2191265060240966,0.7427737226277372,1.34014598540146,2.1972245773362196,2.639057329615259,DEC,KO,1,0.18481379381929694,0.17516271399203084,0.6400234921886723
2026-09-05|Dan Hooker vs. Salahdine Parnasse,UFC Fight Night: Hooker vs. Parnasse,2026-09-05T00:00:00+00:00,Dan Hooker vs. Salahdine Parnasse,Dan Hooker,Salahdine Parnasse,Salahdine Parnasse,KO,0,Lightweight Bout,1500,155.0,0.0,24.0,-24.0,,0.5833333333333334,,,0.375,,,0.2916666666666667,,,0.08333333333333333,,,0.16666666666666666,,,0.08333333333333333,,,0.5552508911434055,,,0.12338908692075679,,,4.81628735947354,,,4.939676446394297,,,0.48690228690228693,,,0.49110169491525424,,,5.120647107211407,,,9.315876062517138,,,0.6786399780641623,,,2.0359199341924867,,,0.3333333333333333,,,0.7714285714285715,,,0.5552508911434055,,,1.0488072388264327,,,157.93803125856869,,,133.75377022210037,,,1.2655782455771956,,,0.6,,,0.2,,,-0.853410740203193,,,0.5224963715529752,,,0.0,,,1.567489114658926,,,217.0,28.75349938739331,36.55927226431754,-7.805772876924234,,72.0,,,75.0,,0.0,0.0,1.0,0.0,0.0,0.0,,,,,,,,1.2655782455771956,0.0,3.2188758248682006,KO,KO,0,0.6013325601696997,0.15612186856828464,0.2425455712620157
2026-09-05|Daniil Donchenko vs. Punahele Soriano,UFC Fight Night: Hooker vs. Parnasse,2026-09-05T00:00:00+00:00,Daniil Donchenko vs. Punahele Soriano,Daniil Donchenko,Punahele Soriano,Daniil Donchenko,DEC,1,Welterweight Bout,900,900.0,3.0,11.0,-8.0,1.0,0.6363636363636364,0.36363636363636365,0.6666666666666666,0.36363636363636365,0.303030303030303,0.6666666666666666,0.36363636363636365,0.303030303030303,0.0,0.0,0.0,0.0,0.09090909090909091,-0.09090909090909091,0.0,0.09090909090909091,-0.09090909090909091,2.3047375160051216,0.8446738620366026,1.460063653968519,0.0,0.14077897700610043,-0.14077897700610043,8.066581306017927,4.598779915532614,3.467801390485313,2.804097311139565,3.43500703894885,-0.6309097278092852,0.6231454005934718,0.56,0.06314540059347173,0.7032520325203252,0.4748923959827833,0.22835963653754188,12.099871959026888,32.0976067573909,-19.99773479836401,0.0,1.1262318160488034,-1.1262318160488034,0.5761843790012804,1.8301267010793054,-1.253942322078025,1.7285531370038412,3.801032379164711,-2.0724792421608695,0.3333333333333333,0.48148148148148145,-0.14814814814814814,0.75,0.4878048780487805,0.2621951219512195,0.0,0.14077897700610043,-0.14077897700610043,0.0,0.985452839042703,-0.985452839042703,132.5224071702945,275.50445800093854,-142.98205083064403,45.51856594110115,156.54622243078367,-111.02765648968253,,0.8400000000000001,,1.0,0.8,0.19999999999999996,0.6666666666666666,0.2,0.4666666666666666,5.2624839948783615,2.6882048156049985,2.574279179273363,2.3047375160051216,0.27430661383724475,2.030430902167877,0.5761843790012804,3.291679366046937,-2.7154949870456564,0.0,0.27430661383724475,-0.27430661383724475,70.0,196.0,25.087441905035696,33.785772466238186,-8.69833056120249,71.0,71.0,0.0,71.0,72.0,-1.0,0.0,1.0,0.0,0.0,0.0,0.0,2.629196105775904,25.727132729399735,0.0,0.2951188282689485,0.17285931936198626,1.3145980528879522,,0.8400000000000001,1.3862943611198906,2.4849066497880004,KO,DEC,1,0.4569752619450722,0.07149513698009288,0.4715296010748349
2026-09-05|Delphine Benouaich vs. Sofia Montenegro,UFC Fight Night: Hooker vs. Parnasse,2026-09-05T00:00:00+00:00,Delphine Benouaich vs. Sofia Montenegro,Delphine Benouaich,Sofia Montenegro,Delphine Benouaich,SUB,1,Women's Strawweight Bout,900,562.0,0.0,0.0,0.0,,,,,,,,,,,,,,,,,,,,,,,,,,,,,,,,,,,,,,,,,,,,,,,,,,,,,,,,,,,,,,,,,,,,,,,,,,,,,,,,,,,,,,,,,,31.46128941730494,27.217533556472755,4.243755860832184,,66.0,,,67.0,,0.0,0.0,0.0,0.0,1.0,0.0,,,,,,,,,0.0,0.0,DEC,SUB,0,0.3087450261691254,0.3538754160568968,0.33737955777397777
2026-09-05|Fares Ziam vs. Axel Sola,UFC Fight Night: Hooker vs. Parnasse,2026-09-05T00:00:00+00:00,Fares Ziam vs. Axel Sola,Fares Ziam,Axel Sola,Axel Sola,KO,0,Lightweight Bout,900,100.0,3.0,11.0,-8.0,0.6666666666666666,0.7272727272727273,-0.06060606060606066,0.6666666666666666,0.18181818181818182,0.4848484848484848,0.3333333333333333,0.18181818181818182,0.1515151515151515,0.3333333333333333,0.0,0.3333333333333333,0.0,0.0,0.0,0.0,0.09090909090909091,-0.09090909090909091,0.944386149003148,0.20668274199104375,0.7377034070121042,0.0,0.0,0.0,4.501573976915005,2.679986221150534,1.8215877557644715,4.53305351521511,1.584567688598002,2.9484858266171083,0.5035211267605634,0.5242587601078167,-0.020737633347253315,0.6149732620320856,0.6377952755905512,-0.02282201355846558,4.721930745015739,7.13055459869101,-2.4086238536752704,0.472193074501574,3.823630726834309,-3.3514376523327347,1.888772298006296,1.8601446779193938,0.028627620086902228,5.194123819517314,4.3403375818119185,0.8537862377053953,0.36363636363636365,0.42857142857142855,-0.0649350649350649,0.6666666666666667,0.7083333333333333,-0.04166666666666652,0.472193074501574,0.5167068549776094,-0.04451378047603538,0.0,0.3100241129865656,-0.3100241129865656,211.07030430220357,244.9190492593868,-33.84874495718324,60.44071353620147,303.41026524285223,-242.96955170665075,1.690529641639644,0.7284218689414501,0.9621077726981939,0.6666666666666666,0.8,-0.13333333333333341,0.6666666666666666,0.4,0.2666666666666666,-0.031479538300104935,1.4124570868072586,-1.4439366251073635,0.944386149003148,0.4413928396272683,0.5029933093758797,1.888772298006296,2.8690534575772437,-0.9802811595709477,0.472193074501574,1.1034820990681706,-0.6312890245665966,42.0,91.0,28.96705613393841,29.459879395196342,-0.4928232612579322,74.0,73.0,1.0,74.0,75.0,-1.0,1.0,0.0,0.0,0.0,0.0,0.0,0.944386149003148,22.77685023164154,0.6185843135823238,0.5508919202518364,0.31358539615457326,5.013249310786431,1.690529641639644,0.7284218689414501,1.3862943611198906,2.4849066497880004,DEC,KO,0,0.30697847189303473,0.22539141008689356,0.4676301180200717
2026-09-05|Kurtis Campbell vs. Trevor Peek,UFC Fight Night: Hooker vs. Parnasse,2026-09-05T00:00:00+00:00,Kurtis Campbell vs. Trevor Peek,Kurtis Campbell,Trevor Peek,Kurtis Campbell,SUB,1,Featherweight Bout,900,787.0,1.0,5.0,-4.0,0.0,0.4,-0.4,0.0,0.2,-0.2,0.0,0.2,-0.2,0.0,0.0,0.0,1.0,0.0,1.0,0.0,0.0,0.0,0.0,0.4616568350859194,-0.4616568350859194,5.438066465256798,0.0,5.438066465256798,3.081570996978852,4.0779687099256225,-0.9963977129467705,2.900302114803625,3.3393177737881508,-0.43901565898452555,0.4146341463414634,0.517578125,-0.1029439786585366,0.5,0.46287128712871284,0.03712871287128716,0.0,3.2315978456014363,-3.2315978456014363,2.719033232628399,3.6932546806873554,-0.9742214480589566,5.438066465256798,1.3849705052577586,4.053095959999039,13.595166163141995,2.769941010515517,10.825225152626478,0.4,0.5,-0.09999999999999998,0.0,0.5319148936170213,-0.5319148936170213,0.0,0.0,0.0,0.0,0.4616568350859194,-0.4616568350859194,315.4078549848943,146.34521672223647,169.06263826265783,176.7371601208459,305.8476532444216,-129.1104931235757,,0.5650992063492064,,0.0,0.4,-0.4,0.0,0.2,-0.2,0.18126888217522658,0.7386509361374712,-0.5573820539622447,0.0,0.4616568350859194,-0.4616568350859194,5.438066465256798,1.3849705052577586,4.053095959999039,0.0,0.0,0.0,168.0,728.0,24.10453328952682,31.655680814801126,-7.551147525274306,69.0,69.0,0.0,72.0,70.0,2.0,0.0,0.0,0.0,0.0,0.0,1.0,0.0,0.0,0.0,2.5454779199074373,0.4695479280844341,8.157099697885197,,0.5650992063492064,0.6931471805599453,1.791759469228055,DEC,SUB,1,0.170186208227481,0.19441776917777234,0.6353960225947466
2026-09-05|Losene Keita vs. Muhammad Naimov,UFC Fight Night: Hooker vs. Parnasse,2026-09-05T00:00:00+00:00,Losene Keita vs. Muhammad Naimov,Losene Keita,Muhammad Naimov,Losene Keita,KO,1,Featherweight Bout,900,174.0,1.0,7.0,-6.0,0.0,0.7142857142857143,-0.7142857142857143,0.0,0.2857142857142857,-0.2857142857142857,0.0,0.2857142857142857,-0.2857142857142857,0.0,0.0,0.0,0.0,0.14285714285714285,-0.14285714285714285,0.0,0.14285714285714285,-0.14285714285714285,0.0,0.19915910599690198,-0.19915910599690198,0.0,0.19915910599690198,-0.19915910599690198,3.4666666666666663,2.3235229032971896,1.1431437633694768,4.466666666666666,2.8546138526222617,1.6120528140444041,0.4369747899159664,0.4050925925925926,0.03188219732337377,0.6235955056179776,0.4473007712082262,0.1762947344097514,0.0,4.779818543925647,-4.779818543925647,0.0,1.9915910599690196,-1.9915910599690196,0.0,1.7924319539721179,-1.7924319539721179,0.0,5.178136755919451,-5.178136755919451,,0.34615384615384615,,1.0,0.7352941176470589,0.2647058823529411,0.0,0.19915910599690198,-0.19915910599690198,0.0,0.19915910599690198,-0.19915910599690198,0.0,240.38504093826066,-240.38504093826066,0.0,191.5910599690197,-191.5910599690197,,0.8415480102227091,,0.0,0.6,-0.6,0.0,0.2,-0.2,-1.0,-0.5159235668789809,-0.4840764331210191,0.0,0.0,0.0,0.0,1.4331210191082804,-1.4331210191082804,0.0,0.28662420382165604,-0.28662420382165604,168.0,273.0,28.682313805211606,32.080056400884345,-3.3977425956727387,68.0,69.0,-1.0,72.0,70.0,2.0,0.0,0.0,0.0,0.0,0.0,1.0,0.0,0.0,0.0,0.0,0.0,,,0.8415480102227091,0.6931471805599453,2.0794415416798357,DEC,KO,1,0.4472566600620459,0.0672856361740113,0.4854577037639428
2026-09-05|Mario Pinto vs. Ryan Spann,UFC Fight Night: Hooker vs. Parnasse,2026-09-05T00:00:00+00:00,Mario Pinto vs. Ryan Spann,Mario Pinto,Ryan Spann,Mario Pinto,KO,1,Heavyweight Bout,900,355.0,3.0,16.0,-13.0,1.0,0.625,0.375,0.6666666666666666,0.5,0.16666666666666663,0.6666666666666666,0.25,0.41666666666666663,0.0,0.25,-0.25,0.0,0.1875,-0.1875,0.0,0.125,-0.125,0.5030743432084964,0.9113924050632912,-0.4083180618547948,0.5030743432084964,0.6075949367088608,-0.10452059350036436,2.5489100055897147,3.078481012658228,-0.5295710070685131,1.8110676355505868,3.848101265822785,-2.037033630272198,0.6666666666666666,0.3948051948051948,0.2718614718614718,0.578125,0.43620178041543023,0.14192321958456977,14.086081609837898,9.569620253164556,4.516461356673341,0.0,9.873417721518988,-9.873417721518988,2.5153717160424818,1.2151898734177216,1.3001818426247602,9.558412520961431,3.4936708860759493,6.064741634885482,0.2631578947368421,0.34782608695652173,-0.08466819221967964,1.0,0.5806451612903225,0.4193548387096775,1.0061486864169928,1.518987341772152,-0.5128386553551592,0.0,0.759493670886076,-0.759493670886076,423.0855226383454,211.74683544303798,211.33868719530744,31.190609278926775,143.39240506329116,-112.20179578436439,,1.6142857142857143,,1.0,0.6,0.4,0.6666666666666666,0.6,0.06666666666666665,0.737842370039128,-1.587837837837838,2.325680207876966,0.5030743432084964,0.5067567567567568,-0.003682413548260377,2.5153717160424818,1.0135135135135136,1.5018582025289682,1.0061486864169928,2.027027027027027,-1.0208783406100344,168.0,133.0,28.479708686694455,35.03425806142494,-6.554549374730488,77.0,77.0,0.0,79.0,79.0,0.0,0.0,0.0,0.0,1.0,0.0,1.0,0.8087397669301145,153.1638494031741,1.770312245721038,1.0548333002758796,0.5449928654482503,17.741330635175583,,1.6142857142857143,1.3862943611198906,2.833213344056216,KO,KO,1,0.6105863136805184,0.06718966820472994,0.32222401811475165
2026-09-05|Matthieu Duclos vs. Luis Felipe Dias,UFC Fight Night: Hooker vs. Parnasse,2026-09-05T00:00:00+00:00,Matthieu Duclos vs. Luis Felipe Dias,Matthieu Duclos,Luis Felipe Dias,Matthieu Duclos,KO,1,Middleweight Bout,900,275.0,0.0,1.0,-1.0,,1.0,,,1.0,,,1.0,,,0.0,,,0.0,,,0.0,,,4.090909090909091,,,0.0,,,5.7272727272727275,,,2.7272727272727275,,,0.525,,,0.6,,,12.272727272727272,,,0.0,,,0.0,,,0.0,,,,,,,,,0.0,,,0.0,,,12.272727272727272,,,0.0,,,,,,1.0,,,1.0,,,3.0,,,4.090909090909091,,,0.0,,,0.0,,,98.0,31.422958719207102,31.633777558745216,-0.21081883953811342,75.0,,,77.0,,,0.0,0.0,0.0,0.0,0.0,0.0,,,,,,,,,0.0,0.6931471805599453,KO,KO,0,0.536683463197874,0.12192814695492449,0.34138838984720155
2026-09-05|Michael Aljarouj vs. Fabia Sintes,UFC Fight Night: Hooker vs. Parnasse,2026-09-05T00:00:00+00:00,Michael Aljarouj vs. Fabia Sintes,Michael Aljarouj,Fabia Sintes,Fabia Sintes,DEC,0,Flyweight Bout,900,900.0,0.0,0.0,0.0,,,,,,,,,,,,,,,,,,,,,,,,,,,,,,,,,,,,,,,,,,,,,,,,,,,,,,,,,,,,,,,,,,,,,,,,,,,,,,,,,,,,,,,,,,32.11017337796122,29.0409796231271,3.0691937548341173,,,,,,,0.0,0.0,0.0,0.0,0.0,1.0,,,,,,,,,0.0,0.0,DEC,DEC,0,0.3340846536929607,0.1526849991176522,0.5132303471893872
2026-09-05|Michael Page vs. Nursulton Ruziboev,UFC Fight Night: Hooker vs. Parnasse,2026-09-05T00:00:00+00:00,Michael Page vs. Nursulton Ruziboev,Michael Page,Nursulton Ruziboev,Michael Page,DEC,1,Middleweight Bout,900,900.0,5.0,6.0,-1.0,0.8,0.8333333333333334,-0.033333333333333326,0.0,0.6666666666666666,-0.6666666666666666,0.0,0.5,-0.5,0.0,0.16666666666666666,-0.16666666666666666,0.0,0.0,0.0,0.0,0.0,0.0,0.0,1.0204081632653061,-1.0204081632653061,0.0,0.3401360544217687,-0.3401360544217687,2.1466666666666665,2.380952380952381,-0.23428571428571443,1.5733333333333335,2.675736961451247,-1.1024036281179137,0.5649122807017544,0.4646017699115044,0.10031051079024994,0.6168831168831168,0.49356223175965663,0.12332088512346018,0.6,7.482993197278911,-6.882993197278911,3.6,24.489795918367346,-20.889795918367344,0.0,1.3605442176870748,-1.3605442176870748,1.0,1.7006802721088436,-0.7006802721088436,0.0,0.8,-0.8,0.6842105263157895,0.33333333333333337,0.3508771929824561,0.0,0.3401360544217687,-0.3401360544217687,0.6,0.6802721088435374,-0.08027210884353742,55.0,144.21768707482994,-89.21768707482994,282.4,218.02721088435374,64.37278911564624,1.1249999999999998,1.2227884615384612,-0.09778846153846144,0.8,0.8,0.0,0.0,0.6,-0.6,0.5733333333333333,-0.37368625924484233,0.9470195925781756,0.0,1.050992604126119,-1.050992604126119,0.0,1.050992604126119,-1.050992604126119,0.0,0.35033086804203967,-0.35033086804203967,168.0,70.0,39.41490927260656,32.794650129708344,6.620259142898213,75.0,77.0,-2.0,79.0,76.0,3.0,0.0,0.0,0.0,0.0,0.0,0.0,0.0,15.293877551020406,0.0,0.0,0.07591542789955488,1.3401360544217686,1.1249999999999998,1.2227884615384612,1.791759469228055,1.9459101490553132,DEC,DEC,1,0.36535819638988354,0.10305798291405982,0.5315838206960566
2026-09-05|Morgan Charriere vs. Felipe Lima,UFC Fight Night: Hooker vs. Parnasse,2026-09-05T00:00:00+00:00,Morgan Charriere vs. Felipe Lima,Morgan Charriere,Felipe Lima,Felipe Lima,DEC,0,Featherweight Bout,900,900.0,3.0,6.0,-3.0,0.6666666666666666,0.5,0.16666666666666663,0.3333333333333333,0.5,-0.16666666666666669,0.0,0.5,-0.5,0.3333333333333333,0.0,0.3333333333333333,0.0,0.16666666666666666,-0.16666666666666666,0.0,0.0,0.0,0.0,0.8826413860738803,-0.8826413860738803,0.0,0.5884275907159202,-0.5884275907159202,2.860606060606061,4.020921869892121,-1.1603158092860606,2.909090909090909,4.511278195488721,-1.602187286397812,0.45038167938931295,0.5,-0.04961832061068705,0.6470588235294117,0.5390781563126252,0.10798066721678645,0.7272727272727273,2.9421379535796013,-2.214865226306874,8.0,4.707420725727362,3.2925792742726383,2.1818181818181817,2.059496567505721,0.1223216143124608,8.0,4.413206930369402,3.5867930696305983,0.2727272727272727,0.4666666666666667,-0.19393939393939397,0.8571428571428572,0.8333333333333334,0.023809523809523836,0.7272727272727273,0.2942137953579601,0.4330589319147672,0.0,0.2942137953579601,-0.2942137953579601,161.45454545454544,183.5894083033671,-22.134862848821655,196.36363636363635,108.56489048708728,87.79874587654906,0.6060606060606061,0.8931419457735248,-0.2870813397129187,0.6666666666666666,0.4,0.2666666666666666,0.3333333333333333,0.4,-0.06666666666666671,-0.048484848484848485,-0.891089108910891,0.8426042604260425,0.0,0.6364922206506365,-0.6364922206506365,2.1818181818181817,2.227722772277228,-0.04590459045904627,0.7272727272727273,0.31824611032531824,0.40902661694740905,434.0,266.0,28.331861708317078,30.861687782774457,-2.529826074457379,66.0,68.0,-2.0,68.0,69.0,-1.0,0.0,0.0,0.0,0.0,0.0,1.0,0.0,4.150851436892626,0.9412463966239709,0.36363636363636354,0.20103380982099517,7.529971172991767,0.6060606060606061,0.8931419457735248,1.3862943611198906,1.9459101490553132,DEC,DEC,1,0.22102172225115052,0.21270332395582964,0.5662749537930198
2026-09-05|Nathaniel Wood vs. Pavel Andrusca,UFC Fight Night: Hooker vs. Parnasse,2026-09-05T00:00:00+00:00,Nathaniel Wood vs. Pavel Andrusca,Nathaniel Wood,Pavel Andrusca,Pavel Andrusca,DEC,0,Featherweight Bout,900,900.0,0.0,14.0,-14.0,,0.7857142857142857,,,0.21428571428571427,,,0.0,,,0.21428571428571427,,,0.07142857142857142,,,0.0,,,0.3957087583538516,,,0.23742525501231096,,,5.6401688357368975,,,4.252550123109391,,,0.5112386417981827,,,0.5448898927159797,,,6.489623637003166,,,4.431938093563137,,,1.3454097784030952,,,2.769961308476961,,,0.4857142857142857,,,0.7333333333333334,,,0.4748505100246219,,,0.07914175167077031,,,133.98698557861414,,,127.25993668659865,,,1.2123744369818412,,,0.8,,,0.0,,,0.6133333333333334,,,0.6,,,0.8,,,0.4,,,168.0,24.32904166409988,33.3285419960711,-8.999500331971223,,66.0,,,69.0,,0.0,0.0,0.0,0.0,0.0,1.0,,,,,,,,1.2123744369818412,0.0,2.70805020110221,DEC,DEC,0,0.44537226259748,0.19222329626085397,0.36240444114166603
2026-09-05|Nora Cornolle vs. Klaudia Sygula,UFC Fight Night: Hooker vs. Parnasse,2026-09-05T00:00:00+00:00,Nora Cornolle vs. Klaudia Sygula,Nora Cornolle,Klaudia Sygula,Nora Cornolle,DEC,1,Women's Bantamweight Bout,900,900.0,6.0,3.0,3.0,0.5,0.6666666666666666,-0.16666666666666663,0.3333333333333333,0.0,0.3333333333333333,0.16666666666666666,0.0,0.16666666666666666,0.16666666666666666,0.0,0.16666666666666666,0.0,0.3333333333333333,-0.3333333333333333,0.16666666666666666,0.0,0.16666666666666666,0.22156573116691286,0.0,0.22156573116691286,0.0,0.0,0.0,2.7326440177252582,7.2660550458715605,-4.533411028146302,2.0384047267355982,5.5045871559633035,-3.4661824292277053,0.5505952380952381,0.48175182481751827,0.06884341327771987,0.5619047619047619,0.562363238512035,-0.0004584766072730506,0.4431314623338257,1.2385321100917432,-0.7954006477579175,5.982274741506647,11.972477064220184,-5.990202322713538,0.22156573116691286,0.41284403669724773,-0.19127830553033487,1.9940915805022157,3.302752293577982,-1.3086607130757661,0.1111111111111111,0.125,-0.013888888888888895,0.47619047619047616,0.4,0.07619047619047614,0.22156573116691286,0.0,0.22156573116691286,0.8862629246676514,0.0,0.8862629246676514,113.6632200886263,82.1559633027523,31.507256785874006,472.5997045790251,117.66055045871559,354.9391541203095,0.9361702127659574,0.8414634146341464,0.09470679813181093,0.4,0.6666666666666666,-0.2666666666666666,0.4,0.0,0.4,0.47438330170777987,1.761467889908257,-1.287084588200477,0.2846299810246679,0.0,0.2846299810246679,0.2846299810246679,0.41284403669724773,-0.12821405567257982,0.2846299810246679,0.0,0.2846299810246679,196.0,210.0,36.74818784779975,27.6829777476608,9.065210100138948,67.0,68.0,-1.0,67.0,69.0,-2.0,0.0,0.0,0.0,0.0,1.0,1.0,0.22156573116691286,5.748512731559905,0.22156573116691286,0.1329394387001477,0.1428031791633353,1.7725258493353027,0.9361702127659574,0.8414634146341464,1.9459101490553132,1.3862943611198906,DEC,DEC,0,0.17702262864443388,0.1859057406320029,0.6370716307235632
2026-09-05|Oumar Sy vs. Modestas Bukauskas,UFC Fight Night: Hooker vs. Parnasse,2026-09-05T00:00:00+00:00,Oumar Sy vs. Modestas Bukauskas,Oumar Sy,Modestas Bukauskas,Modestas Bukauskas,KO,0,Light Heavyweight Bout,900,537.0,13.0,5.0,8.0,0.6153846153846154,0.6,0.015384615384615441,0.3076923076923077,0.4,-0.09230769230769231,0.23076923076923078,0.2,0.03076923076923077,0.07692307692307693,0.2,-0.12307692307692308,0.3076923076923077,0.0,0.3076923076923077,0.0,0.2,-0.2,0.11457670273711013,0.0,0.11457670273711013,0.5728835136855506,0.0,0.5728835136855506,3.1394016549968176,3.409887115609186,-0.27048546061236856,3.8574156588160404,1.8684312962242118,1.9889843625918286,0.43036649214659684,0.48344370860927155,-0.053077216462674714,0.5053868756121449,0.6680497925311204,-0.1626629169189755,2.1769573520050924,4.554301284546516,-2.3773439325414234,1.031190324633991,1.050992604126119,-0.019802279492127983,0.22915340547422025,2.4523160762942777,-2.2231626708200576,0.3437301082113304,7.006617360840794,-6.662887252629464,0.6666666666666666,0.35,0.31666666666666665,0.8214285714285714,0.6666666666666667,0.15476190476190466,0.11457670273711013,0.35033086804203967,-0.23575416530492954,0.0,0.35033086804203967,-0.35033086804203967,98.65054105665182,305.1381860646166,-206.48764500796477,134.7422024188415,55.702608018684316,79.03959440015717,1.0578236164828343,1.3839617486338798,-0.3261381321510455,0.8,0.6,0.20000000000000007,0.4,0.4,0.0,-0.44103547459252157,1.5414558193849748,-1.9824912939774963,0.28763183125599234,0.0,0.28763183125599234,0.0,2.4523160762942777,-2.4523160762942777,0.0,0.35033086804203967,-0.35033086804203967,112.0,175.0,32.5674038481283,30.790502200592755,1.7769016475355457,75.0,76.0,-1.0,76.0,83.0,-7.0,0.0,0.0,0.0,0.0,0.0,0.0,0.11457670273711013,4.464923428460424,0.15471645846439666,0.07638446849140673,0.11639577700036598,0.15471645846439666,1.0578236164828343,1.3839617486338798,2.639057329615259,1.791759469228055,KO,KO,0,0.4389388599655258,0.1130400582363576,0.4480210817981166
2026-09-19|Alonzo Menifield vs. Iwo Baraniewski,UFC 331: Van vs. Pantoja 2,2026-09-19T00:00:00+00:00,Alonzo Menifield vs. Iwo Baraniewski,Alonzo Menifield,Iwo Baraniewski,Alonzo Menifield,DEC,1,Light Heavyweight Bout,900,900.0,17.0,3.0,14.0,0.6470588235294118,1.0,-0.3529411764705882,0.4117647058823529,1.0,-0.5882352941176471,0.29411764705882354,1.0,-0.7058823529411764,0.11764705882352941,0.0,0.11764705882352941,0.23529411764705882,0.0,0.23529411764705882,0.0,0.0,0.0,0.5563798219584569,17.821782178217823,-17.265402356259365,0.5563798219584569,4.455445544554456,-3.899065722595999,3.8353115727002964,11.287128712871286,-7.45181714017099,4.102373887240356,8.91089108910891,-4.808517201868554,0.5227502527805864,0.5671641791044776,-0.044413926323891184,0.5119152691968226,0.5384615384615384,-0.026546269264715816,5.3412462908011875,89.10891089108911,-83.76766460028793,1.3353115727002969,0.0,1.3353115727002969,0.5563798219584569,0.0,0.5563798219584569,1.5578635014836795,8.910891089108912,-7.353027587625232,0.35714285714285715,0.0,0.35714285714285715,0.8837209302325582,1.0,-0.11627906976744184,0.22255192878338279,0.0,0.22255192878338279,0.0,0.0,0.0,206.973293768546,142.5742574257426,64.39903634280341,130.19287833827894,26.73267326732673,103.46020507095221,1.229979797979798,,,0.6,1.0,-0.4,0.2,1.0,-0.8,-0.75,2.376237623762376,-3.126237623762376,0.6818181818181818,17.821782178217823,-17.13996399639964,0.0,0.0,0.0,0.0,0.0,0.0,112.0,105.0,38.922086011348625,27.83082472603818,11.091261285310445,72.0,72.0,0.0,76.0,73.0,3.0,0.0,0.0,0.0,0.0,0.0,1.0,3.035299820783265,5.3412462908011875,0.22255192878338279,0.0,0.23680112818403504,1.0014836795252224,1.229979797979798,,2.8903717578961645,1.3862943611198906,KO,DEC,0,0.46112285655213625,0.0925130053490335,0.44636413809883024
2026-09-19|Arman Tsarukyan vs. Mauricio Ruffy,UFC 331: Van vs. Pantoja 2,2026-09-19T00:00:00+00:00,Arman Tsarukyan vs. Mauricio Ruffy,Arman Tsarukyan,Mauricio Ruffy,Arman Tsarukyan,KO,1,Lightweight Bout,1500,296.0,12.0,6.0,6.0,0.8333333333333334,0.8333333333333334,0.0,0.4166666666666667,0.6666666666666666,-0.24999999999999994,0.3333333333333333,0.6666666666666666,-0.3333333333333333,0.08333333333333333,0.0,0.08333333333333333,0.0,0.0,0.0,0.0,0.16666666666666666,-0.16666666666666666,0.30581039755351686,2.0579268292682924,-1.7521164317147755,0.0,0.0,0.0,3.853211009174312,4.001524390243903,-0.1483133810695909,1.8008834522595991,3.75,-1.9491165477404009,0.500441306266549,0.5700325732899023,-0.06959126702335328,0.5485519591141397,0.5950617283950617,-0.046509769280921986,17.940876656472987,7.888719512195123,10.052157144277864,2.2426095820591234,1.7149390243902438,0.5276705576688796,3.261977573904179,0.0,3.261977573904179,8.664627930682977,0.3429878048780488,8.321640125804928,0.3764705882352941,0.0,0.3764705882352941,0.75,0.85,-0.09999999999999998,0.1019367991845056,0.0,0.1019367991845056,0.6116207951070337,0.3429878048780488,0.2686329902289849,381.14169215086645,39.443597560975604,341.69809458989084,98.1651376146789,122.78963414634147,-24.624496531662572,1.3131844570110216,,,1.0,0.8,0.19999999999999996,0.6,0.6,0.0,2.3185673892554197,0.0,2.3185673892554197,0.2827521206409048,1.9214346712211785,-1.6386825505802736,4.241281809613572,0.0,4.241281809613572,0.2827521206409048,0.0,0.2827521206409048,301.0,97.0,29.93901312141933,30.256610334229997,-0.3175972128106679,67.0,71.0,-4.0,72.0,75.0,-3.0,0.0,0.0,1.0,0.0,0.0,1.0,0.30581039755351686,48.70838616643047,0.13689987817309365,0.48929663608562696,0.48126885416407683,5.402650356778798,1.3131844570110216,,2.5649493574615367,1.9459101490553132,SUB,KO,1,0.38031254533424447,0.2059017291557253,0.41378572551003023
2026-09-19|Casey O'Neill vs. Eduarda Moura,UFC 331: Van vs. Pantoja 2,2026-09-19T00:00:00+00:00,Casey O'Neill vs. Eduarda Moura,Casey O'Neill,Eduarda Moura,Casey O'Neill,SUB,1,Women's Flyweight Bout,900,202.0,8.0,5.0,3.0,0.75,0.6,0.15000000000000002,0.5,0.2,0.3,0.375,0.2,0.175,0.125,0.0,0.125,0.0,0.0,0.0,0.125,0.0,0.125,0.17472335468841002,0.0,0.17472335468841002,0.0,0.22310361923648983,-0.22310361923648983,7.885847408270239,2.63262270699058,5.25322470127966,5.532906231799651,2.647496281606346,2.885409950193305,0.5219737856592136,0.3773987206823028,0.1445750649769108,0.5758928571428572,0.5850815850815851,-0.009188727938727936,16.77344205008736,12.716906296479921,4.05653575360744,5.06697728596389,3.3465542885473476,1.7204229974165428,1.3977868375072802,3.5696579077838373,-2.1718710702765573,4.01863715783343,10.708973723351512,-6.690336565518082,0.34782608695652173,0.3333333333333333,0.014492753623188415,0.7,0.8,-0.10000000000000009,0.6988934187536401,0.22310361923648983,0.4757897995171503,0.17472335468841002,0.8924144769459593,-0.7176911222575493,225.3931275480489,373.475458601884,-148.08233105383508,105.35818287711125,88.34903321764997,17.009149659461272,1.3095381894264577,0.8047945205479452,0.5047436688785125,0.6,0.6,0.0,0.2,0.2,0.0,2.3309880697460996,-0.014873574615765987,2.3458616443618654,0.27531355154481496,0.0,0.27531355154481496,0.0,3.5696579077838373,-3.5696579077838373,0.27531355154481496,0.22310361923648983,0.05220993230832513,175.0,224.0,28.95062869189648,32.55645222010035,-3.6058235282038673,66.0,66.0,0.0,69.0,67.0,2.0,0.0,0.0,0.0,0.0,1.0,1.0,0.21370476748453524,72.90667647650763,1.322596023491643,0.279557367501456,0.2750210860568106,3.205571512268028,1.3095381894264577,0.8047945205479452,2.1972245773362196,1.791759469228055,DEC,SUB,1,0.24806544797461005,0.09116494132960053,0.6607696106957894
2026-09-19|Edmen Shahbazyan vs. Brunno Ferreira,UFC 331: Van vs. Pantoja 2,2026-09-19T00:00:00+00:00,Edmen Shahbazyan vs. Brunno Ferreira,Edmen Shahbazyan,Brunno Ferreira,Edmen Shahbazyan,DEC,1,Middleweight Bout,900,900.0,15.0,10.0,5.0,0.6,0.6,0.0,0.4666666666666667,0.5,-0.033333333333333326,0.4,0.3,0.10000000000000003,0.06666666666666667,0.2,-0.13333333333333336,0.2,0.2,0.0,0.06666666666666667,0.1,-0.03333333333333334,0.8360982083609821,0.6137758581495795,0.22232235021140268,0.0,0.2045919527165265,-0.2045919527165265,3.925680159256802,3.1234371448056377,0.8022430144511641,3.854014598540146,3.696294612411912,0.15771998612823435,0.48619329388560156,0.4831223628691983,0.0030709310164032666,0.5025693730729701,0.5195035460992907,-0.01693417302632061,9.31652289316523,1.8413275744487383,7.475195318716492,15.885865958858659,3.273471243464424,12.612394715394235,1.4333112143331121,1.0229597635826324,0.41035145075047974,3.941605839416059,4.501022959763583,-0.5594171203475242,0.36363636363636365,0.22727272727272727,0.13636363636363638,0.6666666666666667,0.4782608695652174,0.18840579710144933,0.35832780358327804,0.6137758581495795,-0.25544805456630143,1.0749834107498342,0.818367810866106,0.2566155998837282,151.4532183145322,55.649011138895204,95.80420717563699,180.11944260119444,189.65674016822007,-9.537297567025632,0.6211194894468917,0.7988368044889516,-0.1777173150420599,0.6,0.6,0.0,0.4,0.4,0.0,1.3770491803278688,-1.2272220156191893,2.6042711959470584,0.9836065573770492,0.0,0.9836065573770492,0.0,1.3387876534027519,-1.3387876534027519,0.0,0.6693938267013759,-0.6693938267013759,105.0,84.0,28.830160783588983,33.873385490461814,-5.043224706872831,74.0,70.0,4.0,75.0,72.0,3.0,0.0,0.0,0.0,0.0,0.0,1.0,1.0071571734723448,39.813892673019595,0.6515717437741854,0.7478145466085803,0.2037432347612332,4.04782531108521,0.6211194894468917,0.7988368044889516,2.772588722239781,2.3978952727983707,DEC,DEC,1,0.3467738581813029,0.17574785052784744,0.4774782912908496
2026-09-19|Gable Steveson vs. Sean Sharaf,UFC 331: Van vs. Pantoja 2,2026-09-19T00:00:00+00:00,Gable Steveson vs. Sean Sharaf,Gable Steveson,Sean Sharaf,Sean Sharaf,KO,0,Heavyweight Bout,900,12.0,2.0,1.0,1.0,0.0,1.0,-1.0,0.0,1.0,-1.0,0.0,1.0,-1.0,0.0,0.0,0.0,1.0,0.0,1.0,0.0,0.0,0.0,0.0,5.960264900662252,-5.960264900662252,0.0,0.0,0.0,7.406639004149378,16.29139072847682,-8.884751724327442,15.0,5.1655629139072845,9.834437086092716,0.43911439114391143,0.7192982456140351,-0.28018385447012367,0.42619047619047623,0.6060606060606061,-0.17987012987012985,7.468879668049793,5.960264900662252,1.5086147673875407,0.0,0.0,0.0,0.9336099585062241,0.0,0.9336099585062241,8.402489626556017,5.960264900662252,2.442224725893765,0.1111111111111111,0.0,0.1111111111111111,,,,0.0,0.0,0.0,0.0,0.0,0.0,42.946058091286304,59.60264900662252,-16.656590915336217,4.66804979253112,0.0,4.66804979253112,,,,0.0,1.0,-1.0,0.0,1.0,-1.0,-7.593360995850622,11.125827814569536,-18.719188810420157,0.0,5.960264900662252,-5.960264900662252,0.9336099585062241,0.0,0.9336099585062241,0.0,0.0,0.0,280.0,70.0,33.191646645721676,26.303072616138593,6.888574029583083,75.0,,,77.0,,,0.0,0.0,0.0,1.0,0.0,0.0,0.0,7.468879668049793,0.0,,0.04771784232365145,7.468879668049793,,,1.0986122886681096,0.6931471805599453,KO,KO,0,0.6205605432515245,0.22843108726758427,0.15100836948089127
2026-09-19|Giga Chikadze vs. Joanderson Brito,UFC 331: Van vs. Pantoja 2,2026-09-19T00:00:00+00:00,Giga Chikadze vs. Joanderson Brito,Giga Chikadze,Joanderson Brito,Joanderson Brito,KO,0,Featherweight Bout,900,117.0,10.0,12.0,-2.0,0.7,0.6666666666666666,0.033333333333333326,0.6,0.25,0.35,0.3,0.25,0.04999999999999999,0.3,0.0,0.3,0.0,0.08333333333333333,-0.08333333333333333,0.0,0.0,0.0,0.17159199237368922,0.5877870904539023,-0.4161950980802131,0.0,0.19592903015130075,-0.19592903015130075,2.1506196377502382,3.8467399586372046,-1.6961203208869664,2.3222116301239275,3.467943833678023,-1.1457322035540956,0.4895833333333333,0.42191977077363896,0.06766356255969436,0.43137254901960786,0.6107038123167156,-0.1793312632971077,6.177311725452812,4.506367693479917,1.670944031972895,6.177311725452812,2.8409709371938607,3.3363407882589513,3.088655862726406,0.19592903015130075,2.8927268325751054,4.6329837940896095,0.4898225753782519,4.143161218711358,0.6666666666666666,0.4,0.2666666666666666,0.5769230769230769,0.6875,-0.11057692307692313,1.3727359389895137,0.19592903015130075,1.176806908838213,0.6863679694947569,0.09796451507565038,0.5884034544191065,325.5100095328885,18.61325786437357,306.8967516685149,361.20114394661584,107.95689561336671,253.24424833324912,1.1884920634920635,1.256702125760794,-0.0682100622687305,0.6,0.2,0.39999999999999997,0.4,0.0,0.4,-0.32815198618307423,-0.6537371976465461,0.3255852114634719,0.0,0.0,0.0,3.1088082901554404,0.0,3.1088082901554404,1.5544041450777202,0.0,1.5544041450777202,105.0,280.0,31.603660581668343,38.06785902516821,-6.464198443499868,68.0,72.0,-4.0,72.0,74.0,-2.0,0.0,0.0,0.0,0.0,0.0,1.0,0.20521184502119555,23.72687480745111,1.5072153495795388,0.9652049571020018,0.40506180086400945,1.8469066051907603,1.1884920634920635,1.256702125760794,2.3978952727983707,2.5649493574615367,DEC,KO,1,0.31099170182613833,0.21324764692260798,0.47576065125125366
2026-09-19|Joshua Van vs. Alexandre Pantoja,UFC 331: Van vs. Pantoja 2,2026-09-19T00:00:00+00:00,Joshua Van vs. Alexandre Pantoja,Joshua Van,Alexandre Pantoja,Joshua Van,DEC,1,UFC Flyweight Title Bout,1500,1500.0,10.0,17.0,-7.0,0.9,0.8235294117647058,0.07647058823529418,0.3,0.47058823529411764,-0.17058823529411765,0.3,0.11764705882352941,0.18235294117647058,0.0,0.35294117647058826,-0.35294117647058826,0.1,0.0,0.1,0.0,0.0,0.0,0.7221458046767538,0.27991602519244224,0.4422297794843116,0.1031636863823934,0.06997900629811056,0.03318468008428284,8.445667125171939,4.362024725915559,4.08364239925638,5.797799174690509,3.8768369489153254,1.9209622257751833,0.5738317757009346,0.5029585798816568,0.07087319581927776,0.583292140385566,0.4984912492456246,0.08480089113994138,6.8088033012379645,5.808257522743177,1.0005457784947875,1.031636863823934,3.9888033589923024,-2.9571664951683685,0.8253094910591472,2.7991602519244223,-1.9738507608652751,1.3411279229711142,5.878236529041288,-4.537108606070174,0.6153846153846154,0.47619047619047616,0.13919413919413925,0.7567567567567568,0.6923076923076923,0.06444906444906451,0.2063273727647868,0.9797060881735479,-0.773378715408761,0.1031636863823934,0.0,0.1031636863823934,66.02475928473177,290.97270818754373,-224.94794890281196,138.65199449793673,99.58012596221134,39.071868535725386,2.1088486220409384,0.8206788042256686,1.2881698178152696,1.0,1.0,0.0,0.4,0.4,0.0,2.929857231533209,-0.010638297872340427,2.9404955294055495,1.1173184357541899,0.1595744680851064,0.9577439676690835,0.186219739292365,4.627659574468085,-4.4414398351757205,0.37243947858473,0.6382978723404256,-0.2658583937556956,133.0,448.0,24.942332833665304,36.42785272798209,-11.485519894316788,65.0,65.0,0.0,65.0,67.0,-2.0,0.0,0.0,1.0,0.0,0.0,1.0,0.7726808504903825,33.96778077993383,0.2063273727647868,0.253941381864353,0.08147782370673687,1.0211688900482536,2.1088486220409384,0.8206788042256686,2.3978952727983707,2.8903717578961645,DEC,DEC,1,0.4164544753909463,0.07151117887544384,0.5120343457336098
2026-09-19|Marlon Vera vs. Charles Jourdain,UFC 331: Van vs. Pantoja 2,2026-09-19T00:00:00+00:00,Marlon Vera vs. Charles Jourdain,Marlon Vera,Charles Jourdain,Marlon Vera,KO,1,Bantamweight Bout,900,722.0,26.0,16.0,10.0,0.5769230769230769,0.5625,0.014423076923076872,0.4230769230769231,0.375,0.04807692307692307,0.2692307692307692,0.125,0.14423076923076922,0.15384615384615385,0.25,-0.09615384615384615,0.0,0.0625,-0.0625,0.0,0.0625,-0.0625,0.5513406531266198,0.5804846586197364,-0.029144005493116576,0.04241081947127845,0.2487791394084585,-0.20636831993718005,4.184534187832806,5.556067446788907,-1.3715332589561005,5.343763253381084,4.196074818022667,1.1476884353584174,0.4758842443729904,0.4972785749628897,-0.021394330589899313,0.5010559662090813,0.5637931034482759,-0.06273713723919461,6.4040337401630465,5.721920206394545,0.6821135337685016,7.167428490646058,2.487791394084585,4.679637096561473,0.466519014184063,0.41463189901409747,0.051887115169965525,1.1875029451957966,1.9073067354648485,-0.719803790269052,0.39285714285714285,0.21739130434782608,0.17546583850931677,0.7173913043478262,0.4067796610169492,0.310611643330877,0.7633947504830121,0.41463189901409747,0.3487628514689146,0.0,0.41463189901409747,-0.41463189901409747,77.99349700768107,98.93117110476365,-20.937674097082578,166.5048772442392,173.81369206670965,-7.3088148224704526,1.9704020798709747,1.8054127268861313,0.1649893529848434,0.2,0.6,-0.39999999999999997,0.0,0.4,-0.4,-1.8823529411764706,0.45674740484429066,-2.339100346020761,0.1764705882352941,0.31141868512110726,-0.13494809688581316,0.0,1.245674740484429,-1.245674740484429,0.0,0.9342560553633219,-0.9342560553633219,203.0,154.0,33.79672409426614,30.812405456648666,2.9843186376174735,68.0,69.0,-1.0,70.0,69.0,1.0,0.0,0.0,0.0,0.0,0.0,1.0,0.6885027063323577,22.33593376636799,1.0799225655731763,0.27674856773630857,0.1033956604679159,1.0199268674857778,1.9704020798709747,1.8054127268861313,3.295836866004329,2.833213344056216,DEC,KO,0,0.21156874462795078,0.1434467644473072,0.644984490924742
2026-09-19|Michael Aswell Jr. vs. JooSang Yoo,UFC 331: Van vs. Pantoja 2,2026-09-19T00:00:00+00:00,Michael Aswell Jr. vs. JooSang Yoo,Michael Aswell Jr.,JooSang Yoo,Michael Aswell Jr.,DEC,1,Featherweight Bout,900,900.0,4.0,2.0,2.0,0.25,0.5,-0.25,0.25,0.5,-0.25,0.25,0.5,-0.25,0.0,0.0,0.0,0.0,0.5,-0.5,0.0,0.0,0.0,0.6423982869379015,2.5787965616045843,-1.9363982746666828,0.0,2.5787965616045843,-2.5787965616045843,6.723768736616702,6.361031518624642,0.36273721799206005,7.109207708779444,4.98567335243553,2.1235343563439137,0.3949685534591195,0.5873015873015873,-0.1923330338424678,0.521613832853026,0.5606060606060606,-0.03899222775303457,3.5331905781584583,2.5787965616045843,0.954394016553874,0.0,23.20916905444126,-23.20916905444126,0.32119914346895073,0.0,0.32119914346895073,1.284796573875803,0.0,1.284796573875803,0.25,,,0.5,0.5,0.0,0.0,0.0,0.0,0.0,0.0,0.0,80.29978586723769,0.0,80.29978586723769,7.0663811563169165,214.04011461318052,-206.9737334568636,0.8373002754820936,,,0.25,0.5,-0.25,0.25,0.5,-0.25,-0.3854389721627409,1.3753581661891117,-1.7607971383518526,0.6423982869379015,2.5787965616045843,-1.9363982746666828,0.32119914346895073,0.0,0.32119914346895073,0.0,0.0,0.0,91.0,350.0,,32.660492686365906,,,67.0,,,71.0,,0.0,0.0,0.0,0.0,0.0,0.0,2.299012780474037,85.53560800819717,0.0,0.16059957173447537,0.11044096623574237,0.9635974304068522,0.8373002754820936,,1.6094379124341003,1.0986122886681096,KO,DEC,1,0.5946981329571864,0.11742541884785547,0.2878764481949582
2026-09-19|Patricio Pitbull vs. Dooho Choi,UFC 331: Van vs. Pantoja 2,2026-09-19T00:00:00+00:00,Patricio Pitbull vs. Dooho Choi,Patricio Pitbull,Dooho Choi,Patricio Pitbull,KO,1,Featherweight Bout,900,208.0,1.0,9.0,-8.0,0.0,0.6666666666666666,-0.6666666666666666,0.0,0.6666666666666666,-0.6666666666666666,0.0,0.6666666666666666,-0.6666666666666666,0.0,0.0,0.0,0.0,0.2222222222222222,-0.2222222222222222,0.0,0.0,0.0,0.0,1.1005135730007336,-1.1005135730007336,0.0,0.6603081438004402,-0.6603081438004402,3.2666666666666666,5.37050623624358,-2.1038395695769134,6.666666666666666,5.1063829787234045,1.5602836879432616,0.5568181818181818,0.5462686567164179,0.01054952510176388,0.4475138121546961,0.5639097744360902,-0.11639596228139415,0.0,7.043286867204696,-7.043286867204696,4.0,4.402054292002934,-0.4020542920029344,0.0,1.540719002201027,-1.540719002201027,0.0,2.8613352898019078,-2.8613352898019078,,0.5384615384615384,,0.5384615384615384,0.6470588235294117,-0.10859728506787325,0.0,0.6603081438004402,-0.6603081438004402,0.0,0.0,0.0,0.0,152.09097578870137,-152.09097578870137,205.0,128.980190755686,76.01980924431399,,0.6822843674353422,,0.0,0.6,-0.6,0.0,0.6,-0.6,-3.4,0.6172839506172839,-4.0172839506172835,0.0,0.6172839506172839,-0.6172839506172839,0.0,1.851851851851852,-1.851851851851852,0.0,0.925925925925926,-0.925925925925926,161.0,126.0,,35.444944112473216,,,70.0,,,70.0,,0.0,0.0,0.0,0.0,0.0,0.0,0.0,0.0,0.0,0.0,0.0,,,0.6822843674353422,0.6931471805599453,2.302585092994046,DEC,KO,0,0.6175254773714507,0.11943651621051894,0.2630380064180303
2026-09-19|Ryan Gandra vs. Ozzy Diaz,UFC 331: Van vs. Pantoja 2,2026-09-19T00:00:00+00:00,Ryan Gandra vs. Ozzy Diaz,Ryan Gandra,Ozzy Diaz,Ryan Gandra,KO,1,Middleweight Bout,900,124.0,2.0,3.0,-1.0,1.0,0.3333333333333333,0.6666666666666667,1.0,0.0,1.0,1.0,0.0,1.0,0.0,0.0,0.0,0.0,0.6666666666666666,-0.6666666666666666,0.0,0.0,0.0,15.517241379310345,0.0,15.517241379310345,0.0,1.2720848056537102,-1.2720848056537102,12.413793103448276,6.360424028268551,6.053369075179725,2.586206896551724,7.250883392226148,-4.664676495674424,0.4897959183673469,0.5119453924914675,-0.022149474124120605,0.6153846153846154,0.6290672451193058,-0.013682629734690366,46.55172413793103,0.0,46.55172413793103,0.0,3.1802120141342756,-3.1802120141342756,0.0,0.0,0.0,0.0,1.9081272084805652,-1.9081272084805652,,0.0,,,0.6666666666666667,,0.0,0.0,0.0,0.0,0.0,0.0,38.793103448275865,40.07067137809187,-1.2775679298160085,0.0,19.71731448763251,-19.71731448763251,,,,1.0,0.3333333333333333,0.6666666666666667,1.0,0.0,1.0,9.827586206896552,-0.8904593639575972,10.718045570854148,15.517241379310345,0.0,15.517241379310345,0.0,0.0,0.0,0.0,0.0,0.0,70.0,133.0,31.36820057906733,35.825513186444624,-4.457312607377293,73.0,76.0,-3.0,74.0,79.0,-5.0,0.0,0.0,0.0,0.0,0.0,1.0,35.25648836359206,194.59607652004382,0.0,0.0,0.044047764103813815,,,,1.0986122886681096,1.3862943611198906,KO,KO,1,0.555257272186177,0.0317762592925944,0.41296646852122854
2026-09-19|Tai Tuivasa vs. Robelis Despaigne,UFC 331: Van vs. Pantoja 2,2026-09-19T00:00:00+00:00,Tai Tuivasa vs. Robelis Despaigne,Tai Tuivasa,Robelis Despaigne,Robelis Despaigne,DEC,0,Heavyweight Bout,900,900.0,3.0,18.0,-15.0,0.3333333333333333,0.4444444444444444,-0.1111111111111111,0.3333333333333333,0.3888888888888889,-0.05555555555555558,0.3333333333333333,0.3888888888888889,-0.05555555555555558,0.0,0.0,0.0,0.0,0.16666666666666666,-0.16666666666666666,0.0,0.16666666666666666,-0.16666666666666666,0.49504950495049505,0.8237986270022883,-0.3287491220517933,0.0,0.6178489702517163,-0.6178489702517163,2.112211221122112,3.3707093821510297,-1.2584981610289177,2.541254125412541,4.606407322654462,-2.065153197241921,0.5981308411214953,0.4861386138613861,0.11199222726010916,0.4652777777777778,0.42942176870748294,0.03585600907029485,0.9900990099009901,2.471395881006865,-1.481296871105875,21.287128712871286,11.842105263157894,9.445023449713393,0.0,0.0,0.0,0.0,0.30892448512585813,-0.30892448512585813,,0.0,,0.5,0.5869565217391304,-0.08695652173913038,0.0,0.0,0.0,0.49504950495049505,0.30892448512585813,0.18612501982463692,10.396039603960395,111.93363844393592,-101.53759883997553,557.9207920792079,220.675057208238,337.2457348709699,1.7430769230769234,0.9531167484890566,0.7899601745878668,0.3333333333333333,0.0,0.3333333333333333,0.3333333333333333,0.0,0.3333333333333333,-0.4290429042904291,-2.519148936170213,2.0901060318797837,0.49504950495049505,0.0,0.49504950495049505,0.0,0.0,0.0,0.0,0.0,0.0,700.0,140.0,38.026790420063385,33.51198176553933,4.514808654524053,79.0,74.0,5.0,84.0,75.0,9.0,0.0,1.0,0.0,1.0,0.0,0.0,0.8009153318077803,12.714955706096925,0.0,0.0,0.01438343491099682,,1.7430769230769234,0.9531167484890566,1.3862943611198906,2.9444389791664403,KO,DEC,1,0.5686589759334686,0.14695447829227395,0.2843865457742575
2026-09-26|Brady Hiestand vs. Rinya Nakamura,UFC Fight Night: Rosas Jr. vs. Barcelos,2026-09-26T00:00:00+00:00,Brady Hiestand vs. Rinya Nakamura,Brady Hiestand,Rinya Nakamura,Brady Hiestand,SUB,1,Bantamweight Bout,900,547.0,4.0,5.0,-1.0,0.75,0.8,-0.050000000000000044,0.5,0.4,0.09999999999999998,0.25,0.4,-0.15000000000000002,0.25,0.0,0.25,0.0,0.0,0.0,0.0,0.0,0.0,0.0,0.9660107334525938,-0.9660107334525938,0.8004743551734361,0.3220035778175313,0.4784707773559048,2.7038244885858287,2.7477638640429336,-0.04393937545710491,3.7533353098132225,1.5241502683363148,2.2291850414769074,0.5083612040133779,0.5245901639344263,-0.016228959921048336,0.5115740740740741,0.6414141414141414,-0.12984006734006737,2.9350726356359322,14.812164579606442,-11.877091943970509,10.40616661725467,2.5760286225402504,7.830137994714419,4.802846131040617,2.2540250447227193,2.548821086317898,10.40616661725467,2.5760286225402504,7.830137994714419,0.46153846153846156,0.875,-0.41346153846153844,0.4285714285714286,1.0,-0.5714285714285714,1.0672991402312482,1.2880143112701252,-0.22071517103887706,0.5336495701156241,0.3220035778175313,0.21164599229809278,426.65283130744143,468.515205724508,-41.862374417066576,125.67447376222947,50.55456171735242,75.11991204487705,1.4059609455292907,0.7243295019157088,0.681631443613582,0.75,0.8,-0.050000000000000044,0.5,0.4,0.09999999999999998,-1.049510821227394,1.223613595706619,-2.273124416934013,0.0,0.9660107334525938,-0.9660107334525938,4.802846131040617,2.2540250447227193,2.548821086317898,1.0672991402312482,1.2880143112701252,-0.22071517103887706,833.0,420.0,27.40918704696195,31.513309650437723,-4.104122603475773,68.0,67.0,1.0,71.0,68.0,3.0,0.0,1.0,0.0,0.0,0.0,0.0,0.0,10.495903754268745,1.410973281987285,0.0,0.5006874013196451,12.820477463090828,1.4059609455292907,0.7243295019157088,1.6094379124341003,1.791759469228055,SUB,SUB,1,0.18136299970690842,0.35178435127582436,0.4668526490172672
2026-09-26|Elves Brener vs. Josiah Harrell,UFC Fight Night: Rosas Jr. vs. Barcelos,2026-09-26T00:00:00+00:00,Elves Brener vs. Josiah Harrell,Elves Brener,Josiah Harrell,Elves Brener,KO,1,Lightweight Bout,900,254.0,6.0,1.0,5.0,0.5,0.0,0.5,0.3333333333333333,0.0,0.3333333333333333,0.3333333333333333,0.0,0.3333333333333333,0.0,0.0,0.0,0.16666666666666666,1.0,-0.8333333333333334,0.0,0.0,0.0,0.3952569169960474,0.0,0.3952569169960474,0.3952569169960474,0.0,0.3952569169960474,4.756258234519104,2.320441988950276,2.4358162455688275,5.862977602108037,10.939226519337018,-5.07624891722898,0.475,0.5,-0.025000000000000022,0.5077433628318584,0.2978723404255319,0.2098710224063265,3.3596837944664033,0.0,3.3596837944664033,8.695652173913043,49.72375690607735,-41.02810473216431,0.9881422924901186,0.0,0.9881422924901186,5.928853754940711,9.94475138121547,-4.015897626274759,0.16666666666666666,0.0,0.16666666666666666,0.76,0.0,0.76,0.0,0.0,0.0,0.1976284584980237,0.0,0.1976284584980237,72.72727272727273,4.972375690607735,67.754897036665,161.8577075098814,104.41988950276243,57.43781800711898,1.3741881880495743,,,0.4,0.0,0.4,0.4,0.0,0.4,-1.3628899835796386,-8.61878453038674,7.255894546807102,0.49261083743842365,0.0,0.49261083743842365,1.2315270935960592,0.0,1.2315270935960592,0.0,0.0,0.0,420.0,217.0,28.997173111015282,27.869155424136018,1.1280176868792644,70.0,67.0,3.0,72.0,68.0,4.0,0.0,1.0,0.0,0.0,0.0,0.0,0.3952569169960474,170.41578407180137,0.0,0.9881422924901186,0.0901836039957587,4.940711462450593,1.3741881880495743,,1.9459101490553132,0.6931471805599453,KO,KO,1,0.5113041523235559,0.11457476533040092,0.37412108234604324
2026-09-26|John Castaneda vs. Alatengheili,UFC Fight Night: Rosas Jr. vs. Barcelos,2026-09-26T00:00:00+00:00,John Castaneda vs. Alatengheili,John Castaneda,Alatengheili,Alatengheili,DEC,0,Bantamweight Bout,900,900.0,8.0,8.0,0.0,0.625,0.5,0.125,0.125,0.25,-0.125,0.125,0.125,0.0,0.0,0.125,-0.125,0.0,0.125,-0.125,0.0,0.0,0.0,0.14179927524814875,0.5950413223140496,-0.4532420470659009,0.0,0.4462809917355372,-0.4462809917355372,2.8737986450291477,4.601652892561984,-1.7278542475328362,5.435638884512368,5.395041322314049,0.040597562198319004,0.3300760043431053,0.5115766262403528,-0.18150062189724753,0.5689655172413793,0.519434628975265,0.04953088826611429,1.8433905782259334,2.975206611570248,-1.1318160333443144,2.26878840397038,0.743801652892562,1.5249867510778181,1.9851898534740822,1.6363636363636365,0.3488262171104457,4.395777532692611,4.1652892561983474,0.2304882764942633,0.45161290322580644,0.39285714285714285,0.05875576036866359,1.0,0.7647058823529411,0.23529411764705888,0.0,0.1487603305785124,-0.1487603305785124,0.0,0.0,0.0,144.63526075311168,157.68595041322314,-13.050689660111459,6.239168110918544,48.79338842975206,-42.55422031883352,1.0560858189429616,0.8535545053207058,0.20253131362225585,0.6,0.4,0.19999999999999996,0.2,0.0,0.2,-2.2703591993419248,-0.7629558541266795,-1.5074033452152453,0.24677817384151357,0.43186180422264875,-0.18508363038113518,1.727447216890595,2.375239923224568,-0.647792706333973,0.0,0.0,0.0,518.0,518.0,34.78510852378899,34.77415689576104,0.010951628027953575,65.0,66.0,-1.0,66.0,71.0,-5.0,0.0,0.0,0.0,0.0,0.0,0.0,0.205081596433273,3.2145075372369583,0.0,0.46710349493507825,0.16941849276094512,2.769187499267565,1.0560858189429616,0.8535545053207058,2.1972245773362196,2.1972245773362196,DEC,DEC,0,0.2707099132302895,0.09027923433342223,0.6390108524362883
2026-09-26|Luis Hernandez vs. Sedriques Dumas,UFC Fight Night: Rosas Jr. vs. Barcelos,2026-09-26T00:00:00+00:00,Luis Hernandez vs. Sedriques Dumas,Luis Hernandez,Sedriques Dumas,Luis Hernandez,SUB,1,Light Heavyweight Bout,900,57.0,0.0,8.0,-8.0,,0.375,,,0.0,,,0.0,,,0.0,,,0.25,,,0.375,,,0.0,,,0.6640432857845548,,,1.9478603049680274,,,2.6561731431382194,,,0.44745762711864406,,,0.5300261096605744,,,5.312346286276439,,,10.181997048696507,,,1.1067388096409247,,,3.984259714707329,,,0.2777777777777778,,,0.33333333333333337,,,0.0,,,1.1067388096409247,,,312.1003443187408,,,196.55681259222823,,,1.643333333333333,,,0.2,,,0.0,,,-1.4109742441209405,,,0.0,,,2.015677491601344,,,0.0,,,154.0,30.095073820817674,31.140954297487283,-1.045880476669609,,74.0,,,79.0,,0.0,0.0,0.0,0.0,0.0,0.0,,,,,,,,1.643333333333333,0.0,2.1972245773362196,KO,SUB,1,0.4258288376951857,0.24676213146897744,0.32740903083583683
2026-09-26|Melissa Amaya vs. Tina Black,UFC Fight Night: Rosas Jr. vs. Barcelos,2026-09-26T00:00:00+00:00,Melissa Amaya vs. Tina Black,Melissa Amaya,Tina Black,Tina Black,KO,0,Women's Strawweight Bout,900,499.0,0.0,0.0,0.0,,,,,,,,,,,,,,,,,,,,,,,,,,,,,,,,,,,,,,,,,,,,,,,,,,,,,,,,,,,,,,,,,,,,,,,,,,,,,,,,,,,,,,,,,,30.390767777572435,31.83090686324839,-1.4401390856759555,64.0,,,63.0,,,0.0,0.0,0.0,0.0,1.0,0.0,,,,,,,,,0.0,0.0,DEC,KO,0,0.22026256357050447,0.1288508655806848,0.6508865708488107
2026-09-26|Montel Jackson vs. Ricky Simon,UFC Fight Night: Rosas Jr. vs. Barcelos,2026-09-26T00:00:00+00:00,Montel Jackson vs. Ricky Simon,Montel Jackson,Ricky Simon,Montel Jackson,KO,1,Bantamweight Bout,900,459.0,13.0,16.0,-3.0,0.6923076923076923,0.625,0.06730769230769229,0.3076923076923077,0.3125,-0.004807692307692291,0.23076923076923078,0.125,0.10576923076923078,0.07692307692307693,0.1875,-0.11057692307692307,0.0,0.125,-0.125,0.0,0.0,0.0,1.2619770974526758,0.37387836490528414,0.8880987325473917,0.0,0.2991026919242273,-0.2991026919242273,2.895536340266417,3.0259222333000997,-0.13038589303368253,1.3741528394484692,3.9531405782652045,-2.5789877388167355,0.5377604166666666,0.4286723163841808,0.10908810028248583,0.5933609958506224,0.6056688214818498,-0.012307825631227343,6.940874035989717,5.234297108673978,1.706576927315739,0.7361533068473943,2.318045862412762,-1.5818925555653673,2.629118953026408,3.963110667996012,-1.3339917149696041,4.311755082963309,10.61814556331007,-6.306390480346762,0.6097560975609756,0.3732394366197183,0.23651666094125728,0.6703296703296704,0.7843137254901961,-0.11398405516052568,0.31549427436316896,0.2991026919242273,0.016391582438941676,0.9464828230895068,0.0,0.9464828230895068,275.63683103528865,271.13659022931205,4.500240805976603,209.59336293526525,26.246261216350945,183.3471017189143,0.9038047138047137,1.081753456899088,-0.17794874309437436,0.6,0.4,0.19999999999999996,0.4,0.2,0.2,0.7959183673469388,-2.188639916623241,2.9845582839701796,0.9183673469387756,0.2344971339239187,0.683870213014857,0.9183673469387756,1.8759770713913495,-0.9576097244525739,0.3061224489795918,0.0,0.3061224489795918,154.0,322.0,34.4237047988665,34.070514794964986,0.353190003901517,70.0,66.0,4.0,75.0,69.0,6.0,1.0,0.0,0.0,0.0,0.0,0.0,1.639437844447494,23.030138376643848,0.31549427436316896,0.5670648722213821,0.3151945483950113,2.185917125929992,0.9038047138047137,1.081753456899088,2.639057329615259,2.833213344056216,DEC,KO,1,0.3004797184516061,0.10361396010055189,0.5959063214478421
2026-09-26|Norma Dumont vs. Ailin Perez,UFC Fight Night: Rosas Jr. vs. Barcelos,2026-09-26T00:00:00+00:00,Norma Dumont vs. Ailin Perez,Norma Dumont,Ailin Perez,Ailin Perez,DEC,0,Women's Bantamweight Bout,900,900.0,7.0,12.0,-5.0,0.8571428571428571,0.75,0.1071428571428571,0.14285714285714285,0.0,0.14285714285714285,0.0,0.0,0.0,0.14285714285714285,0.0,0.14285714285714285,0.0,0.08333333333333333,-0.08333333333333333,0.14285714285714285,0.0,0.14285714285714285,0.16898235073225684,0.16805153580431334,0.0009308149279435018,0.0,0.16805153580431334,-0.16805153580431334,2.8839654524971836,3.8483801699187747,-0.9644147174215911,1.5771686068343973,2.3303146298198114,-0.7531460229854141,0.5626373626373626,0.5096439169139466,0.05299344572341602,0.5652173913043479,0.6432246998284734,-0.07800730852412552,15.03942921517086,3.192979180281953,11.846450034888907,3.717611716109651,0.7562319111194099,2.961379804990241,4.900488171235449,1.4284380543366633,3.472050116898786,9.969958693203155,2.6047988049668565,7.365159888236299,0.4915254237288136,0.5483870967741935,-0.056861673045379924,0.7272727272727273,0.71875,0.008522727272727293,0.16898235073225684,0.0,0.16898235073225684,0.5069470521967706,0.08402576790215667,0.42292128429461395,401.50206533984226,216.11427504434693,185.38779029549534,212.41081487044687,172.84100457473627,39.569810295710596,1.1122526315789474,1.3671049201694359,-0.2548522885904885,1.0,0.8,0.19999999999999996,0.2,0.0,0.2,1.0490605427974948,1.7066666666666668,-0.6576061238691719,0.23486430062630478,0.0,0.23486430062630478,4.227557411273486,1.8,2.4275574112734866,0.23486430062630478,0.0,0.23486430062630478,210.0,154.0,31.97601593461878,35.98704969985695,-4.011033765238167,65.0,67.0,-2.0,66.0,67.0,-1.0,0.0,0.0,0.0,0.0,1.0,0.0,0.19738009429663572,26.412725512704608,0.1831812225144463,1.3782622981599701,0.5317875050839849,5.069470521967706,1.1122526315789474,1.3671049201694359,2.0794415416798357,2.5649493574615367,DEC,DEC,1,0.10361726922182168,0.1677195726872307,0.7286631580909476
2026-09-26|Raul Rosas Jr. vs. Raoni Barcelos,UFC Fight Night: Rosas Jr. vs. Barcelos,2026-09-26T00:00:00+00:00,Raul Rosas Jr. vs. Raoni Barcelos,Raul Rosas Jr.,Raoni Barcelos,Raul Rosas Jr.,KO,1,Bantamweight Bout,1500,1298.0,7.0,15.0,-8.0,0.8571428571428571,0.7333333333333333,0.12380952380952381,0.42857142857142855,0.26666666666666666,0.16190476190476188,0.14285714285714285,0.13333333333333333,0.009523809523809518,0.2857142857142857,0.13333333333333333,0.15238095238095237,0.0,0.06666666666666667,-0.06666666666666667,0.0,0.0,0.0,0.2112676056338028,0.3802602670272097,-0.1689926613934069,0.0,0.22815616021632584,-0.22815616021632584,1.3380281690140845,4.654385668413047,-3.3163574993989626,1.3380281690140845,4.24370458002366,-2.905676411009576,0.41125541125541126,0.5171830985915493,-0.10592768733613805,0.5476190476190477,0.6057465850211965,-0.05812753740214882,6.338028169014085,13.157005239141457,-6.818977070127372,4.647887323943662,2.813925976001352,1.83396134794231,6.76056338028169,2.509717762379584,4.250845617902106,12.464788732394366,7.909413554165963,4.555375178228403,0.5423728813559322,0.3173076923076923,0.2250651890482399,0.33333333333333337,0.8780487804878049,-0.5447154471544715,0.8450704225352113,0.6844684806489776,0.16060194188623367,0.6338028169014085,0.0,0.6338028169014085,511.9014084507042,222.37620415751223,289.52520429319196,137.11267605633802,57.79956058813588,79.31311546820214,0.6135714285714285,1.9141535756602837,-1.3005821470888552,1.0,1.0,0.0,0.4,0.2,0.2,0.5256570713391739,0.513413506012951,0.01224356532622295,0.28160200250312895,0.0,0.28160200250312895,7.603254067584481,3.7465309898242367,3.856723077760244,0.28160200250312895,1.2488436632747455,-0.9672416607716166,203.0,154.0,21.966227917068796,39.40669555158559,-17.440467634516796,69.0,67.0,2.0,67.0,67.0,0.0,0.0,0.0,1.0,0.0,0.0,0.0,0.25946961131330826,24.172770270431105,0.8450704225352113,0.8244589488148403,0.6053073383685584,9.608587812152619,0.6135714285714285,1.9141535756602837,2.0794415416798357,2.772588722239781,SUB,KO,1,0.17273890446443987,0.3820454591234853,0.44521563641207484
2026-09-26|Rodolfo Bellato vs. Christian Edwards,UFC Fight Night: Rosas Jr. vs. Barcelos,2026-09-26T00:00:00+00:00,Rodolfo Bellato vs. Christian Edwards,Rodolfo Bellato,Christian Edwards,Christian Edwards,KO,0,Light Heavyweight Bout,900,707.0,1.0,3.0,-2.0,0.0,0.6666666666666666,-0.6666666666666666,0.0,0.6666666666666666,-0.6666666666666666,0.0,0.6666666666666666,-0.6666666666666666,0.0,0.0,0.0,0.0,0.0,0.0,0.0,0.0,0.0,0.0,0.5558987029030266,-0.5558987029030266,0.0,0.5558987029030266,-0.5558987029030266,2.4,5.670166769610871,-3.270166769610871,2.4,6.300185299567635,-3.9001852995676347,0.5070422535211268,0.575187969924812,-0.06814571640368527,0.55,0.46540880503144655,0.0845911949685535,0.0,39.46880790611488,-39.46880790611488,0.0,13.341568869672638,-13.341568869672638,0.0,1.6676961087090798,-1.6676961087090798,4.0,5.558987029030265,-1.5589870290302654,0.0,0.3,-0.3,,0.75,,0.0,0.0,0.0,0.0,0.0,0.0,262.0,179.55528103767756,82.44471896232244,135.0,197.89993823347746,-62.89993823347746,,,,0.0,0.6666666666666666,-0.6666666666666666,0.0,0.6666666666666666,-0.6666666666666666,0.0,-0.6300185299567634,0.6300185299567634,0.0,0.5558987029030266,-0.5558987029030266,0.0,1.6676961087090798,-1.6676961087090798,0.0,0.0,0.0,133.0,203.0,27.891058680191925,30.63991731520839,-2.7488586350164645,,75.0,,,75.0,,0.0,0.0,0.0,0.0,0.0,0.0,0.0,0.0,0.0,0.0,0.35512318989774205,4.0,,,0.6931471805599453,1.3862943611198906,KO,KO,1,0.2834317074023133,0.25177061030325143,0.4647976822944353
2026-09-26|Rodolfo Vieira vs. Robert Bryczek,UFC Fight Night: Rosas Jr. vs. Barcelos,2026-09-26T00:00:00+00:00,Rodolfo Vieira vs. Robert Bryczek,Rodolfo Vieira,Robert Bryczek,Rodolfo Vieira,DEC,1,Middleweight Bout,900,900.0,11.0,3.0,8.0,0.5454545454545454,0.3333333333333333,0.2121212121212121,0.45454545454545453,0.3333333333333333,0.12121212121212122,0.0,0.3333333333333333,-0.3333333333333333,0.45454545454545453,0.0,0.45454545454545453,0.09090909090909091,0.0,0.09090909090909091,0.09090909090909091,0.0,0.09090909090909091,0.13060513713539398,0.3595685177786656,-0.22896338064327162,0.26121027427078797,0.3595685177786656,-0.09835824350787764,3.430561602089682,2.8046344386735913,0.6259271634160908,4.275141488898564,4.506592089492609,-0.23145060059404532,0.5426997245179064,0.37987012987012986,0.16282959464777652,0.49171842650103514,0.5523809523809524,-0.06066252587991727,3.134523291249456,5.75309628445865,-2.618572993209194,3.0039181541140616,16.180583300039952,-13.176665145925892,2.873313016978668,0.3595685177786656,2.513744499200002,12.929908576404005,0.3595685177786656,12.570340058625339,0.2222222222222222,1.0,-0.7777777777777778,0.6,0.7142857142857143,-0.11428571428571432,0.914235959947758,0.3595685177786656,0.5546674421690924,0.5224205485415759,0.0,0.5224205485415759,275.83804962995214,42.06951658010387,233.76853304984826,44.27514148889856,305.2736715940871,-260.99853010518854,1.7024307270233194,0.6509631844154591,1.0514675426078604,0.4,0.3333333333333333,0.06666666666666671,0.2,0.3333333333333333,-0.1333333333333333,-0.3054662379421222,-1.7019576508190173,1.396491412876895,0.24115755627009647,0.3595685177786656,-0.11841096150856914,2.1704180064308685,0.3595685177786656,1.8108494886522029,0.48231511254019294,0.3595685177786656,0.12274659476152733,154.0,147.0,37.00281319944968,36.23072342347892,0.7720897759707626,72.0,72.0,0.0,73.0,75.0,-2.0,0.0,0.0,0.0,0.0,0.0,1.0,0.17756663270944695,53.85293851122667,0.914235959947758,0.8209465762796193,0.4104448627689437,13.672630718627417,1.7024307270233194,0.6509631844154591,2.4849066497880004,1.3862943611198906,SUB,DEC,1,0.16882707407116426,0.246976133223353,0.5841967927054827
2026-09-26|Vanessa Demopoulos vs. Yazmin Jauregui,UFC Fight Night: Rosas Jr. vs. Barcelos,2026-09-26T00:00:00+00:00,Vanessa Demopoulos vs. Yazmin Jauregui,Vanessa Demopoulos,Yazmin Jauregui,Yazmin Jauregui,KO,0,Women's Strawweight Bout,900,62.0,5.0,10.0,-5.0,0.6,0.5,0.09999999999999998,0.2,0.1,0.1,0.2,0.0,0.2,0.0,0.1,-0.1,0.2,0.0,0.2,0.2,0.1,0.1,0.7064364207221351,0.11915795048325169,0.5872784702388834,1.0596546310832025,0.11915795048325169,0.9404966805999507,6.640502354788069,3.582682377863101,3.057819976924968,5.251177394034537,5.6560307162716805,-0.40485332223714376,0.3944055944055944,0.39876215738284704,-0.00435656297725262,0.5476673427991887,0.40617180984153456,0.14149553295765416,8.124018838304552,6.077055474645836,2.0469633636587163,4.945054945054945,10.843373493975903,-5.898318548920958,0.0,0.3574738514497551,-0.3574738514497551,1.7660910518053374,3.4555805640142987,-1.6894895122089613,0.0,0.10344827586206896,-0.10344827586206896,1.0,0.2777777777777778,0.7222222222222222,0.0,0.23831590096650337,-0.23831590096650337,0.35321821036106754,0.23831590096650337,0.11490230939456417,64.63893249607536,114.03415861247187,-49.395226116396515,32.14285714285714,262.98159671653644,-230.8387395736793,0.895564738292011,1.0442413793103449,-0.1486766410183339,0.6,0.4,0.19999999999999996,0.2,0.0,0.2,1.389324960753532,-2.158613445378151,3.547938406131683,0.7064364207221351,0.0,0.7064364207221351,0.0,0.0,0.0,0.0,0.0,0.0,742.0,469.0,27.57619937438825,38.01036297802145,-10.434163603633198,63.0,62.0,1.0,64.0,59.0,5.0,0.0,0.0,0.0,0.0,1.0,1.0,0.7906139367621088,96.21578937413705,0.0,0.0,0.09280727027696065,2.1869786320052063,0.895564738292011,1.0442413793103449,1.791759469228055,2.3978952727983707,DEC,KO,1,0.20572940466295955,0.09521249241898513,0.6990581029180554
2026-10-03|Anthony Wint vs. Lucas Armand,UFC 332: Silva vs. Wang,2026-10-03T00:00:00+00:00,Anthony Wint vs. Lucas Armand,Anthony Wint,Lucas Armand,Anthony Wint,KO,1,Heavyweight Bout,900,23.0,1.0,0.0,1.0,1.0,,,1.0,,,0.0,,,1.0,,,0.0,,,0.0,,,0.0,,,0.0,,,1.1152416356877324,,,0.22304832713754646,,,0.5555555555555556,,,0.75,,,3.3457249070631967,,,0.0,,,3.3457249070631967,,,10.03717472118959,,,0.3333333333333333,,,,,,3.3457249070631967,,,3.3457249070631967,,,542.007434944238,,,6.691449814126393,,,,,,1.0,,,1.0,,,0.8921933085501859,,,0.0,,,3.3457249070631967,,,3.3457249070631967,,,42.0,,31.05334127326365,30.938349178970135,0.11499209429351609,,,,,,,0.0,0.0,0.0,1.0,0.0,1.0,,,,,,,,,0.6931471805599453,0.0,KO,KO,1,0.20751827024614078,0.3194445002729447,0.47303722948091453
2026-10-03|Ateba Gautier vs. Roman Kopylov,UFC 332: Silva vs. Wang,2026-10-03T00:00:00+00:00,Ateba Gautier vs. Roman Kopylov,Ateba Gautier,Roman Kopylov,Roman Kopylov,KO,0,Middleweight Bout,900,192.0,12.0,5.0,7.0,0.5833333333333334,1.0,-0.41666666666666663,0.4166666666666667,0.8,-0.38333333333333336,0.4166666666666667,0.8,-0.38333333333333336,0.0,0.0,0.0,0.0,0.0,0.0,0.16666666666666666,0.0,0.16666666666666666,0.917535115541459,3.2667876588021776,-2.3492525432607185,0.10194834617127323,0.0,0.10194834617127323,4.540099682827367,3.992740471869329,0.5473592109580379,5.0770276393294065,3.0490018148820326,2.028025824447374,0.5015015015015015,0.37542662116040953,0.126074880341092,0.5331250000000001,0.5384615384615384,-0.005336538461538365,2.8545536927956503,2.722323049001815,0.13223064379383542,4.281830539193475,0.0,4.281830539193475,1.1214318078840053,0.544464609800363,0.5769671980836423,2.2428636157680106,0.544464609800363,1.6983990059676475,0.5,1.0,-0.5,0.8888888888888888,1.0,-0.11111111111111116,0.0,0.0,0.0,0.5097417308563661,0.0,0.5097417308563661,81.66062528318984,2.722323049001815,78.93830223418803,81.96647032170368,37.56805807622505,44.39841224547863,1.2009513153677913,,,0.6,1.0,-0.4,0.2,0.8,-0.6000000000000001,-1.5870193376305846,0.9437386569872959,-2.5307579946178804,1.0002222716159146,3.2667876588021776,-2.266565387186263,1.8004000889086464,0.544464609800363,1.2559354791082833,0.0,0.0,0.0,147.0,147.0,35.41756504240333,24.482364456491236,10.935200585912096,72.0,76.0,-4.0,75.0,81.0,-6.0,1.0,0.0,0.0,0.0,0.0,0.0,0.917535115541459,2.8545536927956503,0.0,0.0,0.09452147391117358,1.1214318078840053,1.2009513153677913,,2.5649493574615367,1.791759469228055,KO,KO,0,0.45226254320125103,0.0737744640566228,0.47396299274212617
2026-10-03|Court McGee vs. Eric Nolan,UFC 332: Silva vs. Wang,2026-10-03T00:00:00+00:00,Court McGee vs. Eric Nolan,Court McGee,Eric Nolan,Eric Nolan,KO,0,Welterweight Bout,900,806.0,2.0,24.0,-22.0,0.0,0.4583333333333333,-0.4583333333333333,0.0,0.125,-0.125,0.0,0.0,0.0,0.0,0.125,-0.125,0.0,0.125,-0.125,0.5,0.0,0.5,0.0,0.1483597999890104,-0.1483597999890104,0.0,0.34617286664102426,-0.34617286664102426,1.6805450416351249,4.496950381889115,-2.81640534025399,2.5889477668433005,3.6529479641738556,-1.064000197330555,0.34579439252336447,0.36864864864864866,-0.02285425612528419,0.44660194174757284,0.609584214235377,-0.16298227248780417,0.0,6.082751799549426,-6.082751799549426,9.538228614685844,1.28578493323809,8.252443681447755,0.0,1.7803175998681244,-1.7803175998681244,0.6813020439061317,7.170723666135502,-6.48942162222937,0.0,0.2482758620689655,-0.2482758620689655,0.4411764705882353,0.7083333333333333,-0.267156862745098,0.0,0.4450793999670311,-0.4450793999670311,0.6813020439061317,0.24726633331501732,0.43403571059111434,13.626040878122634,213.1930325842079,-199.56699170608528,593.4140802422407,45.54645859662619,547.8676216456146,,1.1135084078331206,,0.0,0.2,-0.2,0.0,0.2,-0.2,-0.9084027252081757,-0.23057216054654142,-0.6778305646616343,0.0,0.0,0.0,0.0,1.1528608027327072,-1.1528608027327072,0.0,0.3842869342442357,-0.3842869342442357,98.0,476.0,29.054669158162042,41.80783999671451,-12.753170838552471,74.0,71.0,3.0,74.0,75.0,-1.0,0.0,0.0,0.0,0.0,0.0,1.0,0.0,0.0,0.0,0.0,0.015906240366668788,0.9845355488041846,,1.1135084078331206,1.0986122886681096,3.2188758248682006,KO,KO,1,0.4437079265000722,0.10488998812244665,0.45140208537748117
2026-10-03|Damian Pinas vs. Andrey Pulyaev,UFC 332: Silva vs. Wang,2026-10-03T00:00:00+00:00,Damian Pinas vs. Andrey Pulyaev,Damian Pinas,Andrey Pulyaev,Damian Pinas,KO,1,Middleweight Bout,900,75.0,2.0,4.0,-2.0,1.0,0.25,0.75,1.0,0.25,0.75,1.0,0.25,0.75,0.0,0.0,0.0,0.0,0.0,0.0,0.0,0.25,-0.25,6.2211981566820285,0.37052284890901604,5.850675307773012,0.0,0.7410456978180321,-0.7410456978180321,5.529953917050691,2.5195553725813093,3.010398544469382,5.529953917050691,2.9147797447509265,2.615174172299765,0.7142857142857143,0.4744186046511628,0.2398671096345515,0.3650793650793651,0.5740072202166064,-0.20892785513724133,14.516129032258064,0.7410456978180321,13.775083334440032,0.0,0.0,0.0,0.0,0.0,0.0,2.0737327188940093,1.4820913956360642,0.5916413232579452,0.0,0.0,0.0,0.8571428571428572,0.4545454545454546,0.4025974025974026,0.0,0.0,0.0,0.0,0.7410456978180321,-0.7410456978180321,107.83410138248847,41.12803622890078,66.70606515358769,126.49769585253456,284.9320708110333,-158.43437495849878,,0.9227027027027026,,1.0,0.25,0.75,1.0,0.25,0.75,0.0,-0.39522437216961714,0.39522437216961714,6.2211981566820285,0.37052284890901604,5.850675307773012,0.0,0.0,0.0,0.0,0.0,0.0,84.0,98.0,24.5617637596939,29.062882879183007,-4.501119119489108,73.0,76.0,-3.0,79.0,78.0,1.0,0.0,1.0,0.0,0.0,0.0,0.0,10.831390285964716,14.516129032258064,0.0,0.0,0.15774825315456664,2.0737327188940093,,0.9227027027027026,1.0986122886681096,1.6094379124341003,KO,KO,1,0.6648704311774117,0.11177836087883347,0.22335120794375485
2026-10-03|Deiveson Figueiredo vs. Payton Talbott,UFC 332: Silva vs. Wang,2026-10-03T00:00:00+00:00,Deiveson Figueiredo vs. Payton Talbott,Deiveson Figueiredo,Payton Talbott,Payton Talbott,KO,0,Bantamweight Bout,900,129.0,6.0,21.0,-15.0,0.8333333333333334,0.6666666666666666,0.16666666666666674,0.5,0.38095238095238093,0.11904761904761907,0.3333333333333333,0.19047619047619047,0.14285714285714285,0.16666666666666666,0.19047619047619047,-0.023809523809523808,0.0,0.09523809523809523,-0.09523809523809523,0.0,0.09523809523809523,-0.09523809523809523,0.730124391563007,0.706482632301956,0.023641759261051054,0.0,0.05887355269182966,-0.05887355269182966,5.873445105462412,2.280368940930202,3.5930761645322105,3.001622498647918,3.2537450121017857,-0.2521225134538678,0.5895765472312704,0.5310786106032906,0.05849793662797975,0.4510385756676558,0.5006024096385542,-0.04956383397089836,20.686857760951867,6.711585006868582,13.975272754083285,10.465116279069766,5.534113953031987,4.931002326037779,0.9734991887506761,1.6484594753712305,-0.6749602866205544,1.9469983775013522,4.827631320730032,-2.88063294322868,0.5,0.34146341463414637,0.15853658536585363,0.72,0.5806451612903225,0.13935483870967746,0.24337479718766902,1.2952181592202525,-1.0518433620325836,0.48674959437533805,0.23549421076731863,0.2512553836080194,199.81070849107624,151.4816510760777,48.329057414998545,314.19686316928073,157.13351213449337,157.06335103478736,1.2537262708161383,1.24706057766039,0.006665693155748276,0.8,0.2,0.6000000000000001,0.4,0.0,0.4,3.039473684210526,-2.2212189616252824,5.2606926458358085,0.8881578947368421,0.0,0.8881578947368421,1.1842105263157894,1.4221218961625282,-0.23791136984673877,0.0,0.0,0.0,301.0,126.0,28.066284728639193,38.793404382020164,-10.72711965338097,70.0,65.0,5.0,70.0,68.0,2.0,0.0,0.0,0.0,0.0,0.0,0.0,0.7731094084012817,135.17028594022364,0.3006881529720354,0.40824159528254167,0.26077357534475665,2.234393016006736,1.2537262708161383,1.24706057766039,1.9459101490553132,3.091042453358316,KO,KO,1,0.3881895285469061,0.15839834641434786,0.45341212503874606
2026-10-03|Imanol Rodriguez vs. Alden Coria,UFC 332: Silva vs. Wang,2026-10-03T00:00:00+00:00,Imanol Rodriguez vs. Alden Coria,Imanol Rodriguez,Alden Coria,Imanol Rodriguez,KO,1,Flyweight Bout,900,191.0,1.0,3.0,-2.0,1.0,1.0,0.0,1.0,0.3333333333333333,0.6666666666666667,1.0,0.3333333333333333,0.6666666666666667,0.0,0.0,0.0,0.0,0.0,0.0,0.0,0.0,0.0,1.6042780748663101,0.0,1.6042780748663101,3.2085561497326203,0.0,3.2085561497326203,4.919786096256685,4.0457703310175726,0.8740157652391121,2.3529411764705883,2.206783816918676,0.14615735955191234,0.5476190476190477,0.4156171284634761,0.13200191915557158,0.5769230769230769,0.6959459459459459,-0.11902286902286907,22.459893048128343,6.252554147936248,16.207338900192095,0.0,0.0,0.0,1.6042780748663101,2.206783816918676,-0.6025057420523658,4.81283422459893,4.0457703310175726,0.7670638935813576,0.3333333333333333,0.5454545454545454,-0.2121212121212121,,0.5625,,0.0,1.4711892112791174,-1.4711892112791174,0.0,0.7355946056395587,-0.7355946056395587,341.7112299465241,160.72742133224358,180.98380861428052,0.0,155.2104617899469,-155.2104617899469,,1.4150189202153174,,1.0,1.0,0.0,1.0,0.3333333333333333,0.6666666666666667,2.5668449197860963,1.8389865140988966,0.7278584056871997,1.6042780748663101,0.0,1.6042780748663101,1.6042780748663101,2.206783816918676,-0.6025057420523658,0.0,1.4711892112791174,-1.4711892112791174,217.0,77.0,26.883508901620157,28.444115895603606,-1.5606069939834484,,68.0,,,67.0,,0.0,0.0,0.0,0.0,0.0,1.0,1.6042780748663101,22.459893048128343,0.0,0.7018716577540107,0.4451571169761511,7.928949341002516,,1.4150189202153174,0.6931471805599453,1.3862943611198906,DEC,KO,1,0.3976044046827493,0.23033478818269676,0.3720608071345539
2026-10-03|Jacobe Smith vs. Bruce Whitehead,UFC 332: Silva vs. Wang,2026-10-03T00:00:00+00:00,Jacobe Smith vs. Bruce Whitehead,Jacobe Smith,Bruce Whitehead,Jacobe Smith,KO,1,Welterweight Bout,900,92.0,3.0,0.0,3.0,1.0,,,1.0,,,0.6666666666666666,,,0.3333333333333333,,,0.0,,,0.0,,,1.1292346298619824,,,0.0,,,6.85069008782936,,,3.6135508155583436,,,0.6319444444444444,,,0.4606741573033708,,,37.26474278544542,,,4.51693851944793,,,4.51693851944793,,,4.51693851944793,,,1.0,,,1.0,,,1.1292346298619824,,,0.0,,,423.4629861982434,,,1.1292346298619824,,,,,,1.0,,,1.0,,,3.237139272271016,,,1.1292346298619824,,,4.51693851944793,,,1.1292346298619824,,,224.0,,30.711102897390088,29.802117771069906,0.9089851263201822,70.0,,,72.0,,,1.0,0.0,0.0,0.0,0.0,0.0,,,,,,,,,1.3862943611198906,0.0,KO,KO,1,0.4486872462842822,0.10816105936180485,0.443151694353913
2026-10-03|Johnny Walker vs. Mick Parkin,UFC 332: Silva vs. Wang,2026-10-03T00:00:00+00:00,Johnny Walker vs. Mick Parkin,Johnny Walker,Mick Parkin,Johnny Walker,KO,1,Heavyweight Bout,900,215.0,15.0,5.0,10.0,0.5333333333333333,0.8,-0.2666666666666667,0.4666666666666667,0.2,0.26666666666666666,0.4,0.2,0.2,0.06666666666666667,0.0,0.06666666666666667,0.26666666666666666,0.0,0.26666666666666666,0.0,0.0,0.0,0.7128148265483922,0.236655272153563,0.47615955439482927,0.9979407571677491,0.0,0.9979407571677491,3.678124504989704,4.73310544307126,-1.054980938081556,2.8797718992555046,4.007362608466999,-1.1275907092114945,0.5294117647058824,0.49916805324459235,0.030243711461290013,0.4941569282136895,0.5974643423137876,-0.10330741410009814,13.258355773800096,3.3131738101498818,9.945181963650214,7.128148265483921,0.473310544307126,6.654837721176795,0.28512593061935687,0.946621088614252,-0.6614951579948951,0.7128148265483922,2.6032079936891925,-1.8903931671408003,0.4,0.36363636363636365,0.036363636363636376,0.5294117647058824,0.75,-0.22058823529411764,0.4276888959290353,0.0,0.4276888959290353,0.0,0.0,0.0,70.56866782829083,143.88640546936628,-73.31773764107545,158.38745445905275,37.39153300026295,120.9959214587898,0.7968324607329843,1.3048735119047619,-0.5080410511717776,0.4,0.8,-0.4,0.2,0.2,0.0,1.1510289501220787,0.7257428346042598,0.4252861155178189,0.3139169863969306,0.236655272153563,0.07726171424336761,0.3139169863969306,0.946621088614252,-0.6327041022173214,0.0,0.0,0.0,175.0,560.0,34.51131782309014,31.00405894713786,3.507258875952278,78.0,76.0,2.0,82.0,79.0,3.0,0.0,0.0,0.0,1.0,0.0,1.0,0.7128148265483922,19.533675361714945,0.4276888959290353,0.07128148265483922,0.08166724903376281,0.4276888959290353,0.7968324607329843,1.3048735119047619,2.772588722239781,1.791759469228055,KO,KO,1,0.49512977726927143,0.0853406926680822,0.41952953006264637
2026-10-03|King Green vs. Esteban Ribovics,UFC 332: Silva vs. Wang,2026-10-03T00:00:00+00:00,King Green vs. Esteban Ribovics,King Green,Esteban Ribovics,Esteban Ribovics,KO,0,Lightweight Bout,900,248.0,8.0,29.0,-21.0,0.625,0.5862068965517241,0.03879310344827591,0.25,0.27586206896551724,-0.025862068965517238,0.25,0.1724137931034483,0.07758620689655171,0.0,0.10344827586206896,-0.10344827586206896,0.0,0.1724137931034483,-0.1724137931034483,0.125,0.034482758620689655,0.09051724137931035,0.3279883381924198,0.34691629955947134,-0.01892796136705155,0.1639941690962099,0.24779735682819384,-0.08380318773198395,7.412536443148689,6.634361233480177,0.778175209668512,5.717930029154519,3.538546255506608,2.1793837736479107,0.43770174306003873,0.5486338797814208,-0.11093213672138202,0.5408252853380158,0.6210191082802548,-0.08019382294223898,4.099854227405248,10.704845814977974,-6.604991587572726,2.6239067055393583,4.01431718061674,-1.390410475077382,0.3279883381924198,1.2885462555066078,-0.960557917314188,0.49198250728862974,2.7257709251101323,-2.2337884178215024,0.6666666666666666,0.4727272727272727,0.1939393939393939,0.6607142857142857,0.7246376811594203,-0.06392339544513459,0.1639941690962099,0.2973568281938326,-0.13336265909762268,0.3279883381924198,0.2973568281938326,0.030631509998587214,31.158892128279884,130.83700440528634,-99.67811227700645,215.32434402332362,83.21035242290749,132.1139916004161,2.3537971014492753,1.3419569840904646,1.0118401173588107,0.6,0.8,-0.20000000000000007,0.2,0.6,-0.39999999999999997,1.1503697617091209,4.236588720770288,-3.086218959061167,0.0,0.8253094910591472,-0.8253094910591472,0.0,2.063273727647868,-2.063273727647868,0.0,0.4126547455295736,-0.4126547455295736,49.0,84.0,30.43457428968425,40.06653114026982,-9.631956850585567,70.0,70.0,0.0,69.0,71.0,-2.0,0.0,0.0,0.0,0.0,0.0,1.0,0.4092629814669732,20.55796949050231,0.21275895506094192,0.09031562935733299,0.03782190779080669,0.21275895506094195,2.3537971014492753,1.3419569840904646,2.1972245773362196,3.4011973816621555,DEC,KO,1,0.31993960665317045,0.05612686981172286,0.6239335235351067
2026-10-03|Marcus McGhee vs. Anthony Romero,UFC 332: Silva vs. Wang,2026-10-03T00:00:00+00:00,Marcus McGhee vs. Anthony Romero,Marcus McGhee,Anthony Romero,Marcus McGhee,KO,1,Featherweight Bout,900,298.0,6.0,0.0,6.0,0.8333333333333334,,,0.5,,,0.3333333333333333,,,0.16666666666666666,,,0.0,,,0.0,,,0.7159904534606205,,,0.0,,,5.441527446300716,,,3.643595863166269,,,0.4362244897959184,,,0.564638783269962,,,2.625298329355609,,,0.0,,,0.23866348448687352,,,2.1479713603818618,,,0.1111111111111111,,,0.9,,,0.23866348448687352,,,0.0,,,41.288782816229116,,,75.17899761336515,,,0.9105555555555553,,,0.8,,,0.4,,,1.810035842293907,,,0.5376344086021505,,,0.26881720430107525,,,0.0,,,119.0,,36.40868737893317,,,68.0,65.0,3.0,69.0,66.0,3.0,0.0,1.0,0.0,0.0,0.0,0.0,,,,,,,0.9105555555555553,,1.9459101490553132,0.0,KO,KO,1,0.39702448824346537,0.29380312652429846,0.3091723852322362
2026-10-03|Marvin Vettori vs. Ismail Naurdiev,UFC 332: Silva vs. Wang,2026-10-03T00:00:00+00:00,Marvin Vettori vs. Ismail Naurdiev,Marvin Vettori,Ismail Naurdiev,Ismail Naurdiev,DEC,0,Middleweight Bout,900,900.0,7.0,17.0,-10.0,0.5714285714285714,0.5294117647058824,0.04201680672268904,0.14285714285714285,0.11764705882352941,0.02521008403361344,0.14285714285714285,0.0,0.14285714285714285,0.0,0.11764705882352941,-0.11764705882352941,0.0,0.0,0.0,0.0,0.0,0.0,0.16405395552314983,0.051058035967549785,0.11299591955560004,0.0,0.0,0.0,3.6638716733503465,4.758608952175639,-1.094737278825293,1.7499088589135983,4.612242582401997,-2.8623337234883985,0.5283911671924291,0.4613861386138614,0.06700502857856766,0.6491228070175439,0.5523620746613809,0.096760732356163,5.413780532263945,5.003687524819878,0.4100930074440665,3.281079110462997,2.1444375106370908,1.1366415998259063,1.4764855997083484,1.4806830430589435,-0.004197443350595131,3.609187021509296,3.318772337890736,0.29041468361856015,0.4090909090909091,0.4461538461538462,-0.03706293706293706,0.7317073170731707,0.6730769230769231,0.05863039399624759,0.16405395552314983,0.3063482158052987,-0.14229426028214887,0.32810791104629966,0.0,0.32810791104629966,172.4207072548305,168.38940262097918,4.031304633851306,313.50710900473933,52.13025472286833,261.37685428187103,0.6366244725738397,0.9480198511166252,-0.31139537854278554,0.6,0.2,0.39999999999999997,0.2,0.0,0.2,1.7905588714053176,-0.7789473684210526,2.56950623982637,0.24416711882799783,0.0,0.24416711882799783,1.709169831795985,0.3157894736842105,1.3933803581117745,0.0,0.0,0.0,315.0,301.0,30.12519079789455,33.03558594632333,-2.9103951484287798,70.0,72.0,-2.0,74.0,74.0,0.0,0.0,1.0,0.0,0.0,0.0,0.0,0.16405395552314983,17.023294580007583,0.16405395552314983,0.4826972152892677,0.2026752739728875,2.786050697215092,0.6366244725738397,0.9480198511166252,2.0794415416798357,2.8903717578961645,KO,DEC,1,0.3354938468513696,0.09760313620137155,0.5669030169472589
2026-10-03|Natalia Silva vs. Wang Cong,UFC 332: Silva vs. Wang,2026-10-03T00:00:00+00:00,Natalia Silva vs. Wang Cong,Natalia Silva,Wang Cong,Natalia Silva,DEC,1,UFC Women's Flyweight Title Bout,1500,1500.0,8.0,6.0,2.0,1.0,0.8333333333333334,0.16666666666666663,0.25,0.16666666666666666,0.08333333333333334,0.25,0.16666666666666666,0.08333333333333334,0.0,0.0,0.0,0.0,0.0,0.0,0.0,0.16666666666666666,-0.16666666666666666,0.28731045490822027,0.6442376521116678,-0.35692719720344757,0.0,0.2147458840372226,-0.2147458840372226,4.807661612130886,6.843235504652827,-2.035573892521941,2.3559457302474063,2.82032927702219,-0.4643835467747839,0.4526600541027953,0.5786924939467313,-0.12603243984393597,0.6634746922024624,0.6044176706827309,0.05905702151973147,2.154828411811652,3.2211882605583395,-1.0663598487466874,0.0,0.0,0.0,0.4309656823623304,0.4294917680744452,0.0014739142878851808,1.4365522745411015,0.6442376521116678,0.7923146224294336,0.3,0.6666666666666666,-0.36666666666666664,0.9032258064516129,0.8571428571428572,0.04608294930875567,0.0,0.2147458840372226,-0.2147458840372226,0.28731045490822027,0.4294917680744452,-0.14218131316622495,52.29050279329609,63.135289906943456,-10.844787113647364,168.6512370311253,117.68074445239799,50.97049257872732,1.487023447288348,1.0871875,0.3998359472883479,1.0,0.8,0.19999999999999996,0.0,0.0,0.0,2.013333333333333,3.9525308791474933,-1.9391975458141602,0.0,0.43594090578832645,-0.43594090578832645,0.2,0.43594090578832645,-0.23594090578832644,0.0,0.21797045289416322,-0.21797045289416322,252.0,84.0,29.66248451371349,34.385374100768665,-4.722889587055175,64.0,66.0,-2.0,65.0,66.0,-1.0,1.0,1.0,1.0,0.0,1.0,1.0,0.3490091925406226,2.154828411811652,0.0,0.06156652605176146,0.06569757754379231,1.2215321738921794,1.487023447288348,1.0871875,2.1972245773362196,1.9459101490553132,DEC,DEC,1,0.25347755534105465,0.11193864255183936,0.634583802107106
2026-10-03|Rafael Dos Anjos vs. Alexander Hernandez,UFC 332: Silva vs. Wang,2026-10-03T00:00:00+00:00,Rafael Dos Anjos vs. Alexander Hernandez,Rafael Dos Anjos,Alexander Hernandez,Alexander Hernandez,KO,0,Lightweight Bout,900,492.0,18.0,36.0,-18.0,0.5555555555555556,0.5833333333333334,-0.02777777777777779,0.2777777777777778,0.25,0.02777777777777779,0.2777777777777778,0.1111111111111111,0.16666666666666669,0.0,0.1388888888888889,-0.1388888888888889,0.16666666666666666,0.1111111111111111,0.05555555555555555,0.05555555555555555,0.027777777777777776,0.027777777777777776,0.4824443848834093,0.2006433325902099,0.2818010522931994,0.16081479496113643,0.08598999968151852,0.07482479527961791,4.229429107477888,3.481639542660594,0.7477895648172934,4.45456982042348,3.233223988025096,1.2213458323983835,0.4044079958995387,0.4706794110049083,-0.0662714151053696,0.5971885603490064,0.6023501762632197,-0.00516161591421338,4.663629053872956,7.9397433039268765,-3.2761142500539204,2.653444116858751,3.525589986942259,-0.8721458700835081,1.0452961672473868,1.9491066594477533,-0.9038104922003665,2.975073706781024,5.474696646390012,-2.4996229396089884,0.35135135135135137,0.35602094240837695,-0.004669591057025579,0.6875,0.5481927710843373,0.13930722891566272,0.08040739748056822,0.5732666645434568,-0.4928592670628885,0.32162958992227286,0.05732666645434568,0.26430292346792716,116.42991155186277,235.18264912895316,-118.75273757709039,82.9804341999464,215.74890920092997,-132.76847500098359,0.9236648310117698,0.9717354497354496,-0.04807061872367979,0.8,0.2,0.6000000000000001,0.4,0.2,0.2,-0.0170261066969353,-0.6416349809885932,0.6246088742916579,0.5107832009080591,0.21387832699619772,0.2969048739118614,1.0215664018161181,1.7110266159695817,-0.6894602141534636,0.0,0.6416349809885932,-0.6416349809885932,161.0,707.0,34.004805026797264,41.93652162604297,-7.9317165992457035,69.0,68.0,1.0,72.0,70.0,2.0,0.0,1.0,0.0,0.0,0.0,0.0,0.5239297773858841,21.105672949020455,0.08501688553639875,0.47227236472020495,0.1603784528547551,3.0360546729329645,0.9236648310117698,0.9717354497354496,2.9444389791664403,3.6109179126442243,KO,KO,1,0.4211457454445492,0.13390827501576874,0.44494597953968207
2026-10-03|Roberto Soldic vs. Khaos Williams,UFC 332: Silva vs. Wang,2026-10-03T00:00:00+00:00,Roberto Soldic vs. Khaos Williams,Roberto Soldic,Khaos Williams,Roberto Soldic,DEC,1,Welterweight Bout,900,900.0,0.0,11.0,-11.0,,0.6363636363636364,,,0.45454545454545453,,,0.45454545454545453,,,0.0,,,0.0,,,0.09090909090909091,,,0.8826413860738803,,,0.0,,,4.972213141549526,,,5.3350768224910095,,,0.39241486068111453,,,0.4106175514626219,,,2.647924158221641,,,3.089244851258581,,,0.0,,,0.2942137953579601,,,0.0,,,0.5172413793103448,,,0.0,,,1.1768551814318404,,,108.71199738476626,,,114.30205949656751,,,1.1701303391444238,,,0.6,,,0.4,,,-1.9340496480177842,,,0.6669136717302705,,,0.0,,,0.0,,,140.0,31.688535698884987,32.512645707988526,-0.8241100091035385,,72.0,,,77.0,,0.0,0.0,0.0,0.0,0.0,0.0,,,,,,,,1.1701303391444238,0.0,2.4849066497880004,KO,DEC,1,0.45769331986196415,0.17747849747985558,0.3648281826581803
